solid ASCII
  facet normal -9.990212e-01 -4.423335e-02 -0.000000e+00
    outer loop
      vertex   7.470651e+00 6.628508e-01 3.315000e+01
      vertex   7.470651e+00 6.628508e-01 1.981667e+01
      vertex   7.500000e+00 9.184851e-16 3.315000e+01
    endloop
  endfacet
  facet normal -9.990212e-01 -4.423335e-02 6.094150e-18
    outer loop
      vertex   7.500000e+00 9.184851e-16 3.315000e+01
      vertex   7.470651e+00 6.628508e-01 1.981667e+01
      vertex   7.500000e+00 -9.184851e-16 1.981667e+01
    endloop
  endfacet
  facet normal -9.990212e-01 4.423335e-02 -6.094150e-18
    outer loop
      vertex   7.500000e+00 9.184851e-16 3.315000e+01
      vertex   7.500000e+00 -9.184851e-16 1.981667e+01
      vertex   7.470651e+00 -6.628508e-01 3.315000e+01
    endloop
  endfacet
  facet normal -9.990212e-01 4.423335e-02 0.000000e+00
    outer loop
      vertex   7.470651e+00 -6.628508e-01 3.315000e+01
      vertex   7.500000e+00 -9.184851e-16 1.981667e+01
      vertex   7.470651e+00 -6.628508e-01 1.981667e+01
    endloop
  endfacet
  facet normal -9.912025e-01 1.323539e-01 0.000000e+00
    outer loop
      vertex   7.470651e+00 -6.628508e-01 3.315000e+01
      vertex   7.470651e+00 -6.628508e-01 1.981667e+01
      vertex   7.382834e+00 -1.320514e+00 3.315000e+01
    endloop
  endfacet
  facet normal -9.912025e-01 1.323539e-01 0.000000e+00
    outer loop
      vertex   7.382834e+00 -1.320514e+00 3.315000e+01
      vertex   7.470651e+00 -6.628508e-01 1.981667e+01
      vertex   7.382834e+00 -1.320514e+00 1.981667e+01
    endloop
  endfacet
  facet normal -9.756263e-01 2.194385e-01 0.000000e+00
    outer loop
      vertex   7.382834e+00 -1.320514e+00 3.315000e+01
      vertex   7.382834e+00 -1.320514e+00 1.981667e+01
      vertex   7.237237e+00 -1.967842e+00 3.315000e+01
    endloop
  endfacet
  facet normal -9.756263e-01 2.194385e-01 0.000000e+00
    outer loop
      vertex   7.237237e+00 -1.967842e+00 3.315000e+01
      vertex   7.382834e+00 -1.320514e+00 1.981667e+01
      vertex   7.237237e+00 -1.967842e+00 1.981667e+01
    endloop
  endfacet
  facet normal -9.524145e-01 3.048058e-01 0.000000e+00
    outer loop
      vertex   7.237237e+00 -1.967842e+00 3.315000e+01
      vertex   7.237237e+00 -1.967842e+00 1.981667e+01
      vertex   7.034998e+00 -2.599769e+00 3.315000e+01
    endloop
  endfacet
  facet normal -9.524145e-01 3.048058e-01 0.000000e+00
    outer loop
      vertex   7.034998e+00 -2.599769e+00 3.315000e+01
      vertex   7.237237e+00 -1.967842e+00 1.981667e+01
      vertex   7.034998e+00 -2.599769e+00 1.981667e+01
    endloop
  endfacet
  facet normal -9.217488e-01 3.877875e-01 0.000000e+00
    outer loop
      vertex   7.034998e+00 -2.599769e+00 3.315000e+01
      vertex   7.034998e+00 -2.599769e+00 1.981667e+01
      vertex   6.777701e+00 -3.211350e+00 3.315000e+01
    endloop
  endfacet
  facet normal -9.217488e-01 3.877875e-01 0.000000e+00
    outer loop
      vertex   6.777701e+00 -3.211350e+00 3.315000e+01
      vertex   7.034998e+00 -2.599769e+00 1.981667e+01
      vertex   6.777701e+00 -3.211350e+00 1.981667e+01
    endloop
  endfacet
  facet normal -8.838691e-01 4.677343e-01 0.000000e+00
    outer loop
      vertex   6.777701e+00 -3.211350e+00 3.315000e+01
      vertex   6.777701e+00 -3.211350e+00 1.981667e+01
      vertex   6.467359e+00 -3.797797e+00 3.315000e+01
    endloop
  endfacet
  facet normal -8.838691e-01 4.677343e-01 0.000000e+00
    outer loop
      vertex   6.467359e+00 -3.797797e+00 3.315000e+01
      vertex   6.777701e+00 -3.211350e+00 1.981667e+01
      vertex   6.467359e+00 -3.797797e+00 1.981667e+01
    endloop
  endfacet
  facet normal -8.390720e-01 5.440204e-01 0.000000e+00
    outer loop
      vertex   6.467359e+00 -3.797797e+00 3.315000e+01
      vertex   6.467359e+00 -3.797797e+00 1.981667e+01
      vertex   6.106402e+00 -4.354522e+00 3.315000e+01
    endloop
  endfacet
  facet normal -8.390720e-01 5.440204e-01 0.000000e+00
    outer loop
      vertex   6.106402e+00 -4.354522e+00 3.315000e+01
      vertex   6.467359e+00 -3.797797e+00 1.981667e+01
      vertex   6.106402e+00 -4.354522e+00 1.981667e+01
    endloop
  endfacet
  facet normal -7.877080e-01 6.160488e-01 0.000000e+00
    outer loop
      vertex   6.106402e+00 -4.354522e+00 3.315000e+01
      vertex   6.106402e+00 -4.354522e+00 1.981667e+01
      vertex   5.697653e+00 -4.877166e+00 3.315000e+01
    endloop
  endfacet
  facet normal -7.877080e-01 6.160488e-01 0.000000e+00
    outer loop
      vertex   5.697653e+00 -4.877166e+00 3.315000e+01
      vertex   6.106402e+00 -4.354522e+00 1.981667e+01
      vertex   5.697653e+00 -4.877166e+00 1.981667e+01
    endloop
  endfacet
  facet normal -7.301791e-01 6.832558e-01 0.000000e+00
    outer loop
      vertex   5.697653e+00 -4.877166e+00 3.315000e+01
      vertex   5.697653e+00 -4.877166e+00 1.981667e+01
      vertex   5.244313e+00 -5.361640e+00 3.315000e+01
    endloop
  endfacet
  facet normal -7.301791e-01 6.832558e-01 0.000000e+00
    outer loop
      vertex   5.244313e+00 -5.361640e+00 3.315000e+01
      vertex   5.697653e+00 -4.877166e+00 1.981667e+01
      vertex   5.244313e+00 -5.361640e+00 1.981667e+01
    endloop
  endfacet
  facet normal -6.669355e-01 7.451154e-01 0.000000e+00
    outer loop
      vertex   5.244313e+00 -5.361640e+00 3.315000e+01
      vertex   5.244313e+00 -5.361640e+00 1.981667e+01
      vertex   4.749929e+00 -5.804152e+00 3.315000e+01
    endloop
  endfacet
  facet normal -6.669355e-01 7.451154e-01 0.000000e+00
    outer loop
      vertex   4.749929e+00 -5.804152e+00 3.315000e+01
      vertex   5.244313e+00 -5.361640e+00 1.981667e+01
      vertex   4.749929e+00 -5.804152e+00 1.981667e+01
    endloop
  endfacet
  facet normal -5.984723e-01 8.011435e-01 0.000000e+00
    outer loop
      vertex   4.749929e+00 -5.804152e+00 3.315000e+01
      vertex   4.749929e+00 -5.804152e+00 1.981667e+01
      vertex   4.218370e+00 -6.201238e+00 3.315000e+01
    endloop
  endfacet
  facet normal -5.984723e-01 8.011435e-01 0.000000e+00
    outer loop
      vertex   4.218370e+00 -6.201238e+00 3.315000e+01
      vertex   4.749929e+00 -5.804152e+00 1.981667e+01
      vertex   4.218370e+00 -6.201238e+00 1.981667e+01
    endloop
  endfacet
  facet normal -5.253252e-01 8.509015e-01 0.000000e+00
    outer loop
      vertex   4.218370e+00 -6.201238e+00 3.315000e+01
      vertex   4.218370e+00 -6.201238e+00 1.981667e+01
      vertex   3.653796e+00 -6.549792e+00 3.315000e+01
    endloop
  endfacet
  facet normal -5.253252e-01 8.509015e-01 0.000000e+00
    outer loop
      vertex   3.653796e+00 -6.549792e+00 3.315000e+01
      vertex   4.218370e+00 -6.201238e+00 1.981667e+01
      vertex   3.653796e+00 -6.549792e+00 1.981667e+01
    endloop
  endfacet
  facet normal -4.480668e-01 8.940001e-01 0.000000e+00
    outer loop
      vertex   3.653796e+00 -6.549792e+00 3.315000e+01
      vertex   3.653796e+00 -6.549792e+00 1.981667e+01
      vertex   3.060627e+00 -6.847084e+00 3.315000e+01
    endloop
  endfacet
  facet normal -4.480668e-01 8.940001e-01 0.000000e+00
    outer loop
      vertex   3.060627e+00 -6.847084e+00 3.315000e+01
      vertex   3.653796e+00 -6.549792e+00 1.981667e+01
      vertex   3.060627e+00 -6.847084e+00 1.981667e+01
    endloop
  endfacet
  facet normal -3.673016e-01 9.301019e-01 0.000000e+00
    outer loop
      vertex   3.060627e+00 -6.847084e+00 3.315000e+01
      vertex   3.060627e+00 -6.847084e+00 1.981667e+01
      vertex   2.443504e+00 -7.090789e+00 3.315000e+01
    endloop
  endfacet
  facet normal -3.673016e-01 9.301019e-01 0.000000e+00
    outer loop
      vertex   2.443504e+00 -7.090789e+00 3.315000e+01
      vertex   3.060627e+00 -6.847084e+00 1.981667e+01
      vertex   2.443504e+00 -7.090789e+00 1.981667e+01
    endloop
  endfacet
  facet normal -2.836618e-01 9.589244e-01 0.000000e+00
    outer loop
      vertex   2.443504e+00 -7.090789e+00 3.315000e+01
      vertex   2.443504e+00 -7.090789e+00 1.981667e+01
      vertex   1.807258e+00 -7.278999e+00 3.315000e+01
    endloop
  endfacet
  facet normal -2.836618e-01 9.589244e-01 0.000000e+00
    outer loop
      vertex   1.807258e+00 -7.278999e+00 3.315000e+01
      vertex   2.443504e+00 -7.090789e+00 1.981667e+01
      vertex   1.807258e+00 -7.278999e+00 1.981667e+01
    endloop
  endfacet
  facet normal -1.978019e-01 9.802420e-01 0.000000e+00
    outer loop
      vertex   1.807258e+00 -7.278999e+00 3.315000e+01
      vertex   1.807258e+00 -7.278999e+00 1.981667e+01
      vertex   1.156867e+00 -7.410240e+00 3.315000e+01
    endloop
  endfacet
  facet normal -1.978019e-01 9.802420e-01 2.635251e-17
    outer loop
      vertex   1.156867e+00 -7.410240e+00 3.315000e+01
      vertex   1.807258e+00 -7.278999e+00 1.981667e+01
      vertex   1.156867e+00 -7.410240e+00 1.981667e+01
    endloop
  endfacet
  facet normal -1.103940e-01 9.938879e-01 1.470743e-17
    outer loop
      vertex   1.156867e+00 -7.410240e+00 3.315000e+01
      vertex   1.156867e+00 -7.410240e+00 1.981667e+01
      vertex   4.974222e-01 -7.483487e+00 3.315000e+01
    endloop
  endfacet
  facet normal -1.103940e-01 9.938879e-01 0.000000e+00
    outer loop
      vertex   4.974222e-01 -7.483487e+00 3.315000e+01
      vertex   1.156867e+00 -7.410240e+00 1.981667e+01
      vertex   4.974222e-01 -7.483487e+00 1.981667e+01
    endloop
  endfacet
  facet normal -2.212209e-02 9.997553e-01 0.000000e+00
    outer loop
      vertex   4.974222e-01 -7.483487e+00 3.315000e+01
      vertex   4.974222e-01 -7.483487e+00 1.981667e+01
      vertex   -1.659157e-01 -7.498165e+00 3.315000e+01
    endloop
  endfacet
  facet normal -2.212209e-02 9.997553e-01 0.000000e+00
    outer loop
      vertex   -1.659157e-01 -7.498165e+00 3.315000e+01
      vertex   4.974222e-01 -7.483487e+00 1.981667e+01
      vertex   -1.659157e-01 -7.498165e+00 1.981667e+01
    endloop
  endfacet
  facet normal 6.632296e-02 9.977982e-01 0.000000e+00
    outer loop
      vertex   -1.659157e-01 -7.498165e+00 3.315000e+01
      vertex   -1.659157e-01 -7.498165e+00 1.981667e+01
      vertex   -8.279550e-01 -7.454159e+00 3.315000e+01
    endloop
  endfacet
  facet normal 6.632296e-02 9.977982e-01 0.000000e+00
    outer loop
      vertex   -8.279550e-01 -7.454159e+00 3.315000e+01
      vertex   -1.659157e-01 -7.498165e+00 1.981667e+01
      vertex   -8.279550e-01 -7.454159e+00 1.981667e+01
    endloop
  endfacet
  facet normal 1.542489e-01 9.880320e-01 0.000000e+00
    outer loop
      vertex   -8.279550e-01 -7.454159e+00 3.315000e+01
      vertex   -8.279550e-01 -7.454159e+00 1.981667e+01
      vertex   -1.483514e+00 -7.351815e+00 3.315000e+01
    endloop
  endfacet
  facet normal 1.542489e-01 9.880320e-01 -2.055009e-17
    outer loop
      vertex   -1.483514e+00 -7.351815e+00 3.315000e+01
      vertex   -8.279550e-01 -7.454159e+00 1.981667e+01
      vertex   -1.483514e+00 -7.351815e+00 1.981667e+01
    endloop
  endfacet
  facet normal 2.409677e-01 9.705331e-01 -3.210335e-17
    outer loop
      vertex   -1.483514e+00 -7.351815e+00 3.315000e+01
      vertex   -1.483514e+00 -7.351815e+00 1.981667e+01
      vertex   -2.127463e+00 -7.191933e+00 3.315000e+01
    endloop
  endfacet
  facet normal 2.409677e-01 9.705331e-01 0.000000e+00
    outer loop
      vertex   -2.127463e+00 -7.191933e+00 3.315000e+01
      vertex   -1.483514e+00 -7.351815e+00 1.981667e+01
      vertex   -2.127463e+00 -7.191933e+00 1.981667e+01
    endloop
  endfacet
  facet normal 3.258006e-01 9.454385e-01 0.000000e+00
    outer loop
      vertex   -2.127463e+00 -7.191933e+00 3.315000e+01
      vertex   -2.127463e+00 -7.191933e+00 1.981667e+01
      vertex   -2.754762e+00 -6.975764e+00 3.315000e+01
    endloop
  endfacet
  facet normal 3.258006e-01 9.454385e-01 0.000000e+00
    outer loop
      vertex   -2.754762e+00 -6.975764e+00 3.315000e+01
      vertex   -2.127463e+00 -7.191933e+00 1.981667e+01
      vertex   -2.754762e+00 -6.975764e+00 1.981667e+01
    endloop
  endfacet
  facet normal 4.080836e-01 9.129446e-01 0.000000e+00
    outer loop
      vertex   -2.754762e+00 -6.975764e+00 3.315000e+01
      vertex   -2.754762e+00 -6.975764e+00 1.981667e+01
      vertex   -3.360501e+00 -6.705001e+00 3.315000e+01
    endloop
  endfacet
  facet normal 4.080836e-01 9.129446e-01 -2.003858e-17
    outer loop
      vertex   -3.360501e+00 -6.705001e+00 3.315000e+01
      vertex   -2.754762e+00 -6.975764e+00 1.981667e+01
      vertex   -3.360501e+00 -6.705001e+00 1.981667e+01
    endloop
  endfacet
  facet normal 4.871728e-01 8.733056e-01 -9.495491e-18
    outer loop
      vertex   -3.360501e+00 -6.705001e+00 3.315000e+01
      vertex   -3.360501e+00 -6.705001e+00 1.981667e+01
      vertex   -3.939939e+00 -6.381761e+00 3.315000e+01
    endloop
  endfacet
  facet normal 4.871728e-01 8.733056e-01 0.000000e+00
    outer loop
      vertex   -3.939939e+00 -6.381761e+00 3.315000e+01
      vertex   -3.360501e+00 -6.705001e+00 1.981667e+01
      vertex   -3.939939e+00 -6.381761e+00 1.981667e+01
    endloop
  endfacet
  facet normal 5.624493e-01 8.268318e-01 0.000000e+00
    outer loop
      vertex   -3.939939e+00 -6.381761e+00 3.315000e+01
      vertex   -3.939939e+00 -6.381761e+00 1.981667e+01
      vertex   -4.488542e+00 -6.008576e+00 3.315000e+01
    endloop
  endfacet
  facet normal 5.624493e-01 8.268318e-01 -5.507806e-17
    outer loop
      vertex   -4.488542e+00 -6.008576e+00 3.315000e+01
      vertex   -3.939939e+00 -6.381761e+00 1.981667e+01
      vertex   -4.488542e+00 -6.008576e+00 1.981667e+01
    endloop
  endfacet
  facet normal 6.333238e-01 7.738869e-01 -5.155122e-17
    outer loop
      vertex   -4.488542e+00 -6.008576e+00 3.315000e+01
      vertex   -4.488542e+00 -6.008576e+00 1.981667e+01
      vertex   -5.002016e+00 -5.588366e+00 3.315000e+01
    endloop
  endfacet
  facet normal 6.333238e-01 7.738869e-01 0.000000e+00
    outer loop
      vertex   -5.002016e+00 -5.588366e+00 3.315000e+01
      vertex   -4.488542e+00 -6.008576e+00 1.981667e+01
      vertex   -5.002016e+00 -5.588366e+00 1.981667e+01
    endloop
  endfacet
  facet normal 6.992417e-01 7.148853e-01 0.000000e+00
    outer loop
      vertex   -5.002016e+00 -5.588366e+00 3.315000e+01
      vertex   -5.002016e+00 -5.588366e+00 1.981667e+01
      vertex   -5.476343e+00 -5.124419e+00 3.315000e+01
    endloop
  endfacet
  facet normal 6.992417e-01 7.148853e-01 0.000000e+00
    outer loop
      vertex   -5.476343e+00 -5.124419e+00 3.315000e+01
      vertex   -5.002016e+00 -5.588366e+00 1.981667e+01
      vertex   -5.476343e+00 -5.124419e+00 1.981667e+01
    endloop
  endfacet
  facet normal 7.596871e-01 6.502888e-01 0.000000e+00
    outer loop
      vertex   -5.476343e+00 -5.124419e+00 3.315000e+01
      vertex   -5.476343e+00 -5.124419e+00 1.981667e+01
      vertex   -5.907810e+00 -4.620366e+00 3.315000e+01
    endloop
  endfacet
  facet normal 7.596871e-01 6.502888e-01 0.000000e+00
    outer loop
      vertex   -5.907810e+00 -4.620366e+00 3.315000e+01
      vertex   -5.476343e+00 -5.124419e+00 1.981667e+01
      vertex   -5.907810e+00 -4.620366e+00 1.981667e+01
    endloop
  endfacet
  facet normal 8.141869e-01 5.806029e-01 0.000000e+00
    outer loop
      vertex   -5.907810e+00 -4.620366e+00 3.315000e+01
      vertex   -5.907810e+00 -4.620366e+00 1.981667e+01
      vertex   -6.293040e+00 -4.080153e+00 3.315000e+01
    endloop
  endfacet
  facet normal 8.141869e-01 5.806029e-01 0.000000e+00
    outer loop
      vertex   -6.293040e+00 -4.080153e+00 3.315000e+01
      vertex   -5.907810e+00 -4.620366e+00 1.981667e+01
      vertex   -6.293040e+00 -4.080153e+00 1.981667e+01
    endloop
  endfacet
  facet normal 8.623146e-01 5.063730e-01 0.000000e+00
    outer loop
      vertex   -6.293040e+00 -4.080153e+00 3.315000e+01
      vertex   -6.293040e+00 -4.080153e+00 1.981667e+01
      vertex   -6.629018e+00 -3.508007e+00 3.315000e+01
    endloop
  endfacet
  facet normal 8.623146e-01 5.063730e-01 0.000000e+00
    outer loop
      vertex   -6.629018e+00 -3.508007e+00 3.315000e+01
      vertex   -6.293040e+00 -4.080153e+00 1.981667e+01
      vertex   -6.629018e+00 -3.508007e+00 1.981667e+01
    endloop
  endfacet
  facet normal 9.036935e-01 4.281800e-01 0.000000e+00
    outer loop
      vertex   -6.629018e+00 -3.508007e+00 3.315000e+01
      vertex   -6.629018e+00 -3.508007e+00 1.981667e+01
      vertex   -6.913116e+00 -2.908406e+00 3.315000e+01
    endloop
  endfacet
  facet normal 9.036935e-01 4.281800e-01 -3.167556e-17
    outer loop
      vertex   -6.913116e+00 -2.908406e+00 3.315000e+01
      vertex   -6.629018e+00 -3.508007e+00 1.981667e+01
      vertex   -6.913116e+00 -2.908406e+00 1.981667e+01
    endloop
  endfacet
  facet normal 9.379998e-01 3.466359e-01 -3.939275e-17
    outer loop
      vertex   -6.913116e+00 -2.908406e+00 3.315000e+01
      vertex   -6.913116e+00 -2.908406e+00 1.981667e+01
      vertex   -7.143109e+00 -2.286043e+00 3.315000e+01
    endloop
  endfacet
  facet normal 9.379998e-01 3.466359e-01 0.000000e+00
    outer loop
      vertex   -7.143109e+00 -2.286043e+00 3.315000e+01
      vertex   -6.913116e+00 -2.908406e+00 1.981667e+01
      vertex   -7.143109e+00 -2.286043e+00 1.981667e+01
    endloop
  endfacet
  facet normal 9.649649e-01 2.623790e-01 0.000000e+00
    outer loop
      vertex   -7.143109e+00 -2.286043e+00 3.315000e+01
      vertex   -7.143109e+00 -2.286043e+00 1.981667e+01
      vertex   -7.317197e+00 -1.645789e+00 3.315000e+01
    endloop
  endfacet
  facet normal 9.649649e-01 2.623790e-01 8.738975e-18
    outer loop
      vertex   -7.317197e+00 -1.645789e+00 3.315000e+01
      vertex   -7.143109e+00 -2.286043e+00 1.981667e+01
      vertex   -7.317197e+00 -1.645789e+00 1.981667e+01
    endloop
  endfacet
  facet normal 9.843779e-01 1.760685e-01 5.864260e-18
    outer loop
      vertex   -7.317197e+00 -1.645789e+00 3.315000e+01
      vertex   -7.317197e+00 -1.645789e+00 1.981667e+01
      vertex   -7.434019e+00 -9.926539e-01 3.315000e+01
    endloop
  endfacet
  facet normal 9.843779e-01 1.760685e-01 0.000000e+00
    outer loop
      vertex   -7.434019e+00 -9.926539e-01 3.315000e+01
      vertex   -7.317197e+00 -1.645789e+00 1.981667e+01
      vertex   -7.434019e+00 -9.926539e-01 1.981667e+01
    endloop
  endfacet
  facet normal 9.960868e-01 8.838010e-02 0.000000e+00
    outer loop
      vertex   -7.434019e+00 -9.926539e-01 3.315000e+01
      vertex   -7.434019e+00 -9.926539e-01 1.981667e+01
      vertex   -7.492659e+00 -3.317501e-01 3.315000e+01
    endloop
  endfacet
  facet normal 9.960868e-01 8.838010e-02 0.000000e+00
    outer loop
      vertex   -7.492659e+00 -3.317501e-01 3.315000e+01
      vertex   -7.434019e+00 -9.926539e-01 1.981667e+01
      vertex   -7.492659e+00 -3.317501e-01 1.981667e+01
    endloop
  endfacet
  facet normal 1.000000e+00 -0.000000e+00 0.000000e+00
    outer loop
      vertex   -7.492659e+00 -3.317501e-01 3.315000e+01
      vertex   -7.492659e+00 -3.317501e-01 1.981667e+01
      vertex   -7.492659e+00 3.317501e-01 3.315000e+01
    endloop
  endfacet
  facet normal 1.000000e+00 0.000000e+00 0.000000e+00
    outer loop
      vertex   -7.492659e+00 3.317501e-01 3.315000e+01
      vertex   -7.492659e+00 -3.317501e-01 1.981667e+01
      vertex   -7.492659e+00 3.317501e-01 1.981667e+01
    endloop
  endfacet
  facet normal 9.960868e-01 -8.838010e-02 0.000000e+00
    outer loop
      vertex   -7.492659e+00 3.317501e-01 3.315000e+01
      vertex   -7.492659e+00 3.317501e-01 1.981667e+01
      vertex   -7.434019e+00 9.926539e-01 3.315000e+01
    endloop
  endfacet
  facet normal 9.960868e-01 -8.838010e-02 0.000000e+00
    outer loop
      vertex   -7.434019e+00 9.926539e-01 3.315000e+01
      vertex   -7.492659e+00 3.317501e-01 1.981667e+01
      vertex   -7.434019e+00 9.926539e-01 1.981667e+01
    endloop
  endfacet
  facet normal 9.843779e-01 -1.760685e-01 0.000000e+00
    outer loop
      vertex   -7.434019e+00 9.926539e-01 3.315000e+01
      vertex   -7.434019e+00 9.926539e-01 1.981667e+01
      vertex   -7.317197e+00 1.645789e+00 3.315000e+01
    endloop
  endfacet
  facet normal 9.843779e-01 -1.760685e-01 5.864260e-18
    outer loop
      vertex   -7.317197e+00 1.645789e+00 3.315000e+01
      vertex   -7.434019e+00 9.926539e-01 1.981667e+01
      vertex   -7.317197e+00 1.645789e+00 1.981667e+01
    endloop
  endfacet
  facet normal 9.649649e-01 -2.623790e-01 8.738975e-18
    outer loop
      vertex   -7.317197e+00 1.645789e+00 3.315000e+01
      vertex   -7.317197e+00 1.645789e+00 1.981667e+01
      vertex   -7.143109e+00 2.286043e+00 3.315000e+01
    endloop
  endfacet
  facet normal 9.649649e-01 -2.623790e-01 0.000000e+00
    outer loop
      vertex   -7.143109e+00 2.286043e+00 3.315000e+01
      vertex   -7.317197e+00 1.645789e+00 1.981667e+01
      vertex   -7.143109e+00 2.286043e+00 1.981667e+01
    endloop
  endfacet
  facet normal 9.379998e-01 -3.466359e-01 0.000000e+00
    outer loop
      vertex   -7.143109e+00 2.286043e+00 3.315000e+01
      vertex   -7.143109e+00 2.286043e+00 1.981667e+01
      vertex   -6.913116e+00 2.908406e+00 3.315000e+01
    endloop
  endfacet
  facet normal 9.379998e-01 -3.466359e-01 -2.309059e-17
    outer loop
      vertex   -6.913116e+00 2.908406e+00 3.315000e+01
      vertex   -7.143109e+00 2.286043e+00 1.981667e+01
      vertex   -6.913116e+00 2.908406e+00 1.981667e+01
    endloop
  endfacet
  facet normal 9.036935e-01 -4.281800e-01 -2.852252e-17
    outer loop
      vertex   -6.913116e+00 2.908406e+00 3.315000e+01
      vertex   -6.913116e+00 2.908406e+00 1.981667e+01
      vertex   -6.629018e+00 3.508007e+00 3.315000e+01
    endloop
  endfacet
  facet normal 9.036935e-01 -4.281800e-01 0.000000e+00
    outer loop
      vertex   -6.629018e+00 3.508007e+00 3.315000e+01
      vertex   -6.913116e+00 2.908406e+00 1.981667e+01
      vertex   -6.629018e+00 3.508007e+00 1.981667e+01
    endloop
  endfacet
  facet normal 8.623146e-01 -5.063730e-01 0.000000e+00
    outer loop
      vertex   -6.629018e+00 3.508007e+00 3.315000e+01
      vertex   -6.629018e+00 3.508007e+00 1.981667e+01
      vertex   -6.293040e+00 4.080153e+00 3.315000e+01
    endloop
  endfacet
  facet normal 8.623146e-01 -5.063730e-01 0.000000e+00
    outer loop
      vertex   -6.293040e+00 4.080153e+00 3.315000e+01
      vertex   -6.629018e+00 3.508007e+00 1.981667e+01
      vertex   -6.293040e+00 4.080153e+00 1.981667e+01
    endloop
  endfacet
  facet normal 8.141869e-01 -5.806029e-01 0.000000e+00
    outer loop
      vertex   -6.293040e+00 4.080153e+00 3.315000e+01
      vertex   -6.293040e+00 4.080153e+00 1.981667e+01
      vertex   -5.907810e+00 4.620366e+00 3.315000e+01
    endloop
  endfacet
  facet normal 8.141869e-01 -5.806029e-01 0.000000e+00
    outer loop
      vertex   -5.907810e+00 4.620366e+00 3.315000e+01
      vertex   -6.293040e+00 4.080153e+00 1.981667e+01
      vertex   -5.907810e+00 4.620366e+00 1.981667e+01
    endloop
  endfacet
  facet normal 7.596871e-01 -6.502888e-01 0.000000e+00
    outer loop
      vertex   -5.907810e+00 4.620366e+00 3.315000e+01
      vertex   -5.907810e+00 4.620366e+00 1.981667e+01
      vertex   -5.476343e+00 5.124419e+00 3.315000e+01
    endloop
  endfacet
  facet normal 7.596871e-01 -6.502888e-01 0.000000e+00
    outer loop
      vertex   -5.476343e+00 5.124419e+00 3.315000e+01
      vertex   -5.907810e+00 4.620366e+00 1.981667e+01
      vertex   -5.476343e+00 5.124419e+00 1.981667e+01
    endloop
  endfacet
  facet normal 6.992417e-01 -7.148853e-01 0.000000e+00
    outer loop
      vertex   -5.476343e+00 5.124419e+00 3.315000e+01
      vertex   -5.476343e+00 5.124419e+00 1.981667e+01
      vertex   -5.002016e+00 5.588366e+00 3.315000e+01
    endloop
  endfacet
  facet normal 6.992417e-01 -7.148853e-01 0.000000e+00
    outer loop
      vertex   -5.002016e+00 5.588366e+00 3.315000e+01
      vertex   -5.476343e+00 5.124419e+00 1.981667e+01
      vertex   -5.002016e+00 5.588366e+00 1.981667e+01
    endloop
  endfacet
  facet normal 6.333238e-01 -7.738869e-01 0.000000e+00
    outer loop
      vertex   -5.002016e+00 5.588366e+00 3.315000e+01
      vertex   -5.002016e+00 5.588366e+00 1.981667e+01
      vertex   -4.488542e+00 6.008576e+00 3.315000e+01
    endloop
  endfacet
  facet normal 6.333238e-01 -7.738869e-01 -5.155122e-17
    outer loop
      vertex   -4.488542e+00 6.008576e+00 3.315000e+01
      vertex   -5.002016e+00 5.588366e+00 1.981667e+01
      vertex   -4.488542e+00 6.008576e+00 1.981667e+01
    endloop
  endfacet
  facet normal 5.624493e-01 -8.268318e-01 -5.507806e-17
    outer loop
      vertex   -4.488542e+00 6.008576e+00 3.315000e+01
      vertex   -4.488542e+00 6.008576e+00 1.981667e+01
      vertex   -3.939939e+00 6.381761e+00 3.315000e+01
    endloop
  endfacet
  facet normal 5.624493e-01 -8.268318e-01 0.000000e+00
    outer loop
      vertex   -3.939939e+00 6.381761e+00 3.315000e+01
      vertex   -4.488542e+00 6.008576e+00 1.981667e+01
      vertex   -3.939939e+00 6.381761e+00 1.981667e+01
    endloop
  endfacet
  facet normal 4.871728e-01 -8.733056e-01 0.000000e+00
    outer loop
      vertex   -3.939939e+00 6.381761e+00 3.315000e+01
      vertex   -3.939939e+00 6.381761e+00 1.981667e+01
      vertex   -3.360501e+00 6.705001e+00 3.315000e+01
    endloop
  endfacet
  facet normal 4.871728e-01 -8.733056e-01 -6.490446e-17
    outer loop
      vertex   -3.360501e+00 6.705001e+00 3.315000e+01
      vertex   -3.939939e+00 6.381761e+00 1.981667e+01
      vertex   -3.360501e+00 6.705001e+00 1.981667e+01
    endloop
  endfacet
  facet normal 4.080836e-01 -9.129446e-01 -5.436766e-17
    outer loop
      vertex   -3.360501e+00 6.705001e+00 3.315000e+01
      vertex   -3.360501e+00 6.705001e+00 1.981667e+01
      vertex   -2.754762e+00 6.975764e+00 3.315000e+01
    endloop
  endfacet
  facet normal 4.080836e-01 -9.129446e-01 0.000000e+00
    outer loop
      vertex   -2.754762e+00 6.975764e+00 3.315000e+01
      vertex   -3.360501e+00 6.705001e+00 1.981667e+01
      vertex   -2.754762e+00 6.975764e+00 1.981667e+01
    endloop
  endfacet
  facet normal 3.258006e-01 -9.454385e-01 0.000000e+00
    outer loop
      vertex   -2.754762e+00 6.975764e+00 3.315000e+01
      vertex   -2.754762e+00 6.975764e+00 1.981667e+01
      vertex   -2.127463e+00 7.191933e+00 3.315000e+01
    endloop
  endfacet
  facet normal 3.258006e-01 -9.454385e-01 0.000000e+00
    outer loop
      vertex   -2.127463e+00 7.191933e+00 3.315000e+01
      vertex   -2.754762e+00 6.975764e+00 1.981667e+01
      vertex   -2.127463e+00 7.191933e+00 1.981667e+01
    endloop
  endfacet
  facet normal 2.409677e-01 -9.705331e-01 0.000000e+00
    outer loop
      vertex   -2.127463e+00 7.191933e+00 3.315000e+01
      vertex   -2.127463e+00 7.191933e+00 1.981667e+01
      vertex   -1.483514e+00 7.351815e+00 3.315000e+01
    endloop
  endfacet
  facet normal 2.409677e-01 -9.705331e-01 -3.656007e-17
    outer loop
      vertex   -1.483514e+00 7.351815e+00 3.315000e+01
      vertex   -2.127463e+00 7.191933e+00 1.981667e+01
      vertex   -1.483514e+00 7.351815e+00 1.981667e+01
    endloop
  endfacet
  facet normal 1.542489e-01 -9.880320e-01 -4.783483e-17
    outer loop
      vertex   -1.483514e+00 7.351815e+00 3.315000e+01
      vertex   -1.483514e+00 7.351815e+00 1.981667e+01
      vertex   -8.279550e-01 7.454159e+00 3.315000e+01
    endloop
  endfacet
  facet normal 1.542489e-01 -9.880320e-01 0.000000e+00
    outer loop
      vertex   -8.279550e-01 7.454159e+00 3.315000e+01
      vertex   -1.483514e+00 7.351815e+00 1.981667e+01
      vertex   -8.279550e-01 7.454159e+00 1.981667e+01
    endloop
  endfacet
  facet normal 6.632296e-02 -9.977982e-01 0.000000e+00
    outer loop
      vertex   -8.279550e-01 7.454159e+00 3.315000e+01
      vertex   -8.279550e-01 7.454159e+00 1.981667e+01
      vertex   -1.659157e-01 7.498165e+00 3.315000e+01
    endloop
  endfacet
  facet normal 6.632296e-02 -9.977982e-01 0.000000e+00
    outer loop
      vertex   -1.659157e-01 7.498165e+00 3.315000e+01
      vertex   -8.279550e-01 7.454159e+00 1.981667e+01
      vertex   -1.659157e-01 7.498165e+00 1.981667e+01
    endloop
  endfacet
  facet normal -2.212209e-02 -9.997553e-01 -0.000000e+00
    outer loop
      vertex   -1.659157e-01 7.498165e+00 3.315000e+01
      vertex   -1.659157e-01 7.498165e+00 1.981667e+01
      vertex   4.974222e-01 7.483487e+00 3.315000e+01
    endloop
  endfacet
  facet normal -2.212209e-02 -9.997553e-01 -0.000000e+00
    outer loop
      vertex   4.974222e-01 7.483487e+00 3.315000e+01
      vertex   -1.659157e-01 7.498165e+00 1.981667e+01
      vertex   4.974222e-01 7.483487e+00 1.981667e+01
    endloop
  endfacet
  facet normal -1.103940e-01 -9.938879e-01 -0.000000e+00
    outer loop
      vertex   4.974222e-01 7.483487e+00 3.315000e+01
      vertex   4.974222e-01 7.483487e+00 1.981667e+01
      vertex   1.156867e+00 7.410240e+00 3.315000e+01
    endloop
  endfacet
  facet normal -1.103940e-01 -9.938879e-01 -1.286901e-17
    outer loop
      vertex   1.156867e+00 7.410240e+00 3.315000e+01
      vertex   4.974222e-01 7.483487e+00 1.981667e+01
      vertex   1.156867e+00 7.410240e+00 1.981667e+01
    endloop
  endfacet
  facet normal -1.978019e-01 -9.802420e-01 -2.305845e-17
    outer loop
      vertex   1.156867e+00 7.410240e+00 3.315000e+01
      vertex   1.156867e+00 7.410240e+00 1.981667e+01
      vertex   1.807258e+00 7.278999e+00 3.315000e+01
    endloop
  endfacet
  facet normal -1.978019e-01 -9.802420e-01 -0.000000e+00
    outer loop
      vertex   1.807258e+00 7.278999e+00 3.315000e+01
      vertex   1.156867e+00 7.410240e+00 1.981667e+01
      vertex   1.807258e+00 7.278999e+00 1.981667e+01
    endloop
  endfacet
  facet normal -2.836618e-01 -9.589244e-01 -0.000000e+00
    outer loop
      vertex   1.807258e+00 7.278999e+00 3.315000e+01
      vertex   1.807258e+00 7.278999e+00 1.981667e+01
      vertex   2.443504e+00 7.090789e+00 3.315000e+01
    endloop
  endfacet
  facet normal -2.836618e-01 -9.589244e-01 -0.000000e+00
    outer loop
      vertex   2.443504e+00 7.090789e+00 3.315000e+01
      vertex   1.807258e+00 7.278999e+00 1.981667e+01
      vertex   2.443504e+00 7.090789e+00 1.981667e+01
    endloop
  endfacet
  facet normal -3.673016e-01 -9.301019e-01 -0.000000e+00
    outer loop
      vertex   2.443504e+00 7.090789e+00 3.315000e+01
      vertex   2.443504e+00 7.090789e+00 1.981667e+01
      vertex   3.060627e+00 6.847084e+00 3.315000e+01
    endloop
  endfacet
  facet normal -3.673016e-01 -9.301019e-01 -0.000000e+00
    outer loop
      vertex   3.060627e+00 6.847084e+00 3.315000e+01
      vertex   2.443504e+00 7.090789e+00 1.981667e+01
      vertex   3.060627e+00 6.847084e+00 1.981667e+01
    endloop
  endfacet
  facet normal -4.480668e-01 -8.940001e-01 -0.000000e+00
    outer loop
      vertex   3.060627e+00 6.847084e+00 3.315000e+01
      vertex   3.060627e+00 6.847084e+00 1.981667e+01
      vertex   3.653796e+00 6.549792e+00 3.315000e+01
    endloop
  endfacet
  facet normal -4.480668e-01 -8.940001e-01 -0.000000e+00
    outer loop
      vertex   3.653796e+00 6.549792e+00 3.315000e+01
      vertex   3.060627e+00 6.847084e+00 1.981667e+01
      vertex   3.653796e+00 6.549792e+00 1.981667e+01
    endloop
  endfacet
  facet normal -5.253252e-01 -8.509015e-01 -0.000000e+00
    outer loop
      vertex   3.653796e+00 6.549792e+00 3.315000e+01
      vertex   3.653796e+00 6.549792e+00 1.981667e+01
      vertex   4.218370e+00 6.201238e+00 3.315000e+01
    endloop
  endfacet
  facet normal -5.253252e-01 -8.509015e-01 -0.000000e+00
    outer loop
      vertex   4.218370e+00 6.201238e+00 3.315000e+01
      vertex   3.653796e+00 6.549792e+00 1.981667e+01
      vertex   4.218370e+00 6.201238e+00 1.981667e+01
    endloop
  endfacet
  facet normal -5.984723e-01 -8.011435e-01 -0.000000e+00
    outer loop
      vertex   4.218370e+00 6.201238e+00 3.315000e+01
      vertex   4.218370e+00 6.201238e+00 1.981667e+01
      vertex   4.749929e+00 5.804152e+00 3.315000e+01
    endloop
  endfacet
  facet normal -5.984723e-01 -8.011435e-01 -0.000000e+00
    outer loop
      vertex   4.749929e+00 5.804152e+00 3.315000e+01
      vertex   4.218370e+00 6.201238e+00 1.981667e+01
      vertex   4.749929e+00 5.804152e+00 1.981667e+01
    endloop
  endfacet
  facet normal -6.669355e-01 -7.451154e-01 -0.000000e+00
    outer loop
      vertex   4.749929e+00 5.804152e+00 3.315000e+01
      vertex   4.749929e+00 5.804152e+00 1.981667e+01
      vertex   5.244313e+00 5.361640e+00 3.315000e+01
    endloop
  endfacet
  facet normal -6.669355e-01 -7.451154e-01 -0.000000e+00
    outer loop
      vertex   5.244313e+00 5.361640e+00 3.315000e+01
      vertex   4.749929e+00 5.804152e+00 1.981667e+01
      vertex   5.244313e+00 5.361640e+00 1.981667e+01
    endloop
  endfacet
  facet normal -7.301791e-01 -6.832558e-01 -0.000000e+00
    outer loop
      vertex   5.244313e+00 5.361640e+00 3.315000e+01
      vertex   5.244313e+00 5.361640e+00 1.981667e+01
      vertex   5.697653e+00 4.877166e+00 3.315000e+01
    endloop
  endfacet
  facet normal -7.301791e-01 -6.832558e-01 -0.000000e+00
    outer loop
      vertex   5.697653e+00 4.877166e+00 3.315000e+01
      vertex   5.244313e+00 5.361640e+00 1.981667e+01
      vertex   5.697653e+00 4.877166e+00 1.981667e+01
    endloop
  endfacet
  facet normal -7.877080e-01 -6.160488e-01 -0.000000e+00
    outer loop
      vertex   5.697653e+00 4.877166e+00 3.315000e+01
      vertex   5.697653e+00 4.877166e+00 1.981667e+01
      vertex   6.106402e+00 4.354522e+00 3.315000e+01
    endloop
  endfacet
  facet normal -7.877080e-01 -6.160488e-01 -0.000000e+00
    outer loop
      vertex   6.106402e+00 4.354522e+00 3.315000e+01
      vertex   5.697653e+00 4.877166e+00 1.981667e+01
      vertex   6.106402e+00 4.354522e+00 1.981667e+01
    endloop
  endfacet
  facet normal -8.390720e-01 -5.440204e-01 -0.000000e+00
    outer loop
      vertex   6.106402e+00 4.354522e+00 3.315000e+01
      vertex   6.106402e+00 4.354522e+00 1.981667e+01
      vertex   6.467359e+00 3.797797e+00 3.315000e+01
    endloop
  endfacet
  facet normal -8.390720e-01 -5.440204e-01 -0.000000e+00
    outer loop
      vertex   6.467359e+00 3.797797e+00 3.315000e+01
      vertex   6.106402e+00 4.354522e+00 1.981667e+01
      vertex   6.467359e+00 3.797797e+00 1.981667e+01
    endloop
  endfacet
  facet normal -8.838691e-01 -4.677343e-01 -0.000000e+00
    outer loop
      vertex   6.467359e+00 3.797797e+00 3.315000e+01
      vertex   6.467359e+00 3.797797e+00 1.981667e+01
      vertex   6.777701e+00 3.211350e+00 3.315000e+01
    endloop
  endfacet
  facet normal -8.838691e-01 -4.677343e-01 -0.000000e+00
    outer loop
      vertex   6.777701e+00 3.211350e+00 3.315000e+01
      vertex   6.467359e+00 3.797797e+00 1.981667e+01
      vertex   6.777701e+00 3.211350e+00 1.981667e+01
    endloop
  endfacet
  facet normal -9.217488e-01 -3.877875e-01 -0.000000e+00
    outer loop
      vertex   6.777701e+00 3.211350e+00 3.315000e+01
      vertex   6.777701e+00 3.211350e+00 1.981667e+01
      vertex   7.034998e+00 2.599769e+00 3.315000e+01
    endloop
  endfacet
  facet normal -9.217488e-01 -3.877875e-01 -0.000000e+00
    outer loop
      vertex   7.034998e+00 2.599769e+00 3.315000e+01
      vertex   6.777701e+00 3.211350e+00 1.981667e+01
      vertex   7.034998e+00 2.599769e+00 1.981667e+01
    endloop
  endfacet
  facet normal -9.524145e-01 -3.048058e-01 -0.000000e+00
    outer loop
      vertex   7.034998e+00 2.599769e+00 3.315000e+01
      vertex   7.034998e+00 2.599769e+00 1.981667e+01
      vertex   7.237237e+00 1.967842e+00 3.315000e+01
    endloop
  endfacet
  facet normal -9.524145e-01 -3.048058e-01 -0.000000e+00
    outer loop
      vertex   7.237237e+00 1.967842e+00 3.315000e+01
      vertex   7.034998e+00 2.599769e+00 1.981667e+01
      vertex   7.237237e+00 1.967842e+00 1.981667e+01
    endloop
  endfacet
  facet normal -9.756263e-01 -2.194385e-01 -0.000000e+00
    outer loop
      vertex   7.237237e+00 1.967842e+00 3.315000e+01
      vertex   7.237237e+00 1.967842e+00 1.981667e+01
      vertex   7.382834e+00 1.320514e+00 3.315000e+01
    endloop
  endfacet
  facet normal -9.756263e-01 -2.194385e-01 -0.000000e+00
    outer loop
      vertex   7.382834e+00 1.320514e+00 3.315000e+01
      vertex   7.237237e+00 1.967842e+00 1.981667e+01
      vertex   7.382834e+00 1.320514e+00 1.981667e+01
    endloop
  endfacet
  facet normal -9.912025e-01 -1.323539e-01 -0.000000e+00
    outer loop
      vertex   7.382834e+00 1.320514e+00 3.315000e+01
      vertex   7.382834e+00 1.320514e+00 1.981667e+01
      vertex   7.470651e+00 6.628508e-01 3.315000e+01
    endloop
  endfacet
  facet normal -9.912025e-01 -1.323539e-01 -0.000000e+00
    outer loop
      vertex   7.470651e+00 6.628508e-01 3.315000e+01
      vertex   7.382834e+00 1.320514e+00 1.981667e+01
      vertex   7.470651e+00 6.628508e-01 1.981667e+01
    endloop
  endfacet
  facet normal -9.990212e-01 4.423335e-02 0.000000e+00
    outer loop
      vertex   7.470651e+00 -6.628508e-01 -6.850000e+00
      vertex   7.470651e+00 -6.628508e-01 6.483333e+00
      vertex   7.500000e+00 9.184851e-16 -6.850000e+00
    endloop
  endfacet
  facet normal -9.990212e-01 4.423335e-02 6.094150e-18
    outer loop
      vertex   7.500000e+00 9.184851e-16 -6.850000e+00
      vertex   7.470651e+00 -6.628508e-01 6.483333e+00
      vertex   7.500000e+00 -9.184851e-16 6.483333e+00
    endloop
  endfacet
  facet normal -9.990212e-01 -4.423335e-02 -6.094150e-18
    outer loop
      vertex   7.500000e+00 9.184851e-16 -6.850000e+00
      vertex   7.500000e+00 -9.184851e-16 6.483333e+00
      vertex   7.470651e+00 6.628508e-01 -6.850000e+00
    endloop
  endfacet
  facet normal -9.990212e-01 -4.423335e-02 -1.104950e-17
    outer loop
      vertex   7.470651e+00 6.628508e-01 -6.850000e+00
      vertex   7.500000e+00 -9.184851e-16 6.483333e+00
      vertex   7.470651e+00 6.628508e-01 6.483333e+00
    endloop
  endfacet
  facet normal -9.912025e-01 -1.323539e-01 -3.306202e-17
    outer loop
      vertex   7.470651e+00 6.628508e-01 -6.850000e+00
      vertex   7.470651e+00 6.628508e-01 6.483333e+00
      vertex   7.382834e+00 1.320514e+00 -6.850000e+00
    endloop
  endfacet
  facet normal -9.912025e-01 -1.323539e-01 -3.296534e-17
    outer loop
      vertex   7.382834e+00 1.320514e+00 -6.850000e+00
      vertex   7.470651e+00 6.628508e-01 6.483333e+00
      vertex   7.382834e+00 1.320514e+00 6.483333e+00
    endloop
  endfacet
  facet normal -9.756263e-01 -2.194385e-01 -1.017399e-17
    outer loop
      vertex   7.382834e+00 1.320514e+00 -6.850000e+00
      vertex   7.382834e+00 1.320514e+00 6.483333e+00
      vertex   7.237237e+00 1.967842e+00 -6.850000e+00
    endloop
  endfacet
  facet normal -9.756263e-01 -2.194385e-01 0.000000e+00
    outer loop
      vertex   7.237237e+00 1.967842e+00 -6.850000e+00
      vertex   7.382834e+00 1.320514e+00 6.483333e+00
      vertex   7.237237e+00 1.967842e+00 6.483333e+00
    endloop
  endfacet
  facet normal -9.524145e-01 -3.048058e-01 0.000000e+00
    outer loop
      vertex   7.237237e+00 1.967842e+00 -6.850000e+00
      vertex   7.237237e+00 1.967842e+00 6.483333e+00
      vertex   7.034998e+00 2.599769e+00 -6.850000e+00
    endloop
  endfacet
  facet normal -9.524145e-01 -3.048058e-01 0.000000e+00
    outer loop
      vertex   7.034998e+00 2.599769e+00 -6.850000e+00
      vertex   7.237237e+00 1.967842e+00 6.483333e+00
      vertex   7.034998e+00 2.599769e+00 6.483333e+00
    endloop
  endfacet
  facet normal -9.217488e-01 -3.877875e-01 0.000000e+00
    outer loop
      vertex   7.034998e+00 2.599769e+00 -6.850000e+00
      vertex   7.034998e+00 2.599769e+00 6.483333e+00
      vertex   6.777701e+00 3.211350e+00 -6.850000e+00
    endloop
  endfacet
  facet normal -9.217488e-01 -3.877875e-01 -1.609471e-17
    outer loop
      vertex   6.777701e+00 3.211350e+00 -6.850000e+00
      vertex   7.034998e+00 2.599769e+00 6.483333e+00
      vertex   6.777701e+00 3.211350e+00 6.483333e+00
    endloop
  endfacet
  facet normal -8.838691e-01 -4.677343e-01 -3.459457e-17
    outer loop
      vertex   6.777701e+00 3.211350e+00 -6.850000e+00
      vertex   6.777701e+00 3.211350e+00 6.483333e+00
      vertex   6.467359e+00 3.797797e+00 -6.850000e+00
    endloop
  endfacet
  facet normal -8.838691e-01 -4.677343e-01 0.000000e+00
    outer loop
      vertex   6.467359e+00 3.797797e+00 -6.850000e+00
      vertex   6.777701e+00 3.211350e+00 6.483333e+00
      vertex   6.467359e+00 3.797797e+00 6.483333e+00
    endloop
  endfacet
  facet normal -8.390720e-01 -5.440204e-01 0.000000e+00
    outer loop
      vertex   6.467359e+00 3.797797e+00 -6.850000e+00
      vertex   6.467359e+00 3.797797e+00 6.483333e+00
      vertex   6.106402e+00 4.354522e+00 -6.850000e+00
    endloop
  endfacet
  facet normal -8.390720e-01 -5.440204e-01 0.000000e+00
    outer loop
      vertex   6.106402e+00 4.354522e+00 -6.850000e+00
      vertex   6.467359e+00 3.797797e+00 6.483333e+00
      vertex   6.106402e+00 4.354522e+00 6.483333e+00
    endloop
  endfacet
  facet normal -7.877080e-01 -6.160488e-01 0.000000e+00
    outer loop
      vertex   6.106402e+00 4.354522e+00 -6.850000e+00
      vertex   6.106402e+00 4.354522e+00 6.483333e+00
      vertex   5.697653e+00 4.877166e+00 -6.850000e+00
    endloop
  endfacet
  facet normal -7.877080e-01 -6.160488e-01 0.000000e+00
    outer loop
      vertex   5.697653e+00 4.877166e+00 -6.850000e+00
      vertex   6.106402e+00 4.354522e+00 6.483333e+00
      vertex   5.697653e+00 4.877166e+00 6.483333e+00
    endloop
  endfacet
  facet normal -7.301791e-01 -6.832558e-01 0.000000e+00
    outer loop
      vertex   5.697653e+00 4.877166e+00 -6.850000e+00
      vertex   5.697653e+00 4.877166e+00 6.483333e+00
      vertex   5.244313e+00 5.361640e+00 -6.850000e+00
    endloop
  endfacet
  facet normal -7.301791e-01 -6.832558e-01 -1.035308e-16
    outer loop
      vertex   5.244313e+00 5.361640e+00 -6.850000e+00
      vertex   5.697653e+00 4.877166e+00 6.483333e+00
      vertex   5.244313e+00 5.361640e+00 6.483333e+00
    endloop
  endfacet
  facet normal -6.669355e-01 -7.451154e-01 -7.843801e-17
    outer loop
      vertex   5.244313e+00 5.361640e+00 -6.850000e+00
      vertex   5.244313e+00 5.361640e+00 6.483333e+00
      vertex   4.749929e+00 5.804152e+00 -6.850000e+00
    endloop
  endfacet
  facet normal -6.669355e-01 -7.451154e-01 0.000000e+00
    outer loop
      vertex   4.749929e+00 5.804152e+00 -6.850000e+00
      vertex   5.244313e+00 5.361640e+00 6.483333e+00
      vertex   4.749929e+00 5.804152e+00 6.483333e+00
    endloop
  endfacet
  facet normal -5.984723e-01 -8.011435e-01 0.000000e+00
    outer loop
      vertex   4.749929e+00 5.804152e+00 -6.850000e+00
      vertex   4.749929e+00 5.804152e+00 6.483333e+00
      vertex   4.218370e+00 6.201238e+00 -6.850000e+00
    endloop
  endfacet
  facet normal -5.984723e-01 -8.011435e-01 0.000000e+00
    outer loop
      vertex   4.218370e+00 6.201238e+00 -6.850000e+00
      vertex   4.749929e+00 5.804152e+00 6.483333e+00
      vertex   4.218370e+00 6.201238e+00 6.483333e+00
    endloop
  endfacet
  facet normal -5.253252e-01 -8.509015e-01 0.000000e+00
    outer loop
      vertex   4.218370e+00 6.201238e+00 -6.850000e+00
      vertex   4.218370e+00 6.201238e+00 6.483333e+00
      vertex   3.653796e+00 6.549792e+00 -6.850000e+00
    endloop
  endfacet
  facet normal -5.253252e-01 -8.509015e-01 -4.756636e-17
    outer loop
      vertex   3.653796e+00 6.549792e+00 -6.850000e+00
      vertex   4.218370e+00 6.201238e+00 6.483333e+00
      vertex   3.653796e+00 6.549792e+00 6.483333e+00
    endloop
  endfacet
  facet normal -4.480668e-01 -8.940001e-01 -7.419175e-17
    outer loop
      vertex   3.653796e+00 6.549792e+00 -6.850000e+00
      vertex   3.653796e+00 6.549792e+00 6.483333e+00
      vertex   3.060627e+00 6.847084e+00 -6.850000e+00
    endloop
  endfacet
  facet normal -4.480668e-01 -8.940001e-01 -5.969449e-17
    outer loop
      vertex   3.060627e+00 6.847084e+00 -6.850000e+00
      vertex   3.653796e+00 6.549792e+00 6.483333e+00
      vertex   3.060627e+00 6.847084e+00 6.483333e+00
    endloop
  endfacet
  facet normal -3.673016e-01 -9.301019e-01 -4.893440e-17
    outer loop
      vertex   3.060627e+00 6.847084e+00 -6.850000e+00
      vertex   3.060627e+00 6.847084e+00 6.483333e+00
      vertex   2.443504e+00 7.090789e+00 -6.850000e+00
    endloop
  endfacet
  facet normal -3.673016e-01 -9.301019e-01 0.000000e+00
    outer loop
      vertex   2.443504e+00 7.090789e+00 -6.850000e+00
      vertex   3.060627e+00 6.847084e+00 6.483333e+00
      vertex   2.443504e+00 7.090789e+00 6.483333e+00
    endloop
  endfacet
  facet normal -2.836618e-01 -9.589244e-01 0.000000e+00
    outer loop
      vertex   2.443504e+00 7.090789e+00 -6.850000e+00
      vertex   2.443504e+00 7.090789e+00 6.483333e+00
      vertex   1.807258e+00 7.278999e+00 -6.850000e+00
    endloop
  endfacet
  facet normal -2.836618e-01 -9.589244e-01 3.306742e-17
    outer loop
      vertex   1.807258e+00 7.278999e+00 -6.850000e+00
      vertex   2.443504e+00 7.090789e+00 6.483333e+00
      vertex   1.807258e+00 7.278999e+00 6.483333e+00
    endloop
  endfacet
  facet normal -1.978019e-01 -9.802420e-01 2.305845e-17
    outer loop
      vertex   1.807258e+00 7.278999e+00 -6.850000e+00
      vertex   1.807258e+00 7.278999e+00 6.483333e+00
      vertex   1.156867e+00 7.410240e+00 -6.850000e+00
    endloop
  endfacet
  facet normal -1.978019e-01 -9.802420e-01 0.000000e+00
    outer loop
      vertex   1.156867e+00 7.410240e+00 -6.850000e+00
      vertex   1.807258e+00 7.278999e+00 6.483333e+00
      vertex   1.156867e+00 7.410240e+00 6.483333e+00
    endloop
  endfacet
  facet normal -1.103940e-01 -9.938879e-01 0.000000e+00
    outer loop
      vertex   1.156867e+00 7.410240e+00 -6.850000e+00
      vertex   1.156867e+00 7.410240e+00 6.483333e+00
      vertex   4.974222e-01 7.483487e+00 -6.850000e+00
    endloop
  endfacet
  facet normal -1.103940e-01 -9.938879e-01 -1.378822e-17
    outer loop
      vertex   4.974222e-01 7.483487e+00 -6.850000e+00
      vertex   1.156867e+00 7.410240e+00 6.483333e+00
      vertex   4.974222e-01 7.483487e+00 6.483333e+00
    endloop
  endfacet
  facet normal -2.212209e-02 -9.997553e-01 -2.763051e-18
    outer loop
      vertex   4.974222e-01 7.483487e+00 -6.850000e+00
      vertex   4.974222e-01 7.483487e+00 6.483333e+00
      vertex   -1.659157e-01 7.498165e+00 -6.850000e+00
    endloop
  endfacet
  facet normal -2.212209e-02 -9.997553e-01 0.000000e+00
    outer loop
      vertex   -1.659157e-01 7.498165e+00 -6.850000e+00
      vertex   4.974222e-01 7.483487e+00 6.483333e+00
      vertex   -1.659157e-01 7.498165e+00 6.483333e+00
    endloop
  endfacet
  facet normal 6.632296e-02 -9.977982e-01 0.000000e+00
    outer loop
      vertex   -1.659157e-01 7.498165e+00 -6.850000e+00
      vertex   -1.659157e-01 7.498165e+00 6.483333e+00
      vertex   -8.279550e-01 7.454159e+00 -6.850000e+00
    endloop
  endfacet
  facet normal 6.632296e-02 -9.977982e-01 -8.283743e-18
    outer loop
      vertex   -8.279550e-01 7.454159e+00 -6.850000e+00
      vertex   -1.659157e-01 7.498165e+00 6.483333e+00
      vertex   -8.279550e-01 7.454159e+00 6.483333e+00
    endloop
  endfacet
  facet normal 1.542489e-01 -9.880320e-01 -1.926571e-17
    outer loop
      vertex   -8.279550e-01 7.454159e+00 -6.850000e+00
      vertex   -8.279550e-01 7.454159e+00 6.483333e+00
      vertex   -1.483514e+00 7.351815e+00 -6.850000e+00
    endloop
  endfacet
  facet normal 1.542489e-01 -9.880320e-01 0.000000e+00
    outer loop
      vertex   -1.483514e+00 7.351815e+00 -6.850000e+00
      vertex   -8.279550e-01 7.454159e+00 6.483333e+00
      vertex   -1.483514e+00 7.351815e+00 6.483333e+00
    endloop
  endfacet
  facet normal 2.409677e-01 -9.705331e-01 0.000000e+00
    outer loop
      vertex   -1.483514e+00 7.351815e+00 -6.850000e+00
      vertex   -1.483514e+00 7.351815e+00 6.483333e+00
      vertex   -2.127463e+00 7.191933e+00 -6.850000e+00
    endloop
  endfacet
  facet normal 2.409677e-01 -9.705331e-01 0.000000e+00
    outer loop
      vertex   -2.127463e+00 7.191933e+00 -6.850000e+00
      vertex   -1.483514e+00 7.351815e+00 6.483333e+00
      vertex   -2.127463e+00 7.191933e+00 6.483333e+00
    endloop
  endfacet
  facet normal 3.258006e-01 -9.454385e-01 0.000000e+00
    outer loop
      vertex   -2.127463e+00 7.191933e+00 -6.850000e+00
      vertex   -2.127463e+00 7.191933e+00 6.483333e+00
      vertex   -2.754762e+00 6.975764e+00 -6.850000e+00
    endloop
  endfacet
  facet normal 3.258006e-01 -9.454385e-01 3.042484e-17
    outer loop
      vertex   -2.754762e+00 6.975764e+00 -6.850000e+00
      vertex   -2.127463e+00 7.191933e+00 6.483333e+00
      vertex   -2.754762e+00 6.975764e+00 6.483333e+00
    endloop
  endfacet
  facet normal 4.080836e-01 -9.129446e-01 2.003858e-17
    outer loop
      vertex   -2.754762e+00 6.975764e+00 -6.850000e+00
      vertex   -2.754762e+00 6.975764e+00 6.483333e+00
      vertex   -3.360501e+00 6.705001e+00 -6.850000e+00
    endloop
  endfacet
  facet normal 4.080836e-01 -9.129446e-01 0.000000e+00
    outer loop
      vertex   -3.360501e+00 6.705001e+00 -6.850000e+00
      vertex   -2.754762e+00 6.975764e+00 6.483333e+00
      vertex   -3.360501e+00 6.705001e+00 6.483333e+00
    endloop
  endfacet
  facet normal 4.871728e-01 -8.733056e-01 0.000000e+00
    outer loop
      vertex   -3.360501e+00 6.705001e+00 -6.850000e+00
      vertex   -3.360501e+00 6.705001e+00 6.483333e+00
      vertex   -3.939939e+00 6.381761e+00 -6.850000e+00
    endloop
  endfacet
  facet normal 4.871728e-01 -8.733056e-01 0.000000e+00
    outer loop
      vertex   -3.939939e+00 6.381761e+00 -6.850000e+00
      vertex   -3.360501e+00 6.705001e+00 6.483333e+00
      vertex   -3.939939e+00 6.381761e+00 6.483333e+00
    endloop
  endfacet
  facet normal 5.624493e-01 -8.268318e-01 0.000000e+00
    outer loop
      vertex   -3.939939e+00 6.381761e+00 -6.850000e+00
      vertex   -3.939939e+00 6.381761e+00 6.483333e+00
      vertex   -4.488542e+00 6.008576e+00 -6.850000e+00
    endloop
  endfacet
  facet normal 5.624493e-01 -8.268318e-01 5.507806e-17
    outer loop
      vertex   -4.488542e+00 6.008576e+00 -6.850000e+00
      vertex   -3.939939e+00 6.381761e+00 6.483333e+00
      vertex   -4.488542e+00 6.008576e+00 6.483333e+00
    endloop
  endfacet
  facet normal 6.333238e-01 -7.738869e-01 5.155122e-17
    outer loop
      vertex   -4.488542e+00 6.008576e+00 -6.850000e+00
      vertex   -4.488542e+00 6.008576e+00 6.483333e+00
      vertex   -5.002016e+00 5.588366e+00 -6.850000e+00
    endloop
  endfacet
  facet normal 6.333238e-01 -7.738869e-01 0.000000e+00
    outer loop
      vertex   -5.002016e+00 5.588366e+00 -6.850000e+00
      vertex   -4.488542e+00 6.008576e+00 6.483333e+00
      vertex   -5.002016e+00 5.588366e+00 6.483333e+00
    endloop
  endfacet
  facet normal 6.992417e-01 -7.148853e-01 0.000000e+00
    outer loop
      vertex   -5.002016e+00 5.588366e+00 -6.850000e+00
      vertex   -5.002016e+00 5.588366e+00 6.483333e+00
      vertex   -5.476343e+00 5.124419e+00 -6.850000e+00
    endloop
  endfacet
  facet normal 6.992417e-01 -7.148853e-01 0.000000e+00
    outer loop
      vertex   -5.476343e+00 5.124419e+00 -6.850000e+00
      vertex   -5.002016e+00 5.588366e+00 6.483333e+00
      vertex   -5.476343e+00 5.124419e+00 6.483333e+00
    endloop
  endfacet
  facet normal 7.596871e-01 -6.502888e-01 0.000000e+00
    outer loop
      vertex   -5.476343e+00 5.124419e+00 -6.850000e+00
      vertex   -5.476343e+00 5.124419e+00 6.483333e+00
      vertex   -5.907810e+00 4.620366e+00 -6.850000e+00
    endloop
  endfacet
  facet normal 7.596871e-01 -6.502888e-01 0.000000e+00
    outer loop
      vertex   -5.907810e+00 4.620366e+00 -6.850000e+00
      vertex   -5.476343e+00 5.124419e+00 6.483333e+00
      vertex   -5.907810e+00 4.620366e+00 6.483333e+00
    endloop
  endfacet
  facet normal 8.141869e-01 -5.806029e-01 0.000000e+00
    outer loop
      vertex   -5.907810e+00 4.620366e+00 -6.850000e+00
      vertex   -5.907810e+00 4.620366e+00 6.483333e+00
      vertex   -6.293040e+00 4.080153e+00 -6.850000e+00
    endloop
  endfacet
  facet normal 8.141869e-01 -5.806029e-01 0.000000e+00
    outer loop
      vertex   -6.293040e+00 4.080153e+00 -6.850000e+00
      vertex   -5.907810e+00 4.620366e+00 6.483333e+00
      vertex   -6.293040e+00 4.080153e+00 6.483333e+00
    endloop
  endfacet
  facet normal 8.623146e-01 -5.063730e-01 0.000000e+00
    outer loop
      vertex   -6.293040e+00 4.080153e+00 -6.850000e+00
      vertex   -6.293040e+00 4.080153e+00 6.483333e+00
      vertex   -6.629018e+00 3.508007e+00 -6.850000e+00
    endloop
  endfacet
  facet normal 8.623146e-01 -5.063730e-01 0.000000e+00
    outer loop
      vertex   -6.629018e+00 3.508007e+00 -6.850000e+00
      vertex   -6.293040e+00 4.080153e+00 6.483333e+00
      vertex   -6.629018e+00 3.508007e+00 6.483333e+00
    endloop
  endfacet
  facet normal 9.036935e-01 -4.281800e-01 0.000000e+00
    outer loop
      vertex   -6.629018e+00 3.508007e+00 -6.850000e+00
      vertex   -6.629018e+00 3.508007e+00 6.483333e+00
      vertex   -6.913116e+00 2.908406e+00 -6.850000e+00
    endloop
  endfacet
  facet normal 9.036935e-01 -4.281800e-01 4.593682e-17
    outer loop
      vertex   -6.913116e+00 2.908406e+00 -6.850000e+00
      vertex   -6.629018e+00 3.508007e+00 6.483333e+00
      vertex   -6.913116e+00 2.908406e+00 6.483333e+00
    endloop
  endfacet
  facet normal 9.379998e-01 -3.466359e-01 5.093804e-17
    outer loop
      vertex   -6.913116e+00 2.908406e+00 -6.850000e+00
      vertex   -6.913116e+00 2.908406e+00 6.483333e+00
      vertex   -7.143109e+00 2.286043e+00 -6.850000e+00
    endloop
  endfacet
  facet normal 9.379998e-01 -3.466359e-01 0.000000e+00
    outer loop
      vertex   -7.143109e+00 2.286043e+00 -6.850000e+00
      vertex   -6.913116e+00 2.908406e+00 6.483333e+00
      vertex   -7.143109e+00 2.286043e+00 6.483333e+00
    endloop
  endfacet
  facet normal 9.649649e-01 -2.623790e-01 0.000000e+00
    outer loop
      vertex   -7.143109e+00 2.286043e+00 -6.850000e+00
      vertex   -7.143109e+00 2.286043e+00 6.483333e+00
      vertex   -7.317197e+00 1.645789e+00 -6.850000e+00
    endloop
  endfacet
  facet normal 9.649649e-01 -2.623790e-01 -8.738975e-18
    outer loop
      vertex   -7.317197e+00 1.645789e+00 -6.850000e+00
      vertex   -7.143109e+00 2.286043e+00 6.483333e+00
      vertex   -7.317197e+00 1.645789e+00 6.483333e+00
    endloop
  endfacet
  facet normal 9.843779e-01 -1.760685e-01 -5.864260e-18
    outer loop
      vertex   -7.317197e+00 1.645789e+00 -6.850000e+00
      vertex   -7.317197e+00 1.645789e+00 6.483333e+00
      vertex   -7.434019e+00 9.926539e-01 -6.850000e+00
    endloop
  endfacet
  facet normal 9.843779e-01 -1.760685e-01 0.000000e+00
    outer loop
      vertex   -7.434019e+00 9.926539e-01 -6.850000e+00
      vertex   -7.317197e+00 1.645789e+00 6.483333e+00
      vertex   -7.434019e+00 9.926539e-01 6.483333e+00
    endloop
  endfacet
  facet normal 9.960868e-01 -8.838010e-02 0.000000e+00
    outer loop
      vertex   -7.434019e+00 9.926539e-01 -6.850000e+00
      vertex   -7.434019e+00 9.926539e-01 6.483333e+00
      vertex   -7.492659e+00 3.317501e-01 -6.850000e+00
    endloop
  endfacet
  facet normal 9.960868e-01 -8.838010e-02 0.000000e+00
    outer loop
      vertex   -7.492659e+00 3.317501e-01 -6.850000e+00
      vertex   -7.434019e+00 9.926539e-01 6.483333e+00
      vertex   -7.492659e+00 3.317501e-01 6.483333e+00
    endloop
  endfacet
  facet normal 1.000000e+00 0.000000e+00 -0.000000e+00
    outer loop
      vertex   -7.492659e+00 3.317501e-01 -6.850000e+00
      vertex   -7.492659e+00 3.317501e-01 6.483333e+00
      vertex   -7.492659e+00 -3.317501e-01 -6.850000e+00
    endloop
  endfacet
  facet normal 1.000000e+00 0.000000e+00 0.000000e+00
    outer loop
      vertex   -7.492659e+00 -3.317501e-01 -6.850000e+00
      vertex   -7.492659e+00 3.317501e-01 6.483333e+00
      vertex   -7.492659e+00 -3.317501e-01 6.483333e+00
    endloop
  endfacet
  facet normal 9.960868e-01 8.838010e-02 -0.000000e+00
    outer loop
      vertex   -7.492659e+00 -3.317501e-01 -6.850000e+00
      vertex   -7.492659e+00 -3.317501e-01 6.483333e+00
      vertex   -7.434019e+00 -9.926539e-01 -6.850000e+00
    endloop
  endfacet
  facet normal 9.960868e-01 8.838010e-02 -0.000000e+00
    outer loop
      vertex   -7.434019e+00 -9.926539e-01 -6.850000e+00
      vertex   -7.492659e+00 -3.317501e-01 6.483333e+00
      vertex   -7.434019e+00 -9.926539e-01 6.483333e+00
    endloop
  endfacet
  facet normal 9.843779e-01 1.760685e-01 -0.000000e+00
    outer loop
      vertex   -7.434019e+00 -9.926539e-01 -6.850000e+00
      vertex   -7.434019e+00 -9.926539e-01 6.483333e+00
      vertex   -7.317197e+00 -1.645789e+00 -6.850000e+00
    endloop
  endfacet
  facet normal 9.843779e-01 1.760685e-01 -5.864260e-18
    outer loop
      vertex   -7.317197e+00 -1.645789e+00 -6.850000e+00
      vertex   -7.434019e+00 -9.926539e-01 6.483333e+00
      vertex   -7.317197e+00 -1.645789e+00 6.483333e+00
    endloop
  endfacet
  facet normal 9.649649e-01 2.623790e-01 -8.738975e-18
    outer loop
      vertex   -7.317197e+00 -1.645789e+00 -6.850000e+00
      vertex   -7.317197e+00 -1.645789e+00 6.483333e+00
      vertex   -7.143109e+00 -2.286043e+00 -6.850000e+00
    endloop
  endfacet
  facet normal 9.649649e-01 2.623790e-01 -0.000000e+00
    outer loop
      vertex   -7.143109e+00 -2.286043e+00 -6.850000e+00
      vertex   -7.317197e+00 -1.645789e+00 6.483333e+00
      vertex   -7.143109e+00 -2.286043e+00 6.483333e+00
    endloop
  endfacet
  facet normal 9.379998e-01 3.466359e-01 -0.000000e+00
    outer loop
      vertex   -7.143109e+00 -2.286043e+00 -6.850000e+00
      vertex   -7.143109e+00 -2.286043e+00 6.483333e+00
      vertex   -6.913116e+00 -2.908406e+00 -6.850000e+00
    endloop
  endfacet
  facet normal 9.379998e-01 3.466359e-01 1.154530e-17
    outer loop
      vertex   -6.913116e+00 -2.908406e+00 -6.850000e+00
      vertex   -7.143109e+00 -2.286043e+00 6.483333e+00
      vertex   -6.913116e+00 -2.908406e+00 6.483333e+00
    endloop
  endfacet
  facet normal 9.036935e-01 4.281800e-01 1.426126e-17
    outer loop
      vertex   -6.913116e+00 -2.908406e+00 -6.850000e+00
      vertex   -6.913116e+00 -2.908406e+00 6.483333e+00
      vertex   -6.629018e+00 -3.508007e+00 -6.850000e+00
    endloop
  endfacet
  facet normal 9.036935e-01 4.281800e-01 -0.000000e+00
    outer loop
      vertex   -6.629018e+00 -3.508007e+00 -6.850000e+00
      vertex   -6.913116e+00 -2.908406e+00 6.483333e+00
      vertex   -6.629018e+00 -3.508007e+00 6.483333e+00
    endloop
  endfacet
  facet normal 8.623146e-01 5.063730e-01 -0.000000e+00
    outer loop
      vertex   -6.629018e+00 -3.508007e+00 -6.850000e+00
      vertex   -6.629018e+00 -3.508007e+00 6.483333e+00
      vertex   -6.293040e+00 -4.080153e+00 -6.850000e+00
    endloop
  endfacet
  facet normal 8.623146e-01 5.063730e-01 -0.000000e+00
    outer loop
      vertex   -6.293040e+00 -4.080153e+00 -6.850000e+00
      vertex   -6.629018e+00 -3.508007e+00 6.483333e+00
      vertex   -6.293040e+00 -4.080153e+00 6.483333e+00
    endloop
  endfacet
  facet normal 8.141869e-01 5.806029e-01 -0.000000e+00
    outer loop
      vertex   -6.293040e+00 -4.080153e+00 -6.850000e+00
      vertex   -6.293040e+00 -4.080153e+00 6.483333e+00
      vertex   -5.907810e+00 -4.620366e+00 -6.850000e+00
    endloop
  endfacet
  facet normal 8.141869e-01 5.806029e-01 -0.000000e+00
    outer loop
      vertex   -5.907810e+00 -4.620366e+00 -6.850000e+00
      vertex   -6.293040e+00 -4.080153e+00 6.483333e+00
      vertex   -5.907810e+00 -4.620366e+00 6.483333e+00
    endloop
  endfacet
  facet normal 7.596871e-01 6.502888e-01 -0.000000e+00
    outer loop
      vertex   -5.907810e+00 -4.620366e+00 -6.850000e+00
      vertex   -5.907810e+00 -4.620366e+00 6.483333e+00
      vertex   -5.476343e+00 -5.124419e+00 -6.850000e+00
    endloop
  endfacet
  facet normal 7.596871e-01 6.502888e-01 -0.000000e+00
    outer loop
      vertex   -5.476343e+00 -5.124419e+00 -6.850000e+00
      vertex   -5.907810e+00 -4.620366e+00 6.483333e+00
      vertex   -5.476343e+00 -5.124419e+00 6.483333e+00
    endloop
  endfacet
  facet normal 6.992417e-01 7.148853e-01 -0.000000e+00
    outer loop
      vertex   -5.476343e+00 -5.124419e+00 -6.850000e+00
      vertex   -5.476343e+00 -5.124419e+00 6.483333e+00
      vertex   -5.002016e+00 -5.588366e+00 -6.850000e+00
    endloop
  endfacet
  facet normal 6.992417e-01 7.148853e-01 -0.000000e+00
    outer loop
      vertex   -5.002016e+00 -5.588366e+00 -6.850000e+00
      vertex   -5.476343e+00 -5.124419e+00 6.483333e+00
      vertex   -5.002016e+00 -5.588366e+00 6.483333e+00
    endloop
  endfacet
  facet normal 6.333238e-01 7.738869e-01 -0.000000e+00
    outer loop
      vertex   -5.002016e+00 -5.588366e+00 -6.850000e+00
      vertex   -5.002016e+00 -5.588366e+00 6.483333e+00
      vertex   -4.488542e+00 -6.008576e+00 -6.850000e+00
    endloop
  endfacet
  facet normal 6.333238e-01 7.738869e-01 5.155122e-17
    outer loop
      vertex   -4.488542e+00 -6.008576e+00 -6.850000e+00
      vertex   -5.002016e+00 -5.588366e+00 6.483333e+00
      vertex   -4.488542e+00 -6.008576e+00 6.483333e+00
    endloop
  endfacet
  facet normal 5.624493e-01 8.268318e-01 5.507806e-17
    outer loop
      vertex   -4.488542e+00 -6.008576e+00 -6.850000e+00
      vertex   -4.488542e+00 -6.008576e+00 6.483333e+00
      vertex   -3.939939e+00 -6.381761e+00 -6.850000e+00
    endloop
  endfacet
  facet normal 5.624493e-01 8.268318e-01 -0.000000e+00
    outer loop
      vertex   -3.939939e+00 -6.381761e+00 -6.850000e+00
      vertex   -4.488542e+00 -6.008576e+00 6.483333e+00
      vertex   -3.939939e+00 -6.381761e+00 6.483333e+00
    endloop
  endfacet
  facet normal 4.871728e-01 8.733056e-01 -0.000000e+00
    outer loop
      vertex   -3.939939e+00 -6.381761e+00 -6.850000e+00
      vertex   -3.939939e+00 -6.381761e+00 6.483333e+00
      vertex   -3.360501e+00 -6.705001e+00 -6.850000e+00
    endloop
  endfacet
  facet normal 4.871728e-01 8.733056e-01 -0.000000e+00
    outer loop
      vertex   -3.360501e+00 -6.705001e+00 -6.850000e+00
      vertex   -3.939939e+00 -6.381761e+00 6.483333e+00
      vertex   -3.360501e+00 -6.705001e+00 6.483333e+00
    endloop
  endfacet
  facet normal 4.080836e-01 9.129446e-01 -0.000000e+00
    outer loop
      vertex   -3.360501e+00 -6.705001e+00 -6.850000e+00
      vertex   -3.360501e+00 -6.705001e+00 6.483333e+00
      vertex   -2.754762e+00 -6.975764e+00 -6.850000e+00
    endloop
  endfacet
  facet normal 4.080836e-01 9.129446e-01 -0.000000e+00
    outer loop
      vertex   -2.754762e+00 -6.975764e+00 -6.850000e+00
      vertex   -3.360501e+00 -6.705001e+00 6.483333e+00
      vertex   -2.754762e+00 -6.975764e+00 6.483333e+00
    endloop
  endfacet
  facet normal 3.258006e-01 9.454385e-01 -0.000000e+00
    outer loop
      vertex   -2.754762e+00 -6.975764e+00 -6.850000e+00
      vertex   -2.754762e+00 -6.975764e+00 6.483333e+00
      vertex   -2.127463e+00 -7.191933e+00 -6.850000e+00
    endloop
  endfacet
  facet normal 3.258006e-01 9.454385e-01 -0.000000e+00
    outer loop
      vertex   -2.127463e+00 -7.191933e+00 -6.850000e+00
      vertex   -2.754762e+00 -6.975764e+00 6.483333e+00
      vertex   -2.127463e+00 -7.191933e+00 6.483333e+00
    endloop
  endfacet
  facet normal 2.409677e-01 9.705331e-01 -0.000000e+00
    outer loop
      vertex   -2.127463e+00 -7.191933e+00 -6.850000e+00
      vertex   -2.127463e+00 -7.191933e+00 6.483333e+00
      vertex   -1.483514e+00 -7.351815e+00 -6.850000e+00
    endloop
  endfacet
  facet normal 2.409677e-01 9.705331e-01 -0.000000e+00
    outer loop
      vertex   -1.483514e+00 -7.351815e+00 -6.850000e+00
      vertex   -2.127463e+00 -7.191933e+00 6.483333e+00
      vertex   -1.483514e+00 -7.351815e+00 6.483333e+00
    endloop
  endfacet
  facet normal 1.542489e-01 9.880320e-01 -0.000000e+00
    outer loop
      vertex   -1.483514e+00 -7.351815e+00 -6.850000e+00
      vertex   -1.483514e+00 -7.351815e+00 6.483333e+00
      vertex   -8.279550e-01 -7.454159e+00 -6.850000e+00
    endloop
  endfacet
  facet normal 1.542489e-01 9.880320e-01 -0.000000e+00
    outer loop
      vertex   -8.279550e-01 -7.454159e+00 -6.850000e+00
      vertex   -1.483514e+00 -7.351815e+00 6.483333e+00
      vertex   -8.279550e-01 -7.454159e+00 6.483333e+00
    endloop
  endfacet
  facet normal 6.632296e-02 9.977982e-01 -0.000000e+00
    outer loop
      vertex   -8.279550e-01 -7.454159e+00 -6.850000e+00
      vertex   -8.279550e-01 -7.454159e+00 6.483333e+00
      vertex   -1.659157e-01 -7.498165e+00 -6.850000e+00
    endloop
  endfacet
  facet normal 6.632296e-02 9.977982e-01 -0.000000e+00
    outer loop
      vertex   -1.659157e-01 -7.498165e+00 -6.850000e+00
      vertex   -8.279550e-01 -7.454159e+00 6.483333e+00
      vertex   -1.659157e-01 -7.498165e+00 6.483333e+00
    endloop
  endfacet
  facet normal -2.212209e-02 9.997553e-01 0.000000e+00
    outer loop
      vertex   -1.659157e-01 -7.498165e+00 -6.850000e+00
      vertex   -1.659157e-01 -7.498165e+00 6.483333e+00
      vertex   4.974222e-01 -7.483487e+00 -6.850000e+00
    endloop
  endfacet
  facet normal -2.212209e-02 9.997553e-01 0.000000e+00
    outer loop
      vertex   4.974222e-01 -7.483487e+00 -6.850000e+00
      vertex   -1.659157e-01 -7.498165e+00 6.483333e+00
      vertex   4.974222e-01 -7.483487e+00 6.483333e+00
    endloop
  endfacet
  facet normal -1.103940e-01 9.938879e-01 0.000000e+00
    outer loop
      vertex   4.974222e-01 -7.483487e+00 -6.850000e+00
      vertex   4.974222e-01 -7.483487e+00 6.483333e+00
      vertex   1.156867e+00 -7.410240e+00 -6.850000e+00
    endloop
  endfacet
  facet normal -1.103940e-01 9.938879e-01 0.000000e+00
    outer loop
      vertex   1.156867e+00 -7.410240e+00 -6.850000e+00
      vertex   4.974222e-01 -7.483487e+00 6.483333e+00
      vertex   1.156867e+00 -7.410240e+00 6.483333e+00
    endloop
  endfacet
  facet normal -1.978019e-01 9.802420e-01 0.000000e+00
    outer loop
      vertex   1.156867e+00 -7.410240e+00 -6.850000e+00
      vertex   1.156867e+00 -7.410240e+00 6.483333e+00
      vertex   1.807258e+00 -7.278999e+00 -6.850000e+00
    endloop
  endfacet
  facet normal -1.978019e-01 9.802420e-01 0.000000e+00
    outer loop
      vertex   1.807258e+00 -7.278999e+00 -6.850000e+00
      vertex   1.156867e+00 -7.410240e+00 6.483333e+00
      vertex   1.807258e+00 -7.278999e+00 6.483333e+00
    endloop
  endfacet
  facet normal -2.836618e-01 9.589244e-01 0.000000e+00
    outer loop
      vertex   1.807258e+00 -7.278999e+00 -6.850000e+00
      vertex   1.807258e+00 -7.278999e+00 6.483333e+00
      vertex   2.443504e+00 -7.090789e+00 -6.850000e+00
    endloop
  endfacet
  facet normal -2.836618e-01 9.589244e-01 0.000000e+00
    outer loop
      vertex   2.443504e+00 -7.090789e+00 -6.850000e+00
      vertex   1.807258e+00 -7.278999e+00 6.483333e+00
      vertex   2.443504e+00 -7.090789e+00 6.483333e+00
    endloop
  endfacet
  facet normal -3.673016e-01 9.301019e-01 0.000000e+00
    outer loop
      vertex   2.443504e+00 -7.090789e+00 -6.850000e+00
      vertex   2.443504e+00 -7.090789e+00 6.483333e+00
      vertex   3.060627e+00 -6.847084e+00 -6.850000e+00
    endloop
  endfacet
  facet normal -3.673016e-01 9.301019e-01 0.000000e+00
    outer loop
      vertex   3.060627e+00 -6.847084e+00 -6.850000e+00
      vertex   2.443504e+00 -7.090789e+00 6.483333e+00
      vertex   3.060627e+00 -6.847084e+00 6.483333e+00
    endloop
  endfacet
  facet normal -4.480668e-01 8.940001e-01 0.000000e+00
    outer loop
      vertex   3.060627e+00 -6.847084e+00 -6.850000e+00
      vertex   3.060627e+00 -6.847084e+00 6.483333e+00
      vertex   3.653796e+00 -6.549792e+00 -6.850000e+00
    endloop
  endfacet
  facet normal -4.480668e-01 8.940001e-01 0.000000e+00
    outer loop
      vertex   3.653796e+00 -6.549792e+00 -6.850000e+00
      vertex   3.060627e+00 -6.847084e+00 6.483333e+00
      vertex   3.653796e+00 -6.549792e+00 6.483333e+00
    endloop
  endfacet
  facet normal -5.253252e-01 8.509015e-01 0.000000e+00
    outer loop
      vertex   3.653796e+00 -6.549792e+00 -6.850000e+00
      vertex   3.653796e+00 -6.549792e+00 6.483333e+00
      vertex   4.218370e+00 -6.201238e+00 -6.850000e+00
    endloop
  endfacet
  facet normal -5.253252e-01 8.509015e-01 0.000000e+00
    outer loop
      vertex   4.218370e+00 -6.201238e+00 -6.850000e+00
      vertex   3.653796e+00 -6.549792e+00 6.483333e+00
      vertex   4.218370e+00 -6.201238e+00 6.483333e+00
    endloop
  endfacet
  facet normal -5.984723e-01 8.011435e-01 0.000000e+00
    outer loop
      vertex   4.218370e+00 -6.201238e+00 -6.850000e+00
      vertex   4.218370e+00 -6.201238e+00 6.483333e+00
      vertex   4.749929e+00 -5.804152e+00 -6.850000e+00
    endloop
  endfacet
  facet normal -5.984723e-01 8.011435e-01 0.000000e+00
    outer loop
      vertex   4.749929e+00 -5.804152e+00 -6.850000e+00
      vertex   4.218370e+00 -6.201238e+00 6.483333e+00
      vertex   4.749929e+00 -5.804152e+00 6.483333e+00
    endloop
  endfacet
  facet normal -6.669355e-01 7.451154e-01 0.000000e+00
    outer loop
      vertex   4.749929e+00 -5.804152e+00 -6.850000e+00
      vertex   4.749929e+00 -5.804152e+00 6.483333e+00
      vertex   5.244313e+00 -5.361640e+00 -6.850000e+00
    endloop
  endfacet
  facet normal -6.669355e-01 7.451154e-01 0.000000e+00
    outer loop
      vertex   5.244313e+00 -5.361640e+00 -6.850000e+00
      vertex   4.749929e+00 -5.804152e+00 6.483333e+00
      vertex   5.244313e+00 -5.361640e+00 6.483333e+00
    endloop
  endfacet
  facet normal -7.301791e-01 6.832558e-01 0.000000e+00
    outer loop
      vertex   5.244313e+00 -5.361640e+00 -6.850000e+00
      vertex   5.244313e+00 -5.361640e+00 6.483333e+00
      vertex   5.697653e+00 -4.877166e+00 -6.850000e+00
    endloop
  endfacet
  facet normal -7.301791e-01 6.832558e-01 0.000000e+00
    outer loop
      vertex   5.697653e+00 -4.877166e+00 -6.850000e+00
      vertex   5.244313e+00 -5.361640e+00 6.483333e+00
      vertex   5.697653e+00 -4.877166e+00 6.483333e+00
    endloop
  endfacet
  facet normal -7.877080e-01 6.160488e-01 0.000000e+00
    outer loop
      vertex   5.697653e+00 -4.877166e+00 -6.850000e+00
      vertex   5.697653e+00 -4.877166e+00 6.483333e+00
      vertex   6.106402e+00 -4.354522e+00 -6.850000e+00
    endloop
  endfacet
  facet normal -7.877080e-01 6.160488e-01 0.000000e+00
    outer loop
      vertex   6.106402e+00 -4.354522e+00 -6.850000e+00
      vertex   5.697653e+00 -4.877166e+00 6.483333e+00
      vertex   6.106402e+00 -4.354522e+00 6.483333e+00
    endloop
  endfacet
  facet normal -8.390720e-01 5.440204e-01 0.000000e+00
    outer loop
      vertex   6.106402e+00 -4.354522e+00 -6.850000e+00
      vertex   6.106402e+00 -4.354522e+00 6.483333e+00
      vertex   6.467359e+00 -3.797797e+00 -6.850000e+00
    endloop
  endfacet
  facet normal -8.390720e-01 5.440204e-01 0.000000e+00
    outer loop
      vertex   6.467359e+00 -3.797797e+00 -6.850000e+00
      vertex   6.106402e+00 -4.354522e+00 6.483333e+00
      vertex   6.467359e+00 -3.797797e+00 6.483333e+00
    endloop
  endfacet
  facet normal -8.838691e-01 4.677343e-01 0.000000e+00
    outer loop
      vertex   6.467359e+00 -3.797797e+00 -6.850000e+00
      vertex   6.467359e+00 -3.797797e+00 6.483333e+00
      vertex   6.777701e+00 -3.211350e+00 -6.850000e+00
    endloop
  endfacet
  facet normal -8.838691e-01 4.677343e-01 0.000000e+00
    outer loop
      vertex   6.777701e+00 -3.211350e+00 -6.850000e+00
      vertex   6.467359e+00 -3.797797e+00 6.483333e+00
      vertex   6.777701e+00 -3.211350e+00 6.483333e+00
    endloop
  endfacet
  facet normal -9.217488e-01 3.877875e-01 0.000000e+00
    outer loop
      vertex   6.777701e+00 -3.211350e+00 -6.850000e+00
      vertex   6.777701e+00 -3.211350e+00 6.483333e+00
      vertex   7.034998e+00 -2.599769e+00 -6.850000e+00
    endloop
  endfacet
  facet normal -9.217488e-01 3.877875e-01 0.000000e+00
    outer loop
      vertex   7.034998e+00 -2.599769e+00 -6.850000e+00
      vertex   6.777701e+00 -3.211350e+00 6.483333e+00
      vertex   7.034998e+00 -2.599769e+00 6.483333e+00
    endloop
  endfacet
  facet normal -9.524145e-01 3.048058e-01 0.000000e+00
    outer loop
      vertex   7.034998e+00 -2.599769e+00 -6.850000e+00
      vertex   7.034998e+00 -2.599769e+00 6.483333e+00
      vertex   7.237237e+00 -1.967842e+00 -6.850000e+00
    endloop
  endfacet
  facet normal -9.524145e-01 3.048058e-01 0.000000e+00
    outer loop
      vertex   7.237237e+00 -1.967842e+00 -6.850000e+00
      vertex   7.034998e+00 -2.599769e+00 6.483333e+00
      vertex   7.237237e+00 -1.967842e+00 6.483333e+00
    endloop
  endfacet
  facet normal -9.756263e-01 2.194385e-01 0.000000e+00
    outer loop
      vertex   7.237237e+00 -1.967842e+00 -6.850000e+00
      vertex   7.237237e+00 -1.967842e+00 6.483333e+00
      vertex   7.382834e+00 -1.320514e+00 -6.850000e+00
    endloop
  endfacet
  facet normal -9.756263e-01 2.194385e-01 0.000000e+00
    outer loop
      vertex   7.382834e+00 -1.320514e+00 -6.850000e+00
      vertex   7.237237e+00 -1.967842e+00 6.483333e+00
      vertex   7.382834e+00 -1.320514e+00 6.483333e+00
    endloop
  endfacet
  facet normal -9.912025e-01 1.323539e-01 0.000000e+00
    outer loop
      vertex   7.382834e+00 -1.320514e+00 -6.850000e+00
      vertex   7.382834e+00 -1.320514e+00 6.483333e+00
      vertex   7.470651e+00 -6.628508e-01 -6.850000e+00
    endloop
  endfacet
  facet normal -9.912025e-01 1.323539e-01 0.000000e+00
    outer loop
      vertex   7.470651e+00 -6.628508e-01 -6.850000e+00
      vertex   7.382834e+00 -1.320514e+00 6.483333e+00
      vertex   7.470651e+00 -6.628508e-01 6.483333e+00
    endloop
  endfacet
  facet normal -9.990212e-01 4.423335e-02 0.000000e+00
    outer loop
      vertex   7.500000e+00 -9.184851e-16 1.981667e+01
      vertex   7.500000e+00 -9.184851e-16 6.483333e+00
      vertex   7.470651e+00 -6.628508e-01 1.981667e+01
    endloop
  endfacet
  facet normal -9.990212e-01 4.423335e-02 1.104950e-17
    outer loop
      vertex   7.470651e+00 -6.628508e-01 1.981667e+01
      vertex   7.500000e+00 -9.184851e-16 6.483333e+00
      vertex   7.470651e+00 -6.628508e-01 6.483333e+00
    endloop
  endfacet
  facet normal -9.912025e-01 1.323539e-01 3.306202e-17
    outer loop
      vertex   7.470651e+00 -6.628508e-01 1.981667e+01
      vertex   7.470651e+00 -6.628508e-01 6.483333e+00
      vertex   7.382834e+00 -1.320514e+00 1.981667e+01
    endloop
  endfacet
  facet normal -9.912025e-01 1.323539e-01 3.296534e-17
    outer loop
      vertex   7.382834e+00 -1.320514e+00 1.981667e+01
      vertex   7.470651e+00 -6.628508e-01 6.483333e+00
      vertex   7.382834e+00 -1.320514e+00 6.483333e+00
    endloop
  endfacet
  facet normal -9.756263e-01 2.194385e-01 1.017399e-17
    outer loop
      vertex   7.382834e+00 -1.320514e+00 1.981667e+01
      vertex   7.382834e+00 -1.320514e+00 6.483333e+00
      vertex   7.237237e+00 -1.967842e+00 1.981667e+01
    endloop
  endfacet
  facet normal -9.756263e-01 2.194385e-01 0.000000e+00
    outer loop
      vertex   7.237237e+00 -1.967842e+00 1.981667e+01
      vertex   7.382834e+00 -1.320514e+00 6.483333e+00
      vertex   7.237237e+00 -1.967842e+00 6.483333e+00
    endloop
  endfacet
  facet normal -9.524145e-01 3.048058e-01 0.000000e+00
    outer loop
      vertex   7.237237e+00 -1.967842e+00 1.981667e+01
      vertex   7.237237e+00 -1.967842e+00 6.483333e+00
      vertex   7.034998e+00 -2.599769e+00 1.981667e+01
    endloop
  endfacet
  facet normal -9.524145e-01 3.048058e-01 0.000000e+00
    outer loop
      vertex   7.034998e+00 -2.599769e+00 1.981667e+01
      vertex   7.237237e+00 -1.967842e+00 6.483333e+00
      vertex   7.034998e+00 -2.599769e+00 6.483333e+00
    endloop
  endfacet
  facet normal -9.217488e-01 3.877875e-01 0.000000e+00
    outer loop
      vertex   7.034998e+00 -2.599769e+00 1.981667e+01
      vertex   7.034998e+00 -2.599769e+00 6.483333e+00
      vertex   6.777701e+00 -3.211350e+00 1.981667e+01
    endloop
  endfacet
  facet normal -9.217488e-01 3.877875e-01 1.609471e-17
    outer loop
      vertex   6.777701e+00 -3.211350e+00 1.981667e+01
      vertex   7.034998e+00 -2.599769e+00 6.483333e+00
      vertex   6.777701e+00 -3.211350e+00 6.483333e+00
    endloop
  endfacet
  facet normal -8.838691e-01 4.677343e-01 3.459457e-17
    outer loop
      vertex   6.777701e+00 -3.211350e+00 1.981667e+01
      vertex   6.777701e+00 -3.211350e+00 6.483333e+00
      vertex   6.467359e+00 -3.797797e+00 1.981667e+01
    endloop
  endfacet
  facet normal -8.838691e-01 4.677343e-01 0.000000e+00
    outer loop
      vertex   6.467359e+00 -3.797797e+00 1.981667e+01
      vertex   6.777701e+00 -3.211350e+00 6.483333e+00
      vertex   6.467359e+00 -3.797797e+00 6.483333e+00
    endloop
  endfacet
  facet normal -8.390720e-01 5.440204e-01 0.000000e+00
    outer loop
      vertex   6.467359e+00 -3.797797e+00 1.981667e+01
      vertex   6.467359e+00 -3.797797e+00 6.483333e+00
      vertex   6.106402e+00 -4.354522e+00 1.981667e+01
    endloop
  endfacet
  facet normal -8.390720e-01 5.440204e-01 0.000000e+00
    outer loop
      vertex   6.106402e+00 -4.354522e+00 1.981667e+01
      vertex   6.467359e+00 -3.797797e+00 6.483333e+00
      vertex   6.106402e+00 -4.354522e+00 6.483333e+00
    endloop
  endfacet
  facet normal -7.877080e-01 6.160488e-01 0.000000e+00
    outer loop
      vertex   6.106402e+00 -4.354522e+00 1.981667e+01
      vertex   6.106402e+00 -4.354522e+00 6.483333e+00
      vertex   5.697653e+00 -4.877166e+00 1.981667e+01
    endloop
  endfacet
  facet normal -7.877080e-01 6.160488e-01 0.000000e+00
    outer loop
      vertex   5.697653e+00 -4.877166e+00 1.981667e+01
      vertex   6.106402e+00 -4.354522e+00 6.483333e+00
      vertex   5.697653e+00 -4.877166e+00 6.483333e+00
    endloop
  endfacet
  facet normal -7.301791e-01 6.832558e-01 0.000000e+00
    outer loop
      vertex   5.697653e+00 -4.877166e+00 1.981667e+01
      vertex   5.697653e+00 -4.877166e+00 6.483333e+00
      vertex   5.244313e+00 -5.361640e+00 1.981667e+01
    endloop
  endfacet
  facet normal -7.301791e-01 6.832558e-01 1.035308e-16
    outer loop
      vertex   5.244313e+00 -5.361640e+00 1.981667e+01
      vertex   5.697653e+00 -4.877166e+00 6.483333e+00
      vertex   5.244313e+00 -5.361640e+00 6.483333e+00
    endloop
  endfacet
  facet normal -6.669355e-01 7.451154e-01 7.843801e-17
    outer loop
      vertex   5.244313e+00 -5.361640e+00 1.981667e+01
      vertex   5.244313e+00 -5.361640e+00 6.483333e+00
      vertex   4.749929e+00 -5.804152e+00 1.981667e+01
    endloop
  endfacet
  facet normal -6.669355e-01 7.451154e-01 0.000000e+00
    outer loop
      vertex   4.749929e+00 -5.804152e+00 1.981667e+01
      vertex   5.244313e+00 -5.361640e+00 6.483333e+00
      vertex   4.749929e+00 -5.804152e+00 6.483333e+00
    endloop
  endfacet
  facet normal -5.984723e-01 8.011435e-01 0.000000e+00
    outer loop
      vertex   4.749929e+00 -5.804152e+00 1.981667e+01
      vertex   4.749929e+00 -5.804152e+00 6.483333e+00
      vertex   4.218370e+00 -6.201238e+00 1.981667e+01
    endloop
  endfacet
  facet normal -5.984723e-01 8.011435e-01 0.000000e+00
    outer loop
      vertex   4.218370e+00 -6.201238e+00 1.981667e+01
      vertex   4.749929e+00 -5.804152e+00 6.483333e+00
      vertex   4.218370e+00 -6.201238e+00 6.483333e+00
    endloop
  endfacet
  facet normal -5.253252e-01 8.509015e-01 0.000000e+00
    outer loop
      vertex   4.218370e+00 -6.201238e+00 1.981667e+01
      vertex   4.218370e+00 -6.201238e+00 6.483333e+00
      vertex   3.653796e+00 -6.549792e+00 1.981667e+01
    endloop
  endfacet
  facet normal -5.253252e-01 8.509015e-01 4.756636e-17
    outer loop
      vertex   3.653796e+00 -6.549792e+00 1.981667e+01
      vertex   4.218370e+00 -6.201238e+00 6.483333e+00
      vertex   3.653796e+00 -6.549792e+00 6.483333e+00
    endloop
  endfacet
  facet normal -4.480668e-01 8.940001e-01 7.419175e-17
    outer loop
      vertex   3.653796e+00 -6.549792e+00 1.981667e+01
      vertex   3.653796e+00 -6.549792e+00 6.483333e+00
      vertex   3.060627e+00 -6.847084e+00 1.981667e+01
    endloop
  endfacet
  facet normal -4.480668e-01 8.940001e-01 5.969449e-17
    outer loop
      vertex   3.060627e+00 -6.847084e+00 1.981667e+01
      vertex   3.653796e+00 -6.549792e+00 6.483333e+00
      vertex   3.060627e+00 -6.847084e+00 6.483333e+00
    endloop
  endfacet
  facet normal -3.673016e-01 9.301019e-01 4.893440e-17
    outer loop
      vertex   3.060627e+00 -6.847084e+00 1.981667e+01
      vertex   3.060627e+00 -6.847084e+00 6.483333e+00
      vertex   2.443504e+00 -7.090789e+00 1.981667e+01
    endloop
  endfacet
  facet normal -3.673016e-01 9.301019e-01 0.000000e+00
    outer loop
      vertex   2.443504e+00 -7.090789e+00 1.981667e+01
      vertex   3.060627e+00 -6.847084e+00 6.483333e+00
      vertex   2.443504e+00 -7.090789e+00 6.483333e+00
    endloop
  endfacet
  facet normal -2.836618e-01 9.589244e-01 0.000000e+00
    outer loop
      vertex   2.443504e+00 -7.090789e+00 1.981667e+01
      vertex   2.443504e+00 -7.090789e+00 6.483333e+00
      vertex   1.807258e+00 -7.278999e+00 1.981667e+01
    endloop
  endfacet
  facet normal -2.836618e-01 9.589244e-01 -3.306742e-17
    outer loop
      vertex   1.807258e+00 -7.278999e+00 1.981667e+01
      vertex   2.443504e+00 -7.090789e+00 6.483333e+00
      vertex   1.807258e+00 -7.278999e+00 6.483333e+00
    endloop
  endfacet
  facet normal -1.978019e-01 9.802420e-01 -2.305845e-17
    outer loop
      vertex   1.807258e+00 -7.278999e+00 1.981667e+01
      vertex   1.807258e+00 -7.278999e+00 6.483333e+00
      vertex   1.156867e+00 -7.410240e+00 1.981667e+01
    endloop
  endfacet
  facet normal -1.978019e-01 9.802420e-01 2.305845e-17
    outer loop
      vertex   1.156867e+00 -7.410240e+00 1.981667e+01
      vertex   1.807258e+00 -7.278999e+00 6.483333e+00
      vertex   1.156867e+00 -7.410240e+00 6.483333e+00
    endloop
  endfacet
  facet normal -1.103940e-01 9.938879e-01 1.286901e-17
    outer loop
      vertex   1.156867e+00 -7.410240e+00 1.981667e+01
      vertex   1.156867e+00 -7.410240e+00 6.483333e+00
      vertex   4.974222e-01 -7.483487e+00 1.981667e+01
    endloop
  endfacet
  facet normal -1.103940e-01 9.938879e-01 1.378822e-17
    outer loop
      vertex   4.974222e-01 -7.483487e+00 1.981667e+01
      vertex   1.156867e+00 -7.410240e+00 6.483333e+00
      vertex   4.974222e-01 -7.483487e+00 6.483333e+00
    endloop
  endfacet
  facet normal -2.212209e-02 9.997553e-01 2.763051e-18
    outer loop
      vertex   4.974222e-01 -7.483487e+00 1.981667e+01
      vertex   4.974222e-01 -7.483487e+00 6.483333e+00
      vertex   -1.659157e-01 -7.498165e+00 1.981667e+01
    endloop
  endfacet
  facet normal -2.212209e-02 9.997553e-01 0.000000e+00
    outer loop
      vertex   -1.659157e-01 -7.498165e+00 1.981667e+01
      vertex   4.974222e-01 -7.483487e+00 6.483333e+00
      vertex   -1.659157e-01 -7.498165e+00 6.483333e+00
    endloop
  endfacet
  facet normal 6.632296e-02 9.977982e-01 0.000000e+00
    outer loop
      vertex   -1.659157e-01 -7.498165e+00 1.981667e+01
      vertex   -1.659157e-01 -7.498165e+00 6.483333e+00
      vertex   -8.279550e-01 -7.454159e+00 1.981667e+01
    endloop
  endfacet
  facet normal 6.632296e-02 9.977982e-01 8.283743e-18
    outer loop
      vertex   -8.279550e-01 -7.454159e+00 1.981667e+01
      vertex   -1.659157e-01 -7.498165e+00 6.483333e+00
      vertex   -8.279550e-01 -7.454159e+00 6.483333e+00
    endloop
  endfacet
  facet normal 1.542489e-01 9.880320e-01 1.926571e-17
    outer loop
      vertex   -8.279550e-01 -7.454159e+00 1.981667e+01
      vertex   -8.279550e-01 -7.454159e+00 6.483333e+00
      vertex   -1.483514e+00 -7.351815e+00 1.981667e+01
    endloop
  endfacet
  facet normal 1.542489e-01 9.880320e-01 4.783483e-17
    outer loop
      vertex   -1.483514e+00 -7.351815e+00 1.981667e+01
      vertex   -8.279550e-01 -7.454159e+00 6.483333e+00
      vertex   -1.483514e+00 -7.351815e+00 6.483333e+00
    endloop
  endfacet
  facet normal 2.409677e-01 9.705331e-01 3.656007e-17
    outer loop
      vertex   -1.483514e+00 -7.351815e+00 1.981667e+01
      vertex   -1.483514e+00 -7.351815e+00 6.483333e+00
      vertex   -2.127463e+00 -7.191933e+00 1.981667e+01
    endloop
  endfacet
  facet normal 2.409677e-01 9.705331e-01 0.000000e+00
    outer loop
      vertex   -2.127463e+00 -7.191933e+00 1.981667e+01
      vertex   -1.483514e+00 -7.351815e+00 6.483333e+00
      vertex   -2.127463e+00 -7.191933e+00 6.483333e+00
    endloop
  endfacet
  facet normal 3.258006e-01 9.454385e-01 0.000000e+00
    outer loop
      vertex   -2.127463e+00 -7.191933e+00 1.981667e+01
      vertex   -2.127463e+00 -7.191933e+00 6.483333e+00
      vertex   -2.754762e+00 -6.975764e+00 1.981667e+01
    endloop
  endfacet
  facet normal 3.258006e-01 9.454385e-01 -3.042484e-17
    outer loop
      vertex   -2.754762e+00 -6.975764e+00 1.981667e+01
      vertex   -2.127463e+00 -7.191933e+00 6.483333e+00
      vertex   -2.754762e+00 -6.975764e+00 6.483333e+00
    endloop
  endfacet
  facet normal 4.080836e-01 9.129446e-01 -2.003858e-17
    outer loop
      vertex   -2.754762e+00 -6.975764e+00 1.981667e+01
      vertex   -2.754762e+00 -6.975764e+00 6.483333e+00
      vertex   -3.360501e+00 -6.705001e+00 1.981667e+01
    endloop
  endfacet
  facet normal 4.080836e-01 9.129446e-01 5.436766e-17
    outer loop
      vertex   -3.360501e+00 -6.705001e+00 1.981667e+01
      vertex   -2.754762e+00 -6.975764e+00 6.483333e+00
      vertex   -3.360501e+00 -6.705001e+00 6.483333e+00
    endloop
  endfacet
  facet normal 4.871728e-01 8.733056e-01 6.490446e-17
    outer loop
      vertex   -3.360501e+00 -6.705001e+00 1.981667e+01
      vertex   -3.360501e+00 -6.705001e+00 6.483333e+00
      vertex   -3.939939e+00 -6.381761e+00 1.981667e+01
    endloop
  endfacet
  facet normal 4.871728e-01 8.733056e-01 0.000000e+00
    outer loop
      vertex   -3.939939e+00 -6.381761e+00 1.981667e+01
      vertex   -3.360501e+00 -6.705001e+00 6.483333e+00
      vertex   -3.939939e+00 -6.381761e+00 6.483333e+00
    endloop
  endfacet
  facet normal 5.624493e-01 8.268318e-01 0.000000e+00
    outer loop
      vertex   -3.939939e+00 -6.381761e+00 1.981667e+01
      vertex   -3.939939e+00 -6.381761e+00 6.483333e+00
      vertex   -4.488542e+00 -6.008576e+00 1.981667e+01
    endloop
  endfacet
  facet normal 5.624493e-01 8.268318e-01 0.000000e+00
    outer loop
      vertex   -4.488542e+00 -6.008576e+00 1.981667e+01
      vertex   -3.939939e+00 -6.381761e+00 6.483333e+00
      vertex   -4.488542e+00 -6.008576e+00 6.483333e+00
    endloop
  endfacet
  facet normal 6.333238e-01 7.738869e-01 0.000000e+00
    outer loop
      vertex   -4.488542e+00 -6.008576e+00 1.981667e+01
      vertex   -4.488542e+00 -6.008576e+00 6.483333e+00
      vertex   -5.002016e+00 -5.588366e+00 1.981667e+01
    endloop
  endfacet
  facet normal 6.333238e-01 7.738869e-01 0.000000e+00
    outer loop
      vertex   -5.002016e+00 -5.588366e+00 1.981667e+01
      vertex   -4.488542e+00 -6.008576e+00 6.483333e+00
      vertex   -5.002016e+00 -5.588366e+00 6.483333e+00
    endloop
  endfacet
  facet normal 6.992417e-01 7.148853e-01 0.000000e+00
    outer loop
      vertex   -5.002016e+00 -5.588366e+00 1.981667e+01
      vertex   -5.002016e+00 -5.588366e+00 6.483333e+00
      vertex   -5.476343e+00 -5.124419e+00 1.981667e+01
    endloop
  endfacet
  facet normal 6.992417e-01 7.148853e-01 0.000000e+00
    outer loop
      vertex   -5.476343e+00 -5.124419e+00 1.981667e+01
      vertex   -5.002016e+00 -5.588366e+00 6.483333e+00
      vertex   -5.476343e+00 -5.124419e+00 6.483333e+00
    endloop
  endfacet
  facet normal 7.596871e-01 6.502888e-01 0.000000e+00
    outer loop
      vertex   -5.476343e+00 -5.124419e+00 1.981667e+01
      vertex   -5.476343e+00 -5.124419e+00 6.483333e+00
      vertex   -5.907810e+00 -4.620366e+00 1.981667e+01
    endloop
  endfacet
  facet normal 7.596871e-01 6.502888e-01 0.000000e+00
    outer loop
      vertex   -5.907810e+00 -4.620366e+00 1.981667e+01
      vertex   -5.476343e+00 -5.124419e+00 6.483333e+00
      vertex   -5.907810e+00 -4.620366e+00 6.483333e+00
    endloop
  endfacet
  facet normal 8.141869e-01 5.806029e-01 0.000000e+00
    outer loop
      vertex   -5.907810e+00 -4.620366e+00 1.981667e+01
      vertex   -5.907810e+00 -4.620366e+00 6.483333e+00
      vertex   -6.293040e+00 -4.080153e+00 1.981667e+01
    endloop
  endfacet
  facet normal 8.141869e-01 5.806029e-01 0.000000e+00
    outer loop
      vertex   -6.293040e+00 -4.080153e+00 1.981667e+01
      vertex   -5.907810e+00 -4.620366e+00 6.483333e+00
      vertex   -6.293040e+00 -4.080153e+00 6.483333e+00
    endloop
  endfacet
  facet normal 8.623146e-01 5.063730e-01 0.000000e+00
    outer loop
      vertex   -6.293040e+00 -4.080153e+00 1.981667e+01
      vertex   -6.293040e+00 -4.080153e+00 6.483333e+00
      vertex   -6.629018e+00 -3.508007e+00 1.981667e+01
    endloop
  endfacet
  facet normal 8.623146e-01 5.063730e-01 0.000000e+00
    outer loop
      vertex   -6.629018e+00 -3.508007e+00 1.981667e+01
      vertex   -6.293040e+00 -4.080153e+00 6.483333e+00
      vertex   -6.629018e+00 -3.508007e+00 6.483333e+00
    endloop
  endfacet
  facet normal 9.036935e-01 4.281800e-01 0.000000e+00
    outer loop
      vertex   -6.629018e+00 -3.508007e+00 1.981667e+01
      vertex   -6.629018e+00 -3.508007e+00 6.483333e+00
      vertex   -6.913116e+00 -2.908406e+00 1.981667e+01
    endloop
  endfacet
  facet normal 9.036935e-01 4.281800e-01 5.704503e-17
    outer loop
      vertex   -6.913116e+00 -2.908406e+00 1.981667e+01
      vertex   -6.629018e+00 -3.508007e+00 6.483333e+00
      vertex   -6.913116e+00 -2.908406e+00 6.483333e+00
    endloop
  endfacet
  facet normal 9.379998e-01 3.466359e-01 4.618118e-17
    outer loop
      vertex   -6.913116e+00 -2.908406e+00 1.981667e+01
      vertex   -6.913116e+00 -2.908406e+00 6.483333e+00
      vertex   -7.143109e+00 -2.286043e+00 1.981667e+01
    endloop
  endfacet
  facet normal 9.379998e-01 3.466359e-01 0.000000e+00
    outer loop
      vertex   -7.143109e+00 -2.286043e+00 1.981667e+01
      vertex   -6.913116e+00 -2.908406e+00 6.483333e+00
      vertex   -7.143109e+00 -2.286043e+00 6.483333e+00
    endloop
  endfacet
  facet normal 9.649649e-01 2.623790e-01 0.000000e+00
    outer loop
      vertex   -7.143109e+00 -2.286043e+00 1.981667e+01
      vertex   -7.143109e+00 -2.286043e+00 6.483333e+00
      vertex   -7.317197e+00 -1.645789e+00 1.981667e+01
    endloop
  endfacet
  facet normal 9.649649e-01 2.623790e-01 0.000000e+00
    outer loop
      vertex   -7.317197e+00 -1.645789e+00 1.981667e+01
      vertex   -7.143109e+00 -2.286043e+00 6.483333e+00
      vertex   -7.317197e+00 -1.645789e+00 6.483333e+00
    endloop
  endfacet
  facet normal 9.843779e-01 1.760685e-01 0.000000e+00
    outer loop
      vertex   -7.317197e+00 -1.645789e+00 1.981667e+01
      vertex   -7.317197e+00 -1.645789e+00 6.483333e+00
      vertex   -7.434019e+00 -9.926539e-01 1.981667e+01
    endloop
  endfacet
  facet normal 9.843779e-01 1.760685e-01 0.000000e+00
    outer loop
      vertex   -7.434019e+00 -9.926539e-01 1.981667e+01
      vertex   -7.317197e+00 -1.645789e+00 6.483333e+00
      vertex   -7.434019e+00 -9.926539e-01 6.483333e+00
    endloop
  endfacet
  facet normal 9.960868e-01 8.838010e-02 0.000000e+00
    outer loop
      vertex   -7.434019e+00 -9.926539e-01 1.981667e+01
      vertex   -7.434019e+00 -9.926539e-01 6.483333e+00
      vertex   -7.492659e+00 -3.317501e-01 1.981667e+01
    endloop
  endfacet
  facet normal 9.960868e-01 8.838010e-02 0.000000e+00
    outer loop
      vertex   -7.492659e+00 -3.317501e-01 1.981667e+01
      vertex   -7.434019e+00 -9.926539e-01 6.483333e+00
      vertex   -7.492659e+00 -3.317501e-01 6.483333e+00
    endloop
  endfacet
  facet normal 1.000000e+00 -0.000000e+00 0.000000e+00
    outer loop
      vertex   -7.492659e+00 -3.317501e-01 1.981667e+01
      vertex   -7.492659e+00 -3.317501e-01 6.483333e+00
      vertex   -7.492659e+00 3.317501e-01 1.981667e+01
    endloop
  endfacet
  facet normal 1.000000e+00 0.000000e+00 0.000000e+00
    outer loop
      vertex   -7.492659e+00 3.317501e-01 1.981667e+01
      vertex   -7.492659e+00 -3.317501e-01 6.483333e+00
      vertex   -7.492659e+00 3.317501e-01 6.483333e+00
    endloop
  endfacet
  facet normal 9.960868e-01 -8.838010e-02 0.000000e+00
    outer loop
      vertex   -7.492659e+00 3.317501e-01 1.981667e+01
      vertex   -7.492659e+00 3.317501e-01 6.483333e+00
      vertex   -7.434019e+00 9.926539e-01 1.981667e+01
    endloop
  endfacet
  facet normal 9.960868e-01 -8.838010e-02 0.000000e+00
    outer loop
      vertex   -7.434019e+00 9.926539e-01 1.981667e+01
      vertex   -7.492659e+00 3.317501e-01 6.483333e+00
      vertex   -7.434019e+00 9.926539e-01 6.483333e+00
    endloop
  endfacet
  facet normal 9.843779e-01 -1.760685e-01 0.000000e+00
    outer loop
      vertex   -7.434019e+00 9.926539e-01 1.981667e+01
      vertex   -7.434019e+00 9.926539e-01 6.483333e+00
      vertex   -7.317197e+00 1.645789e+00 1.981667e+01
    endloop
  endfacet
  facet normal 9.843779e-01 -1.760685e-01 0.000000e+00
    outer loop
      vertex   -7.317197e+00 1.645789e+00 1.981667e+01
      vertex   -7.434019e+00 9.926539e-01 6.483333e+00
      vertex   -7.317197e+00 1.645789e+00 6.483333e+00
    endloop
  endfacet
  facet normal 9.649649e-01 -2.623790e-01 0.000000e+00
    outer loop
      vertex   -7.317197e+00 1.645789e+00 1.981667e+01
      vertex   -7.317197e+00 1.645789e+00 6.483333e+00
      vertex   -7.143109e+00 2.286043e+00 1.981667e+01
    endloop
  endfacet
  facet normal 9.649649e-01 -2.623790e-01 0.000000e+00
    outer loop
      vertex   -7.143109e+00 2.286043e+00 1.981667e+01
      vertex   -7.317197e+00 1.645789e+00 6.483333e+00
      vertex   -7.143109e+00 2.286043e+00 6.483333e+00
    endloop
  endfacet
  facet normal 9.379998e-01 -3.466359e-01 0.000000e+00
    outer loop
      vertex   -7.143109e+00 2.286043e+00 1.981667e+01
      vertex   -7.143109e+00 2.286043e+00 6.483333e+00
      vertex   -6.913116e+00 2.908406e+00 1.981667e+01
    endloop
  endfacet
  facet normal 9.379998e-01 -3.466359e-01 -4.618118e-17
    outer loop
      vertex   -6.913116e+00 2.908406e+00 1.981667e+01
      vertex   -7.143109e+00 2.286043e+00 6.483333e+00
      vertex   -6.913116e+00 2.908406e+00 6.483333e+00
    endloop
  endfacet
  facet normal 9.036935e-01 -4.281800e-01 -5.704503e-17
    outer loop
      vertex   -6.913116e+00 2.908406e+00 1.981667e+01
      vertex   -6.913116e+00 2.908406e+00 6.483333e+00
      vertex   -6.629018e+00 3.508007e+00 1.981667e+01
    endloop
  endfacet
  facet normal 9.036935e-01 -4.281800e-01 0.000000e+00
    outer loop
      vertex   -6.629018e+00 3.508007e+00 1.981667e+01
      vertex   -6.913116e+00 2.908406e+00 6.483333e+00
      vertex   -6.629018e+00 3.508007e+00 6.483333e+00
    endloop
  endfacet
  facet normal 8.623146e-01 -5.063730e-01 0.000000e+00
    outer loop
      vertex   -6.629018e+00 3.508007e+00 1.981667e+01
      vertex   -6.629018e+00 3.508007e+00 6.483333e+00
      vertex   -6.293040e+00 4.080153e+00 1.981667e+01
    endloop
  endfacet
  facet normal 8.623146e-01 -5.063730e-01 0.000000e+00
    outer loop
      vertex   -6.293040e+00 4.080153e+00 1.981667e+01
      vertex   -6.629018e+00 3.508007e+00 6.483333e+00
      vertex   -6.293040e+00 4.080153e+00 6.483333e+00
    endloop
  endfacet
  facet normal 8.141869e-01 -5.806029e-01 0.000000e+00
    outer loop
      vertex   -6.293040e+00 4.080153e+00 1.981667e+01
      vertex   -6.293040e+00 4.080153e+00 6.483333e+00
      vertex   -5.907810e+00 4.620366e+00 1.981667e+01
    endloop
  endfacet
  facet normal 8.141869e-01 -5.806029e-01 0.000000e+00
    outer loop
      vertex   -5.907810e+00 4.620366e+00 1.981667e+01
      vertex   -6.293040e+00 4.080153e+00 6.483333e+00
      vertex   -5.907810e+00 4.620366e+00 6.483333e+00
    endloop
  endfacet
  facet normal 7.596871e-01 -6.502888e-01 0.000000e+00
    outer loop
      vertex   -5.907810e+00 4.620366e+00 1.981667e+01
      vertex   -5.907810e+00 4.620366e+00 6.483333e+00
      vertex   -5.476343e+00 5.124419e+00 1.981667e+01
    endloop
  endfacet
  facet normal 7.596871e-01 -6.502888e-01 0.000000e+00
    outer loop
      vertex   -5.476343e+00 5.124419e+00 1.981667e+01
      vertex   -5.907810e+00 4.620366e+00 6.483333e+00
      vertex   -5.476343e+00 5.124419e+00 6.483333e+00
    endloop
  endfacet
  facet normal 6.992417e-01 -7.148853e-01 0.000000e+00
    outer loop
      vertex   -5.476343e+00 5.124419e+00 1.981667e+01
      vertex   -5.476343e+00 5.124419e+00 6.483333e+00
      vertex   -5.002016e+00 5.588366e+00 1.981667e+01
    endloop
  endfacet
  facet normal 6.992417e-01 -7.148853e-01 0.000000e+00
    outer loop
      vertex   -5.002016e+00 5.588366e+00 1.981667e+01
      vertex   -5.476343e+00 5.124419e+00 6.483333e+00
      vertex   -5.002016e+00 5.588366e+00 6.483333e+00
    endloop
  endfacet
  facet normal 6.333238e-01 -7.738869e-01 0.000000e+00
    outer loop
      vertex   -5.002016e+00 5.588366e+00 1.981667e+01
      vertex   -5.002016e+00 5.588366e+00 6.483333e+00
      vertex   -4.488542e+00 6.008576e+00 1.981667e+01
    endloop
  endfacet
  facet normal 6.333238e-01 -7.738869e-01 0.000000e+00
    outer loop
      vertex   -4.488542e+00 6.008576e+00 1.981667e+01
      vertex   -5.002016e+00 5.588366e+00 6.483333e+00
      vertex   -4.488542e+00 6.008576e+00 6.483333e+00
    endloop
  endfacet
  facet normal 5.624493e-01 -8.268318e-01 0.000000e+00
    outer loop
      vertex   -4.488542e+00 6.008576e+00 1.981667e+01
      vertex   -4.488542e+00 6.008576e+00 6.483333e+00
      vertex   -3.939939e+00 6.381761e+00 1.981667e+01
    endloop
  endfacet
  facet normal 5.624493e-01 -8.268318e-01 0.000000e+00
    outer loop
      vertex   -3.939939e+00 6.381761e+00 1.981667e+01
      vertex   -4.488542e+00 6.008576e+00 6.483333e+00
      vertex   -3.939939e+00 6.381761e+00 6.483333e+00
    endloop
  endfacet
  facet normal 4.871728e-01 -8.733056e-01 0.000000e+00
    outer loop
      vertex   -3.939939e+00 6.381761e+00 1.981667e+01
      vertex   -3.939939e+00 6.381761e+00 6.483333e+00
      vertex   -3.360501e+00 6.705001e+00 1.981667e+01
    endloop
  endfacet
  facet normal 4.871728e-01 -8.733056e-01 9.495491e-18
    outer loop
      vertex   -3.360501e+00 6.705001e+00 1.981667e+01
      vertex   -3.939939e+00 6.381761e+00 6.483333e+00
      vertex   -3.360501e+00 6.705001e+00 6.483333e+00
    endloop
  endfacet
  facet normal 4.080836e-01 -9.129446e-01 2.003858e-17
    outer loop
      vertex   -3.360501e+00 6.705001e+00 1.981667e+01
      vertex   -3.360501e+00 6.705001e+00 6.483333e+00
      vertex   -2.754762e+00 6.975764e+00 1.981667e+01
    endloop
  endfacet
  facet normal 4.080836e-01 -9.129446e-01 0.000000e+00
    outer loop
      vertex   -2.754762e+00 6.975764e+00 1.981667e+01
      vertex   -3.360501e+00 6.705001e+00 6.483333e+00
      vertex   -2.754762e+00 6.975764e+00 6.483333e+00
    endloop
  endfacet
  facet normal 3.258006e-01 -9.454385e-01 0.000000e+00
    outer loop
      vertex   -2.754762e+00 6.975764e+00 1.981667e+01
      vertex   -2.754762e+00 6.975764e+00 6.483333e+00
      vertex   -2.127463e+00 7.191933e+00 1.981667e+01
    endloop
  endfacet
  facet normal 3.258006e-01 -9.454385e-01 0.000000e+00
    outer loop
      vertex   -2.127463e+00 7.191933e+00 1.981667e+01
      vertex   -2.754762e+00 6.975764e+00 6.483333e+00
      vertex   -2.127463e+00 7.191933e+00 6.483333e+00
    endloop
  endfacet
  facet normal 2.409677e-01 -9.705331e-01 0.000000e+00
    outer loop
      vertex   -2.127463e+00 7.191933e+00 1.981667e+01
      vertex   -2.127463e+00 7.191933e+00 6.483333e+00
      vertex   -1.483514e+00 7.351815e+00 1.981667e+01
    endloop
  endfacet
  facet normal 2.409677e-01 -9.705331e-01 3.210335e-17
    outer loop
      vertex   -1.483514e+00 7.351815e+00 1.981667e+01
      vertex   -2.127463e+00 7.191933e+00 6.483333e+00
      vertex   -1.483514e+00 7.351815e+00 6.483333e+00
    endloop
  endfacet
  facet normal 1.542489e-01 -9.880320e-01 2.055009e-17
    outer loop
      vertex   -1.483514e+00 7.351815e+00 1.981667e+01
      vertex   -1.483514e+00 7.351815e+00 6.483333e+00
      vertex   -8.279550e-01 7.454159e+00 1.981667e+01
    endloop
  endfacet
  facet normal 1.542489e-01 -9.880320e-01 0.000000e+00
    outer loop
      vertex   -8.279550e-01 7.454159e+00 1.981667e+01
      vertex   -1.483514e+00 7.351815e+00 6.483333e+00
      vertex   -8.279550e-01 7.454159e+00 6.483333e+00
    endloop
  endfacet
  facet normal 6.632296e-02 -9.977982e-01 0.000000e+00
    outer loop
      vertex   -8.279550e-01 7.454159e+00 1.981667e+01
      vertex   -8.279550e-01 7.454159e+00 6.483333e+00
      vertex   -1.659157e-01 7.498165e+00 1.981667e+01
    endloop
  endfacet
  facet normal 6.632296e-02 -9.977982e-01 0.000000e+00
    outer loop
      vertex   -1.659157e-01 7.498165e+00 1.981667e+01
      vertex   -8.279550e-01 7.454159e+00 6.483333e+00
      vertex   -1.659157e-01 7.498165e+00 6.483333e+00
    endloop
  endfacet
  facet normal -2.212209e-02 -9.997553e-01 -0.000000e+00
    outer loop
      vertex   -1.659157e-01 7.498165e+00 1.981667e+01
      vertex   -1.659157e-01 7.498165e+00 6.483333e+00
      vertex   4.974222e-01 7.483487e+00 1.981667e+01
    endloop
  endfacet
  facet normal -2.212209e-02 -9.997553e-01 -0.000000e+00
    outer loop
      vertex   4.974222e-01 7.483487e+00 1.981667e+01
      vertex   -1.659157e-01 7.498165e+00 6.483333e+00
      vertex   4.974222e-01 7.483487e+00 6.483333e+00
    endloop
  endfacet
  facet normal -1.103940e-01 -9.938879e-01 -0.000000e+00
    outer loop
      vertex   4.974222e-01 7.483487e+00 1.981667e+01
      vertex   4.974222e-01 7.483487e+00 6.483333e+00
      vertex   1.156867e+00 7.410240e+00 1.981667e+01
    endloop
  endfacet
  facet normal -1.103940e-01 -9.938879e-01 -1.470743e-17
    outer loop
      vertex   1.156867e+00 7.410240e+00 1.981667e+01
      vertex   4.974222e-01 7.483487e+00 6.483333e+00
      vertex   1.156867e+00 7.410240e+00 6.483333e+00
    endloop
  endfacet
  facet normal -1.978019e-01 -9.802420e-01 -2.635251e-17
    outer loop
      vertex   1.156867e+00 7.410240e+00 1.981667e+01
      vertex   1.156867e+00 7.410240e+00 6.483333e+00
      vertex   1.807258e+00 7.278999e+00 1.981667e+01
    endloop
  endfacet
  facet normal -1.978019e-01 -9.802420e-01 -0.000000e+00
    outer loop
      vertex   1.807258e+00 7.278999e+00 1.981667e+01
      vertex   1.156867e+00 7.410240e+00 6.483333e+00
      vertex   1.807258e+00 7.278999e+00 6.483333e+00
    endloop
  endfacet
  facet normal -2.836618e-01 -9.589244e-01 -0.000000e+00
    outer loop
      vertex   1.807258e+00 7.278999e+00 1.981667e+01
      vertex   1.807258e+00 7.278999e+00 6.483333e+00
      vertex   2.443504e+00 7.090789e+00 1.981667e+01
    endloop
  endfacet
  facet normal -2.836618e-01 -9.589244e-01 -0.000000e+00
    outer loop
      vertex   2.443504e+00 7.090789e+00 1.981667e+01
      vertex   1.807258e+00 7.278999e+00 6.483333e+00
      vertex   2.443504e+00 7.090789e+00 6.483333e+00
    endloop
  endfacet
  facet normal -3.673016e-01 -9.301019e-01 -0.000000e+00
    outer loop
      vertex   2.443504e+00 7.090789e+00 1.981667e+01
      vertex   2.443504e+00 7.090789e+00 6.483333e+00
      vertex   3.060627e+00 6.847084e+00 1.981667e+01
    endloop
  endfacet
  facet normal -3.673016e-01 -9.301019e-01 -0.000000e+00
    outer loop
      vertex   3.060627e+00 6.847084e+00 1.981667e+01
      vertex   2.443504e+00 7.090789e+00 6.483333e+00
      vertex   3.060627e+00 6.847084e+00 6.483333e+00
    endloop
  endfacet
  facet normal -4.480668e-01 -8.940001e-01 -0.000000e+00
    outer loop
      vertex   3.060627e+00 6.847084e+00 1.981667e+01
      vertex   3.060627e+00 6.847084e+00 6.483333e+00
      vertex   3.653796e+00 6.549792e+00 1.981667e+01
    endloop
  endfacet
  facet normal -4.480668e-01 -8.940001e-01 -0.000000e+00
    outer loop
      vertex   3.653796e+00 6.549792e+00 1.981667e+01
      vertex   3.060627e+00 6.847084e+00 6.483333e+00
      vertex   3.653796e+00 6.549792e+00 6.483333e+00
    endloop
  endfacet
  facet normal -5.253252e-01 -8.509015e-01 -0.000000e+00
    outer loop
      vertex   3.653796e+00 6.549792e+00 1.981667e+01
      vertex   3.653796e+00 6.549792e+00 6.483333e+00
      vertex   4.218370e+00 6.201238e+00 1.981667e+01
    endloop
  endfacet
  facet normal -5.253252e-01 -8.509015e-01 -0.000000e+00
    outer loop
      vertex   4.218370e+00 6.201238e+00 1.981667e+01
      vertex   3.653796e+00 6.549792e+00 6.483333e+00
      vertex   4.218370e+00 6.201238e+00 6.483333e+00
    endloop
  endfacet
  facet normal -5.984723e-01 -8.011435e-01 -0.000000e+00
    outer loop
      vertex   4.218370e+00 6.201238e+00 1.981667e+01
      vertex   4.218370e+00 6.201238e+00 6.483333e+00
      vertex   4.749929e+00 5.804152e+00 1.981667e+01
    endloop
  endfacet
  facet normal -5.984723e-01 -8.011435e-01 -0.000000e+00
    outer loop
      vertex   4.749929e+00 5.804152e+00 1.981667e+01
      vertex   4.218370e+00 6.201238e+00 6.483333e+00
      vertex   4.749929e+00 5.804152e+00 6.483333e+00
    endloop
  endfacet
  facet normal -6.669355e-01 -7.451154e-01 -0.000000e+00
    outer loop
      vertex   4.749929e+00 5.804152e+00 1.981667e+01
      vertex   4.749929e+00 5.804152e+00 6.483333e+00
      vertex   5.244313e+00 5.361640e+00 1.981667e+01
    endloop
  endfacet
  facet normal -6.669355e-01 -7.451154e-01 -0.000000e+00
    outer loop
      vertex   5.244313e+00 5.361640e+00 1.981667e+01
      vertex   4.749929e+00 5.804152e+00 6.483333e+00
      vertex   5.244313e+00 5.361640e+00 6.483333e+00
    endloop
  endfacet
  facet normal -7.301791e-01 -6.832558e-01 -0.000000e+00
    outer loop
      vertex   5.244313e+00 5.361640e+00 1.981667e+01
      vertex   5.244313e+00 5.361640e+00 6.483333e+00
      vertex   5.697653e+00 4.877166e+00 1.981667e+01
    endloop
  endfacet
  facet normal -7.301791e-01 -6.832558e-01 -0.000000e+00
    outer loop
      vertex   5.697653e+00 4.877166e+00 1.981667e+01
      vertex   5.244313e+00 5.361640e+00 6.483333e+00
      vertex   5.697653e+00 4.877166e+00 6.483333e+00
    endloop
  endfacet
  facet normal -7.877080e-01 -6.160488e-01 -0.000000e+00
    outer loop
      vertex   5.697653e+00 4.877166e+00 1.981667e+01
      vertex   5.697653e+00 4.877166e+00 6.483333e+00
      vertex   6.106402e+00 4.354522e+00 1.981667e+01
    endloop
  endfacet
  facet normal -7.877080e-01 -6.160488e-01 -0.000000e+00
    outer loop
      vertex   6.106402e+00 4.354522e+00 1.981667e+01
      vertex   5.697653e+00 4.877166e+00 6.483333e+00
      vertex   6.106402e+00 4.354522e+00 6.483333e+00
    endloop
  endfacet
  facet normal -8.390720e-01 -5.440204e-01 -0.000000e+00
    outer loop
      vertex   6.106402e+00 4.354522e+00 1.981667e+01
      vertex   6.106402e+00 4.354522e+00 6.483333e+00
      vertex   6.467359e+00 3.797797e+00 1.981667e+01
    endloop
  endfacet
  facet normal -8.390720e-01 -5.440204e-01 -0.000000e+00
    outer loop
      vertex   6.467359e+00 3.797797e+00 1.981667e+01
      vertex   6.106402e+00 4.354522e+00 6.483333e+00
      vertex   6.467359e+00 3.797797e+00 6.483333e+00
    endloop
  endfacet
  facet normal -8.838691e-01 -4.677343e-01 -0.000000e+00
    outer loop
      vertex   6.467359e+00 3.797797e+00 1.981667e+01
      vertex   6.467359e+00 3.797797e+00 6.483333e+00
      vertex   6.777701e+00 3.211350e+00 1.981667e+01
    endloop
  endfacet
  facet normal -8.838691e-01 -4.677343e-01 -0.000000e+00
    outer loop
      vertex   6.777701e+00 3.211350e+00 1.981667e+01
      vertex   6.467359e+00 3.797797e+00 6.483333e+00
      vertex   6.777701e+00 3.211350e+00 6.483333e+00
    endloop
  endfacet
  facet normal -9.217488e-01 -3.877875e-01 -0.000000e+00
    outer loop
      vertex   6.777701e+00 3.211350e+00 1.981667e+01
      vertex   6.777701e+00 3.211350e+00 6.483333e+00
      vertex   7.034998e+00 2.599769e+00 1.981667e+01
    endloop
  endfacet
  facet normal -9.217488e-01 -3.877875e-01 -0.000000e+00
    outer loop
      vertex   7.034998e+00 2.599769e+00 1.981667e+01
      vertex   6.777701e+00 3.211350e+00 6.483333e+00
      vertex   7.034998e+00 2.599769e+00 6.483333e+00
    endloop
  endfacet
  facet normal -9.524145e-01 -3.048058e-01 -0.000000e+00
    outer loop
      vertex   7.034998e+00 2.599769e+00 1.981667e+01
      vertex   7.034998e+00 2.599769e+00 6.483333e+00
      vertex   7.237237e+00 1.967842e+00 1.981667e+01
    endloop
  endfacet
  facet normal -9.524145e-01 -3.048058e-01 -0.000000e+00
    outer loop
      vertex   7.237237e+00 1.967842e+00 1.981667e+01
      vertex   7.034998e+00 2.599769e+00 6.483333e+00
      vertex   7.237237e+00 1.967842e+00 6.483333e+00
    endloop
  endfacet
  facet normal -9.756263e-01 -2.194385e-01 -0.000000e+00
    outer loop
      vertex   7.237237e+00 1.967842e+00 1.981667e+01
      vertex   7.237237e+00 1.967842e+00 6.483333e+00
      vertex   7.382834e+00 1.320514e+00 1.981667e+01
    endloop
  endfacet
  facet normal -9.756263e-01 -2.194385e-01 -0.000000e+00
    outer loop
      vertex   7.382834e+00 1.320514e+00 1.981667e+01
      vertex   7.237237e+00 1.967842e+00 6.483333e+00
      vertex   7.382834e+00 1.320514e+00 6.483333e+00
    endloop
  endfacet
  facet normal -9.912025e-01 -1.323539e-01 -0.000000e+00
    outer loop
      vertex   7.382834e+00 1.320514e+00 1.981667e+01
      vertex   7.382834e+00 1.320514e+00 6.483333e+00
      vertex   7.470651e+00 6.628508e-01 1.981667e+01
    endloop
  endfacet
  facet normal -9.912025e-01 -1.323539e-01 -0.000000e+00
    outer loop
      vertex   7.470651e+00 6.628508e-01 1.981667e+01
      vertex   7.382834e+00 1.320514e+00 6.483333e+00
      vertex   7.470651e+00 6.628508e-01 6.483333e+00
    endloop
  endfacet
  facet normal -9.990212e-01 -4.423335e-02 -0.000000e+00
    outer loop
      vertex   7.470651e+00 6.628508e-01 1.981667e+01
      vertex   7.470651e+00 6.628508e-01 6.483333e+00
      vertex   7.500000e+00 -9.184851e-16 1.981667e+01
    endloop
  endfacet
  facet normal -9.990212e-01 -4.423335e-02 -0.000000e+00
    outer loop
      vertex   7.500000e+00 -9.184851e-16 1.981667e+01
      vertex   7.470651e+00 6.628508e-01 6.483333e+00
      vertex   7.500000e+00 -9.184851e-16 6.483333e+00
    endloop
  endfacet
  facet normal 9.990990e-01 -4.244120e-02 0.000000e+00
    outer loop
      vertex   7.971180e+00 -6.784474e-01 3.315000e+01
      vertex   7.971180e+00 -6.784474e-01 1.963667e+01
      vertex   8.000000e+00 9.797174e-16 3.315000e+01
    endloop
  endfacet
  facet normal 9.990990e-01 -4.244120e-02 0.000000e+00
    outer loop
      vertex   8.000000e+00 9.797174e-16 3.315000e+01
      vertex   7.971180e+00 -6.784474e-01 1.963667e+01
      vertex   8.000000e+00 9.797174e-16 1.963667e+01
    endloop
  endfacet
  facet normal 9.990990e-01 4.244120e-02 0.000000e+00
    outer loop
      vertex   8.000000e+00 9.797174e-16 3.315000e+01
      vertex   8.000000e+00 9.797174e-16 1.963667e+01
      vertex   7.971180e+00 6.784474e-01 3.315000e+01
    endloop
  endfacet
  facet normal 9.990990e-01 4.244120e-02 0.000000e+00
    outer loop
      vertex   7.971180e+00 6.784474e-01 3.315000e+01
      vertex   8.000000e+00 9.797174e-16 1.963667e+01
      vertex   7.971180e+00 6.784474e-01 1.963667e+01
    endloop
  endfacet
  facet normal 9.919004e-01 1.270178e-01 0.000000e+00
    outer loop
      vertex   7.971180e+00 6.784474e-01 3.315000e+01
      vertex   7.971180e+00 6.784474e-01 1.963667e+01
      vertex   7.884927e+00 1.352007e+00 3.315000e+01
    endloop
  endfacet
  facet normal 9.919004e-01 1.270178e-01 0.000000e+00
    outer loop
      vertex   7.884927e+00 1.352007e+00 3.315000e+01
      vertex   7.971180e+00 6.784474e-01 1.963667e+01
      vertex   7.884927e+00 1.352007e+00 1.963667e+01
    endloop
  endfacet
  facet normal 9.775552e-01 2.106793e-01 0.000000e+00
    outer loop
      vertex   7.884927e+00 1.352007e+00 3.315000e+01
      vertex   7.884927e+00 1.352007e+00 1.963667e+01
      vertex   7.741864e+00 2.015824e+00 3.315000e+01
    endloop
  endfacet
  facet normal 9.775552e-01 2.106793e-01 0.000000e+00
    outer loop
      vertex   7.741864e+00 2.015824e+00 3.315000e+01
      vertex   7.884927e+00 1.352007e+00 1.963667e+01
      vertex   7.741864e+00 2.015824e+00 1.963667e+01
    endloop
  endfacet
  facet normal 9.561667e-01 2.928228e-01 0.000000e+00
    outer loop
      vertex   7.741864e+00 2.015824e+00 3.315000e+01
      vertex   7.741864e+00 2.015824e+00 1.963667e+01
      vertex   7.543020e+00 2.665118e+00 3.315000e+01
    endloop
  endfacet
  facet normal 9.561667e-01 2.928228e-01 0.000000e+00
    outer loop
      vertex   7.543020e+00 2.665118e+00 3.315000e+01
      vertex   7.741864e+00 2.015824e+00 1.963667e+01
      vertex   7.543020e+00 2.665118e+00 1.963667e+01
    endloop
  endfacet
  facet normal 9.278890e-01 3.728565e-01 0.000000e+00
    outer loop
      vertex   7.543020e+00 2.665118e+00 3.315000e+01
      vertex   7.543020e+00 2.665118e+00 1.963667e+01
      vertex   7.289828e+00 3.295210e+00 3.315000e+01
    endloop
  endfacet
  facet normal 9.278890e-01 3.728565e-01 0.000000e+00
    outer loop
      vertex   7.289828e+00 3.295210e+00 3.315000e+01
      vertex   7.543020e+00 2.665118e+00 1.963667e+01
      vertex   7.289828e+00 3.295210e+00 1.963667e+01
    endloop
  endfacet
  facet normal 8.929259e-01 4.502037e-01 0.000000e+00
    outer loop
      vertex   7.289828e+00 3.295210e+00 3.315000e+01
      vertex   7.289828e+00 3.295210e+00 1.963667e+01
      vertex   6.984113e+00 3.901560e+00 3.315000e+01
    endloop
  endfacet
  facet normal 8.929259e-01 4.502037e-01 0.000000e+00
    outer loop
      vertex   6.984113e+00 3.901560e+00 3.315000e+01
      vertex   7.289828e+00 3.295210e+00 1.963667e+01
      vertex   6.984113e+00 3.901560e+00 1.963667e+01
    endloop
  endfacet
  facet normal 8.515291e-01 5.243073e-01 0.000000e+00
    outer loop
      vertex   6.984113e+00 3.901560e+00 3.315000e+01
      vertex   6.984113e+00 3.901560e+00 1.963667e+01
      vertex   6.628077e+00 4.479798e+00 3.315000e+01
    endloop
  endfacet
  facet normal 8.515291e-01 5.243073e-01 0.000000e+00
    outer loop
      vertex   6.628077e+00 4.479798e+00 3.315000e+01
      vertex   6.984113e+00 3.901560e+00 1.963667e+01
      vertex   6.628077e+00 4.479798e+00 1.963667e+01
    endloop
  endfacet
  facet normal 8.039971e-01 5.946332e-01 0.000000e+00
    outer loop
      vertex   6.628077e+00 4.479798e+00 3.315000e+01
      vertex   6.628077e+00 4.479798e+00 1.963667e+01
      vertex   6.224286e+00 5.025760e+00 3.315000e+01
    endloop
  endfacet
  facet normal 8.039971e-01 5.946332e-01 0.000000e+00
    outer loop
      vertex   6.224286e+00 5.025760e+00 3.315000e+01
      vertex   6.628077e+00 4.479798e+00 1.963667e+01
      vertex   6.224286e+00 5.025760e+00 1.963667e+01
    endloop
  endfacet
  facet normal 7.506723e-01 6.606747e-01 0.000000e+00
    outer loop
      vertex   6.224286e+00 5.025760e+00 3.315000e+01
      vertex   6.224286e+00 5.025760e+00 1.963667e+01
      vertex   5.775649e+00 5.535511e+00 3.315000e+01
    endloop
  endfacet
  facet normal 7.506723e-01 6.606747e-01 0.000000e+00
    outer loop
      vertex   5.775649e+00 5.535511e+00 3.315000e+01
      vertex   6.224286e+00 5.025760e+00 1.963667e+01
      vertex   5.775649e+00 5.535511e+00 1.963667e+01
    endloop
  endfacet
  facet normal 6.919389e-01 7.219561e-01 0.000000e+00
    outer loop
      vertex   5.775649e+00 5.535511e+00 3.315000e+01
      vertex   5.775649e+00 5.535511e+00 1.963667e+01
      vertex   5.285398e+00 6.005378e+00 3.315000e+01
    endloop
  endfacet
  facet normal 6.919389e-01 7.219561e-01 0.000000e+00
    outer loop
      vertex   5.285398e+00 6.005378e+00 3.315000e+01
      vertex   5.775649e+00 5.535511e+00 1.963667e+01
      vertex   5.285398e+00 6.005378e+00 1.963667e+01
    endloop
  endfacet
  facet normal 6.282200e-01 7.780358e-01 0.000000e+00
    outer loop
      vertex   5.285398e+00 6.005378e+00 3.315000e+01
      vertex   5.285398e+00 6.005378e+00 1.963667e+01
      vertex   4.757065e+00 6.431977e+00 3.315000e+01
    endloop
  endfacet
  facet normal 6.282200e-01 7.780358e-01 0.000000e+00
    outer loop
      vertex   4.757065e+00 6.431977e+00 3.315000e+01
      vertex   5.285398e+00 6.005378e+00 1.963667e+01
      vertex   4.757065e+00 6.431977e+00 1.963667e+01
    endloop
  endfacet
  facet normal 5.599748e-01 8.285096e-01 0.000000e+00
    outer loop
      vertex   4.757065e+00 6.431977e+00 3.315000e+01
      vertex   4.757065e+00 6.431977e+00 1.963667e+01
      vertex   4.194458e+00 6.812233e+00 3.315000e+01
    endloop
  endfacet
  facet normal 5.599748e-01 8.285096e-01 0.000000e+00
    outer loop
      vertex   4.194458e+00 6.812233e+00 3.315000e+01
      vertex   4.757065e+00 6.431977e+00 1.963667e+01
      vertex   4.194458e+00 6.812233e+00 1.963667e+01
    endloop
  endfacet
  facet normal 4.876949e-01 8.730141e-01 0.000000e+00
    outer loop
      vertex   4.194458e+00 6.812233e+00 3.315000e+01
      vertex   4.194458e+00 6.812233e+00 1.963667e+01
      vertex   3.601630e+00 7.143407e+00 3.315000e+01
    endloop
  endfacet
  facet normal 4.876949e-01 8.730141e-01 0.000000e+00
    outer loop
      vertex   3.601630e+00 7.143407e+00 3.315000e+01
      vertex   4.194458e+00 6.812233e+00 1.963667e+01
      vertex   3.601630e+00 7.143407e+00 1.963667e+01
    endloop
  endfacet
  facet normal 4.119012e-01 9.112285e-01 0.000000e+00
    outer loop
      vertex   3.601630e+00 7.143407e+00 3.315000e+01
      vertex   3.601630e+00 7.143407e+00 1.963667e+01
      vertex   2.982852e+00 7.423112e+00 3.315000e+01
    endloop
  endfacet
  facet normal 4.119012e-01 9.112285e-01 0.000000e+00
    outer loop
      vertex   2.982852e+00 7.423112e+00 3.315000e+01
      vertex   3.601630e+00 7.143407e+00 1.963667e+01
      vertex   2.982852e+00 7.423112e+00 1.963667e+01
    endloop
  endfacet
  facet normal 3.331398e-01 9.428774e-01 0.000000e+00
    outer loop
      vertex   2.982852e+00 7.423112e+00 3.315000e+01
      vertex   2.982852e+00 7.423112e+00 1.963667e+01
      vertex   2.342582e+00 7.649334e+00 3.315000e+01
    endloop
  endfacet
  facet normal 3.331398e-01 9.428774e-01 0.000000e+00
    outer loop
      vertex   2.342582e+00 7.649334e+00 3.315000e+01
      vertex   2.982852e+00 7.423112e+00 1.963667e+01
      vertex   2.342582e+00 7.649334e+00 1.963667e+01
    endloop
  endfacet
  facet normal 2.519781e-01 9.677329e-01 0.000000e+00
    outer loop
      vertex   2.342582e+00 7.649334e+00 3.315000e+01
      vertex   2.342582e+00 7.649334e+00 1.963667e+01
      vertex   1.685434e+00 7.820442e+00 3.315000e+01
    endloop
  endfacet
  facet normal 2.519781e-01 9.677329e-01 0.000000e+00
    outer loop
      vertex   1.685434e+00 7.820442e+00 3.315000e+01
      vertex   2.342582e+00 7.649334e+00 1.963667e+01
      vertex   1.685434e+00 7.820442e+00 1.963667e+01
    endloop
  endfacet
  facet normal 1.690008e-01 9.856159e-01 0.000000e+00
    outer loop
      vertex   1.685434e+00 7.820442e+00 3.315000e+01
      vertex   1.685434e+00 7.820442e+00 1.963667e+01
      vertex   1.016143e+00 7.935203e+00 3.315000e+01
    endloop
  endfacet
  facet normal 1.690008e-01 9.856159e-01 0.000000e+00
    outer loop
      vertex   1.016143e+00 7.935203e+00 3.315000e+01
      vertex   1.685434e+00 7.820442e+00 1.963667e+01
      vertex   1.016143e+00 7.935203e+00 1.963667e+01
    endloop
  endfacet
  facet normal 8.480592e-02 9.963975e-01 0.000000e+00
    outer loop
      vertex   1.016143e+00 7.935203e+00 3.315000e+01
      vertex   1.016143e+00 7.935203e+00 1.963667e+01
      vertex   3.395296e-01 7.992792e+00 3.315000e+01
    endloop
  endfacet
  facet normal 8.480592e-02 9.963975e-01 0.000000e+00
    outer loop
      vertex   3.395296e-01 7.992792e+00 3.315000e+01
      vertex   1.016143e+00 7.935203e+00 1.963667e+01
      vertex   3.395296e-01 7.992792e+00 1.963667e+01
    endloop
  endfacet
  facet normal 2.615908e-15 1.000000e+00 0.000000e+00
    outer loop
      vertex   3.395296e-01 7.992792e+00 3.315000e+01
      vertex   3.395296e-01 7.992792e+00 1.963667e+01
      vertex   -3.395296e-01 7.992792e+00 3.315000e+01
    endloop
  endfacet
  facet normal 2.615908e-15 1.000000e+00 0.000000e+00
    outer loop
      vertex   -3.395296e-01 7.992792e+00 3.315000e+01
      vertex   3.395296e-01 7.992792e+00 1.963667e+01
      vertex   -3.395296e-01 7.992792e+00 1.963667e+01
    endloop
  endfacet
  facet normal -8.480592e-02 9.963975e-01 0.000000e+00
    outer loop
      vertex   -3.395296e-01 7.992792e+00 3.315000e+01
      vertex   -3.395296e-01 7.992792e+00 1.963667e+01
      vertex   -1.016143e+00 7.935203e+00 3.315000e+01
    endloop
  endfacet
  facet normal -8.480592e-02 9.963975e-01 0.000000e+00
    outer loop
      vertex   -1.016143e+00 7.935203e+00 3.315000e+01
      vertex   -3.395296e-01 7.992792e+00 1.963667e+01
      vertex   -1.016143e+00 7.935203e+00 1.963667e+01
    endloop
  endfacet
  facet normal -1.690008e-01 9.856159e-01 0.000000e+00
    outer loop
      vertex   -1.016143e+00 7.935203e+00 3.315000e+01
      vertex   -1.016143e+00 7.935203e+00 1.963667e+01
      vertex   -1.685434e+00 7.820442e+00 3.315000e+01
    endloop
  endfacet
  facet normal -1.690008e-01 9.856159e-01 0.000000e+00
    outer loop
      vertex   -1.685434e+00 7.820442e+00 3.315000e+01
      vertex   -1.016143e+00 7.935203e+00 1.963667e+01
      vertex   -1.685434e+00 7.820442e+00 1.963667e+01
    endloop
  endfacet
  facet normal -2.519781e-01 9.677329e-01 0.000000e+00
    outer loop
      vertex   -1.685434e+00 7.820442e+00 3.315000e+01
      vertex   -1.685434e+00 7.820442e+00 1.963667e+01
      vertex   -2.342582e+00 7.649334e+00 3.315000e+01
    endloop
  endfacet
  facet normal -2.519781e-01 9.677329e-01 0.000000e+00
    outer loop
      vertex   -2.342582e+00 7.649334e+00 3.315000e+01
      vertex   -1.685434e+00 7.820442e+00 1.963667e+01
      vertex   -2.342582e+00 7.649334e+00 1.963667e+01
    endloop
  endfacet
  facet normal -3.331398e-01 9.428774e-01 0.000000e+00
    outer loop
      vertex   -2.342582e+00 7.649334e+00 3.315000e+01
      vertex   -2.342582e+00 7.649334e+00 1.963667e+01
      vertex   -2.982852e+00 7.423112e+00 3.315000e+01
    endloop
  endfacet
  facet normal -3.331398e-01 9.428774e-01 0.000000e+00
    outer loop
      vertex   -2.982852e+00 7.423112e+00 3.315000e+01
      vertex   -2.342582e+00 7.649334e+00 1.963667e+01
      vertex   -2.982852e+00 7.423112e+00 1.963667e+01
    endloop
  endfacet
  facet normal -4.119012e-01 9.112285e-01 0.000000e+00
    outer loop
      vertex   -2.982852e+00 7.423112e+00 3.315000e+01
      vertex   -2.982852e+00 7.423112e+00 1.963667e+01
      vertex   -3.601630e+00 7.143407e+00 3.315000e+01
    endloop
  endfacet
  facet normal -4.119012e-01 9.112285e-01 0.000000e+00
    outer loop
      vertex   -3.601630e+00 7.143407e+00 3.315000e+01
      vertex   -2.982852e+00 7.423112e+00 1.963667e+01
      vertex   -3.601630e+00 7.143407e+00 1.963667e+01
    endloop
  endfacet
  facet normal -4.876949e-01 8.730141e-01 0.000000e+00
    outer loop
      vertex   -3.601630e+00 7.143407e+00 3.315000e+01
      vertex   -3.601630e+00 7.143407e+00 1.963667e+01
      vertex   -4.194458e+00 6.812233e+00 3.315000e+01
    endloop
  endfacet
  facet normal -4.876949e-01 8.730141e-01 0.000000e+00
    outer loop
      vertex   -4.194458e+00 6.812233e+00 3.315000e+01
      vertex   -3.601630e+00 7.143407e+00 1.963667e+01
      vertex   -4.194458e+00 6.812233e+00 1.963667e+01
    endloop
  endfacet
  facet normal -5.599748e-01 8.285096e-01 0.000000e+00
    outer loop
      vertex   -4.194458e+00 6.812233e+00 3.315000e+01
      vertex   -4.194458e+00 6.812233e+00 1.963667e+01
      vertex   -4.757065e+00 6.431977e+00 3.315000e+01
    endloop
  endfacet
  facet normal -5.599748e-01 8.285096e-01 0.000000e+00
    outer loop
      vertex   -4.757065e+00 6.431977e+00 3.315000e+01
      vertex   -4.194458e+00 6.812233e+00 1.963667e+01
      vertex   -4.757065e+00 6.431977e+00 1.963667e+01
    endloop
  endfacet
  facet normal -6.282200e-01 7.780358e-01 0.000000e+00
    outer loop
      vertex   -4.757065e+00 6.431977e+00 3.315000e+01
      vertex   -4.757065e+00 6.431977e+00 1.963667e+01
      vertex   -5.285398e+00 6.005378e+00 3.315000e+01
    endloop
  endfacet
  facet normal -6.282200e-01 7.780358e-01 0.000000e+00
    outer loop
      vertex   -5.285398e+00 6.005378e+00 3.315000e+01
      vertex   -4.757065e+00 6.431977e+00 1.963667e+01
      vertex   -5.285398e+00 6.005378e+00 1.963667e+01
    endloop
  endfacet
  facet normal -6.919389e-01 7.219561e-01 0.000000e+00
    outer loop
      vertex   -5.285398e+00 6.005378e+00 3.315000e+01
      vertex   -5.285398e+00 6.005378e+00 1.963667e+01
      vertex   -5.775649e+00 5.535511e+00 3.315000e+01
    endloop
  endfacet
  facet normal -6.919389e-01 7.219561e-01 0.000000e+00
    outer loop
      vertex   -5.775649e+00 5.535511e+00 3.315000e+01
      vertex   -5.285398e+00 6.005378e+00 1.963667e+01
      vertex   -5.775649e+00 5.535511e+00 1.963667e+01
    endloop
  endfacet
  facet normal -7.506723e-01 6.606747e-01 0.000000e+00
    outer loop
      vertex   -5.775649e+00 5.535511e+00 3.315000e+01
      vertex   -5.775649e+00 5.535511e+00 1.963667e+01
      vertex   -6.224286e+00 5.025760e+00 3.315000e+01
    endloop
  endfacet
  facet normal -7.506723e-01 6.606747e-01 0.000000e+00
    outer loop
      vertex   -6.224286e+00 5.025760e+00 3.315000e+01
      vertex   -5.775649e+00 5.535511e+00 1.963667e+01
      vertex   -6.224286e+00 5.025760e+00 1.963667e+01
    endloop
  endfacet
  facet normal -8.039971e-01 5.946332e-01 0.000000e+00
    outer loop
      vertex   -6.224286e+00 5.025760e+00 3.315000e+01
      vertex   -6.224286e+00 5.025760e+00 1.963667e+01
      vertex   -6.628077e+00 4.479798e+00 3.315000e+01
    endloop
  endfacet
  facet normal -8.039971e-01 5.946332e-01 0.000000e+00
    outer loop
      vertex   -6.628077e+00 4.479798e+00 3.315000e+01
      vertex   -6.224286e+00 5.025760e+00 1.963667e+01
      vertex   -6.628077e+00 4.479798e+00 1.963667e+01
    endloop
  endfacet
  facet normal -8.515291e-01 5.243073e-01 0.000000e+00
    outer loop
      vertex   -6.628077e+00 4.479798e+00 3.315000e+01
      vertex   -6.628077e+00 4.479798e+00 1.963667e+01
      vertex   -6.984113e+00 3.901560e+00 3.315000e+01
    endloop
  endfacet
  facet normal -8.515291e-01 5.243073e-01 0.000000e+00
    outer loop
      vertex   -6.984113e+00 3.901560e+00 3.315000e+01
      vertex   -6.628077e+00 4.479798e+00 1.963667e+01
      vertex   -6.984113e+00 3.901560e+00 1.963667e+01
    endloop
  endfacet
  facet normal -8.929259e-01 4.502037e-01 0.000000e+00
    outer loop
      vertex   -6.984113e+00 3.901560e+00 3.315000e+01
      vertex   -6.984113e+00 3.901560e+00 1.963667e+01
      vertex   -7.289828e+00 3.295210e+00 3.315000e+01
    endloop
  endfacet
  facet normal -8.929259e-01 4.502037e-01 0.000000e+00
    outer loop
      vertex   -7.289828e+00 3.295210e+00 3.315000e+01
      vertex   -6.984113e+00 3.901560e+00 1.963667e+01
      vertex   -7.289828e+00 3.295210e+00 1.963667e+01
    endloop
  endfacet
  facet normal -9.278890e-01 3.728565e-01 0.000000e+00
    outer loop
      vertex   -7.289828e+00 3.295210e+00 3.315000e+01
      vertex   -7.289828e+00 3.295210e+00 1.963667e+01
      vertex   -7.543020e+00 2.665118e+00 3.315000e+01
    endloop
  endfacet
  facet normal -9.278890e-01 3.728565e-01 0.000000e+00
    outer loop
      vertex   -7.543020e+00 2.665118e+00 3.315000e+01
      vertex   -7.289828e+00 3.295210e+00 1.963667e+01
      vertex   -7.543020e+00 2.665118e+00 1.963667e+01
    endloop
  endfacet
  facet normal -9.561667e-01 2.928228e-01 0.000000e+00
    outer loop
      vertex   -7.543020e+00 2.665118e+00 3.315000e+01
      vertex   -7.543020e+00 2.665118e+00 1.963667e+01
      vertex   -7.741864e+00 2.015824e+00 3.315000e+01
    endloop
  endfacet
  facet normal -9.561667e-01 2.928228e-01 0.000000e+00
    outer loop
      vertex   -7.741864e+00 2.015824e+00 3.315000e+01
      vertex   -7.543020e+00 2.665118e+00 1.963667e+01
      vertex   -7.741864e+00 2.015824e+00 1.963667e+01
    endloop
  endfacet
  facet normal -9.775552e-01 2.106793e-01 0.000000e+00
    outer loop
      vertex   -7.741864e+00 2.015824e+00 3.315000e+01
      vertex   -7.741864e+00 2.015824e+00 1.963667e+01
      vertex   -7.884927e+00 1.352007e+00 3.315000e+01
    endloop
  endfacet
  facet normal -9.775552e-01 2.106793e-01 0.000000e+00
    outer loop
      vertex   -7.884927e+00 1.352007e+00 3.315000e+01
      vertex   -7.741864e+00 2.015824e+00 1.963667e+01
      vertex   -7.884927e+00 1.352007e+00 1.963667e+01
    endloop
  endfacet
  facet normal -9.919004e-01 1.270178e-01 0.000000e+00
    outer loop
      vertex   -7.884927e+00 1.352007e+00 3.315000e+01
      vertex   -7.884927e+00 1.352007e+00 1.963667e+01
      vertex   -7.971180e+00 6.784474e-01 3.315000e+01
    endloop
  endfacet
  facet normal -9.919004e-01 1.270178e-01 -1.043548e-18
    outer loop
      vertex   -7.971180e+00 6.784474e-01 3.315000e+01
      vertex   -7.884927e+00 1.352007e+00 1.963667e+01
      vertex   -7.971180e+00 6.784474e-01 1.963667e+01
    endloop
  endfacet
  facet normal -9.990990e-01 4.244120e-02 -3.486867e-19
    outer loop
      vertex   -7.971180e+00 6.784474e-01 3.315000e+01
      vertex   -7.971180e+00 6.784474e-01 1.963667e+01
      vertex   -8.000000e+00 0.000000e+00 3.315000e+01
    endloop
  endfacet
  facet normal -9.990990e-01 4.244120e-02 0.000000e+00
    outer loop
      vertex   -8.000000e+00 0.000000e+00 3.315000e+01
      vertex   -7.971180e+00 6.784474e-01 1.963667e+01
      vertex   -8.000000e+00 0.000000e+00 1.963667e+01
    endloop
  endfacet
  facet normal -9.990990e-01 -4.244120e-02 -0.000000e+00
    outer loop
      vertex   -8.000000e+00 0.000000e+00 3.315000e+01
      vertex   -8.000000e+00 0.000000e+00 1.963667e+01
      vertex   -7.971180e+00 -6.784474e-01 3.315000e+01
    endloop
  endfacet
  facet normal -9.990990e-01 -4.244120e-02 -0.000000e+00
    outer loop
      vertex   -7.971180e+00 -6.784474e-01 3.315000e+01
      vertex   -8.000000e+00 0.000000e+00 1.963667e+01
      vertex   -7.971180e+00 -6.784474e-01 1.963667e+01
    endloop
  endfacet
  facet normal -9.919004e-01 -1.270178e-01 -0.000000e+00
    outer loop
      vertex   -7.971180e+00 -6.784474e-01 3.315000e+01
      vertex   -7.971180e+00 -6.784474e-01 1.963667e+01
      vertex   -7.884927e+00 -1.352007e+00 3.315000e+01
    endloop
  endfacet
  facet normal -9.919004e-01 -1.270178e-01 -0.000000e+00
    outer loop
      vertex   -7.884927e+00 -1.352007e+00 3.315000e+01
      vertex   -7.971180e+00 -6.784474e-01 1.963667e+01
      vertex   -7.884927e+00 -1.352007e+00 1.963667e+01
    endloop
  endfacet
  facet normal -9.775552e-01 -2.106793e-01 -0.000000e+00
    outer loop
      vertex   -7.884927e+00 -1.352007e+00 3.315000e+01
      vertex   -7.884927e+00 -1.352007e+00 1.963667e+01
      vertex   -7.741864e+00 -2.015824e+00 3.315000e+01
    endloop
  endfacet
  facet normal -9.775552e-01 -2.106793e-01 6.923561e-18
    outer loop
      vertex   -7.741864e+00 -2.015824e+00 3.315000e+01
      vertex   -7.884927e+00 -1.352007e+00 1.963667e+01
      vertex   -7.741864e+00 -2.015824e+00 1.963667e+01
    endloop
  endfacet
  facet normal -9.561667e-01 -2.928228e-01 9.623046e-18
    outer loop
      vertex   -7.741864e+00 -2.015824e+00 3.315000e+01
      vertex   -7.741864e+00 -2.015824e+00 1.963667e+01
      vertex   -7.543020e+00 -2.665118e+00 3.315000e+01
    endloop
  endfacet
  facet normal -9.561667e-01 -2.928228e-01 -0.000000e+00
    outer loop
      vertex   -7.543020e+00 -2.665118e+00 3.315000e+01
      vertex   -7.741864e+00 -2.015824e+00 1.963667e+01
      vertex   -7.543020e+00 -2.665118e+00 1.963667e+01
    endloop
  endfacet
  facet normal -9.278890e-01 -3.728565e-01 -0.000000e+00
    outer loop
      vertex   -7.543020e+00 -2.665118e+00 3.315000e+01
      vertex   -7.543020e+00 -2.665118e+00 1.963667e+01
      vertex   -7.289828e+00 -3.295210e+00 3.315000e+01
    endloop
  endfacet
  facet normal -9.278890e-01 -3.728565e-01 -0.000000e+00
    outer loop
      vertex   -7.289828e+00 -3.295210e+00 3.315000e+01
      vertex   -7.543020e+00 -2.665118e+00 1.963667e+01
      vertex   -7.289828e+00 -3.295210e+00 1.963667e+01
    endloop
  endfacet
  facet normal -8.929259e-01 -4.502037e-01 -0.000000e+00
    outer loop
      vertex   -7.289828e+00 -3.295210e+00 3.315000e+01
      vertex   -7.289828e+00 -3.295210e+00 1.963667e+01
      vertex   -6.984113e+00 -3.901560e+00 3.315000e+01
    endloop
  endfacet
  facet normal -8.929259e-01 -4.502037e-01 -0.000000e+00
    outer loop
      vertex   -6.984113e+00 -3.901560e+00 3.315000e+01
      vertex   -7.289828e+00 -3.295210e+00 1.963667e+01
      vertex   -6.984113e+00 -3.901560e+00 1.963667e+01
    endloop
  endfacet
  facet normal -8.515291e-01 -5.243073e-01 -0.000000e+00
    outer loop
      vertex   -6.984113e+00 -3.901560e+00 3.315000e+01
      vertex   -6.984113e+00 -3.901560e+00 1.963667e+01
      vertex   -6.628077e+00 -4.479798e+00 3.315000e+01
    endloop
  endfacet
  facet normal -8.515291e-01 -5.243073e-01 -0.000000e+00
    outer loop
      vertex   -6.628077e+00 -4.479798e+00 3.315000e+01
      vertex   -6.984113e+00 -3.901560e+00 1.963667e+01
      vertex   -6.628077e+00 -4.479798e+00 1.963667e+01
    endloop
  endfacet
  facet normal -8.039971e-01 -5.946332e-01 -0.000000e+00
    outer loop
      vertex   -6.628077e+00 -4.479798e+00 3.315000e+01
      vertex   -6.628077e+00 -4.479798e+00 1.963667e+01
      vertex   -6.224286e+00 -5.025760e+00 3.315000e+01
    endloop
  endfacet
  facet normal -8.039971e-01 -5.946332e-01 -0.000000e+00
    outer loop
      vertex   -6.224286e+00 -5.025760e+00 3.315000e+01
      vertex   -6.628077e+00 -4.479798e+00 1.963667e+01
      vertex   -6.224286e+00 -5.025760e+00 1.963667e+01
    endloop
  endfacet
  facet normal -7.506723e-01 -6.606747e-01 -0.000000e+00
    outer loop
      vertex   -6.224286e+00 -5.025760e+00 3.315000e+01
      vertex   -6.224286e+00 -5.025760e+00 1.963667e+01
      vertex   -5.775649e+00 -5.535511e+00 3.315000e+01
    endloop
  endfacet
  facet normal -7.506723e-01 -6.606747e-01 -0.000000e+00
    outer loop
      vertex   -5.775649e+00 -5.535511e+00 3.315000e+01
      vertex   -6.224286e+00 -5.025760e+00 1.963667e+01
      vertex   -5.775649e+00 -5.535511e+00 1.963667e+01
    endloop
  endfacet
  facet normal -6.919389e-01 -7.219561e-01 -0.000000e+00
    outer loop
      vertex   -5.775649e+00 -5.535511e+00 3.315000e+01
      vertex   -5.775649e+00 -5.535511e+00 1.963667e+01
      vertex   -5.285398e+00 -6.005378e+00 3.315000e+01
    endloop
  endfacet
  facet normal -6.919389e-01 -7.219561e-01 -0.000000e+00
    outer loop
      vertex   -5.285398e+00 -6.005378e+00 3.315000e+01
      vertex   -5.775649e+00 -5.535511e+00 1.963667e+01
      vertex   -5.285398e+00 -6.005378e+00 1.963667e+01
    endloop
  endfacet
  facet normal -6.282200e-01 -7.780358e-01 -0.000000e+00
    outer loop
      vertex   -5.285398e+00 -6.005378e+00 3.315000e+01
      vertex   -5.285398e+00 -6.005378e+00 1.963667e+01
      vertex   -4.757065e+00 -6.431977e+00 3.315000e+01
    endloop
  endfacet
  facet normal -6.282200e-01 -7.780358e-01 -0.000000e+00
    outer loop
      vertex   -4.757065e+00 -6.431977e+00 3.315000e+01
      vertex   -5.285398e+00 -6.005378e+00 1.963667e+01
      vertex   -4.757065e+00 -6.431977e+00 1.963667e+01
    endloop
  endfacet
  facet normal -5.599748e-01 -8.285096e-01 -0.000000e+00
    outer loop
      vertex   -4.757065e+00 -6.431977e+00 3.315000e+01
      vertex   -4.757065e+00 -6.431977e+00 1.963667e+01
      vertex   -4.194458e+00 -6.812233e+00 3.315000e+01
    endloop
  endfacet
  facet normal -5.599748e-01 -8.285096e-01 -0.000000e+00
    outer loop
      vertex   -4.194458e+00 -6.812233e+00 3.315000e+01
      vertex   -4.757065e+00 -6.431977e+00 1.963667e+01
      vertex   -4.194458e+00 -6.812233e+00 1.963667e+01
    endloop
  endfacet
  facet normal -4.876949e-01 -8.730141e-01 -0.000000e+00
    outer loop
      vertex   -4.194458e+00 -6.812233e+00 3.315000e+01
      vertex   -4.194458e+00 -6.812233e+00 1.963667e+01
      vertex   -3.601630e+00 -7.143407e+00 3.315000e+01
    endloop
  endfacet
  facet normal -4.876949e-01 -8.730141e-01 -0.000000e+00
    outer loop
      vertex   -3.601630e+00 -7.143407e+00 3.315000e+01
      vertex   -4.194458e+00 -6.812233e+00 1.963667e+01
      vertex   -3.601630e+00 -7.143407e+00 1.963667e+01
    endloop
  endfacet
  facet normal -4.119012e-01 -9.112285e-01 -0.000000e+00
    outer loop
      vertex   -3.601630e+00 -7.143407e+00 3.315000e+01
      vertex   -3.601630e+00 -7.143407e+00 1.963667e+01
      vertex   -2.982852e+00 -7.423112e+00 3.315000e+01
    endloop
  endfacet
  facet normal -4.119012e-01 -9.112285e-01 -0.000000e+00
    outer loop
      vertex   -2.982852e+00 -7.423112e+00 3.315000e+01
      vertex   -3.601630e+00 -7.143407e+00 1.963667e+01
      vertex   -2.982852e+00 -7.423112e+00 1.963667e+01
    endloop
  endfacet
  facet normal -3.331398e-01 -9.428774e-01 -0.000000e+00
    outer loop
      vertex   -2.982852e+00 -7.423112e+00 3.315000e+01
      vertex   -2.982852e+00 -7.423112e+00 1.963667e+01
      vertex   -2.342582e+00 -7.649334e+00 3.315000e+01
    endloop
  endfacet
  facet normal -3.331398e-01 -9.428774e-01 -0.000000e+00
    outer loop
      vertex   -2.342582e+00 -7.649334e+00 3.315000e+01
      vertex   -2.982852e+00 -7.423112e+00 1.963667e+01
      vertex   -2.342582e+00 -7.649334e+00 1.963667e+01
    endloop
  endfacet
  facet normal -2.519781e-01 -9.677329e-01 -0.000000e+00
    outer loop
      vertex   -2.342582e+00 -7.649334e+00 3.315000e+01
      vertex   -2.342582e+00 -7.649334e+00 1.963667e+01
      vertex   -1.685434e+00 -7.820442e+00 3.315000e+01
    endloop
  endfacet
  facet normal -2.519781e-01 -9.677329e-01 -0.000000e+00
    outer loop
      vertex   -1.685434e+00 -7.820442e+00 3.315000e+01
      vertex   -2.342582e+00 -7.649334e+00 1.963667e+01
      vertex   -1.685434e+00 -7.820442e+00 1.963667e+01
    endloop
  endfacet
  facet normal -1.690008e-01 -9.856159e-01 -0.000000e+00
    outer loop
      vertex   -1.685434e+00 -7.820442e+00 3.315000e+01
      vertex   -1.685434e+00 -7.820442e+00 1.963667e+01
      vertex   -1.016143e+00 -7.935203e+00 3.315000e+01
    endloop
  endfacet
  facet normal -1.690008e-01 -9.856159e-01 -0.000000e+00
    outer loop
      vertex   -1.016143e+00 -7.935203e+00 3.315000e+01
      vertex   -1.685434e+00 -7.820442e+00 1.963667e+01
      vertex   -1.016143e+00 -7.935203e+00 1.963667e+01
    endloop
  endfacet
  facet normal -8.480592e-02 -9.963975e-01 -0.000000e+00
    outer loop
      vertex   -1.016143e+00 -7.935203e+00 3.315000e+01
      vertex   -1.016143e+00 -7.935203e+00 1.963667e+01
      vertex   -3.395296e-01 -7.992792e+00 3.315000e+01
    endloop
  endfacet
  facet normal -8.480592e-02 -9.963975e-01 -0.000000e+00
    outer loop
      vertex   -3.395296e-01 -7.992792e+00 3.315000e+01
      vertex   -1.016143e+00 -7.935203e+00 1.963667e+01
      vertex   -3.395296e-01 -7.992792e+00 1.963667e+01
    endloop
  endfacet
  facet normal 0.000000e+00 -1.000000e+00 0.000000e+00
    outer loop
      vertex   -3.395296e-01 -7.992792e+00 3.315000e+01
      vertex   -3.395296e-01 -7.992792e+00 1.963667e+01
      vertex   3.395296e-01 -7.992792e+00 3.315000e+01
    endloop
  endfacet
  facet normal 0.000000e+00 -1.000000e+00 -0.000000e+00
    outer loop
      vertex   3.395296e-01 -7.992792e+00 3.315000e+01
      vertex   -3.395296e-01 -7.992792e+00 1.963667e+01
      vertex   3.395296e-01 -7.992792e+00 1.963667e+01
    endloop
  endfacet
  facet normal 8.480592e-02 -9.963975e-01 0.000000e+00
    outer loop
      vertex   3.395296e-01 -7.992792e+00 3.315000e+01
      vertex   3.395296e-01 -7.992792e+00 1.963667e+01
      vertex   1.016143e+00 -7.935203e+00 3.315000e+01
    endloop
  endfacet
  facet normal 8.480592e-02 -9.963975e-01 0.000000e+00
    outer loop
      vertex   1.016143e+00 -7.935203e+00 3.315000e+01
      vertex   3.395296e-01 -7.992792e+00 1.963667e+01
      vertex   1.016143e+00 -7.935203e+00 1.963667e+01
    endloop
  endfacet
  facet normal 1.690008e-01 -9.856159e-01 0.000000e+00
    outer loop
      vertex   1.016143e+00 -7.935203e+00 3.315000e+01
      vertex   1.016143e+00 -7.935203e+00 1.963667e+01
      vertex   1.685434e+00 -7.820442e+00 3.315000e+01
    endloop
  endfacet
  facet normal 1.690008e-01 -9.856159e-01 0.000000e+00
    outer loop
      vertex   1.685434e+00 -7.820442e+00 3.315000e+01
      vertex   1.016143e+00 -7.935203e+00 1.963667e+01
      vertex   1.685434e+00 -7.820442e+00 1.963667e+01
    endloop
  endfacet
  facet normal 2.519781e-01 -9.677329e-01 0.000000e+00
    outer loop
      vertex   1.685434e+00 -7.820442e+00 3.315000e+01
      vertex   1.685434e+00 -7.820442e+00 1.963667e+01
      vertex   2.342582e+00 -7.649334e+00 3.315000e+01
    endloop
  endfacet
  facet normal 2.519781e-01 -9.677329e-01 0.000000e+00
    outer loop
      vertex   2.342582e+00 -7.649334e+00 3.315000e+01
      vertex   1.685434e+00 -7.820442e+00 1.963667e+01
      vertex   2.342582e+00 -7.649334e+00 1.963667e+01
    endloop
  endfacet
  facet normal 3.331398e-01 -9.428774e-01 0.000000e+00
    outer loop
      vertex   2.342582e+00 -7.649334e+00 3.315000e+01
      vertex   2.342582e+00 -7.649334e+00 1.963667e+01
      vertex   2.982852e+00 -7.423112e+00 3.315000e+01
    endloop
  endfacet
  facet normal 3.331398e-01 -9.428774e-01 0.000000e+00
    outer loop
      vertex   2.982852e+00 -7.423112e+00 3.315000e+01
      vertex   2.342582e+00 -7.649334e+00 1.963667e+01
      vertex   2.982852e+00 -7.423112e+00 1.963667e+01
    endloop
  endfacet
  facet normal 4.119012e-01 -9.112285e-01 0.000000e+00
    outer loop
      vertex   2.982852e+00 -7.423112e+00 3.315000e+01
      vertex   2.982852e+00 -7.423112e+00 1.963667e+01
      vertex   3.601630e+00 -7.143407e+00 3.315000e+01
    endloop
  endfacet
  facet normal 4.119012e-01 -9.112285e-01 0.000000e+00
    outer loop
      vertex   3.601630e+00 -7.143407e+00 3.315000e+01
      vertex   2.982852e+00 -7.423112e+00 1.963667e+01
      vertex   3.601630e+00 -7.143407e+00 1.963667e+01
    endloop
  endfacet
  facet normal 4.876949e-01 -8.730141e-01 0.000000e+00
    outer loop
      vertex   3.601630e+00 -7.143407e+00 3.315000e+01
      vertex   3.601630e+00 -7.143407e+00 1.963667e+01
      vertex   4.194458e+00 -6.812233e+00 3.315000e+01
    endloop
  endfacet
  facet normal 4.876949e-01 -8.730141e-01 0.000000e+00
    outer loop
      vertex   4.194458e+00 -6.812233e+00 3.315000e+01
      vertex   3.601630e+00 -7.143407e+00 1.963667e+01
      vertex   4.194458e+00 -6.812233e+00 1.963667e+01
    endloop
  endfacet
  facet normal 5.599748e-01 -8.285096e-01 0.000000e+00
    outer loop
      vertex   4.194458e+00 -6.812233e+00 3.315000e+01
      vertex   4.194458e+00 -6.812233e+00 1.963667e+01
      vertex   4.757065e+00 -6.431977e+00 3.315000e+01
    endloop
  endfacet
  facet normal 5.599748e-01 -8.285096e-01 0.000000e+00
    outer loop
      vertex   4.757065e+00 -6.431977e+00 3.315000e+01
      vertex   4.194458e+00 -6.812233e+00 1.963667e+01
      vertex   4.757065e+00 -6.431977e+00 1.963667e+01
    endloop
  endfacet
  facet normal 6.282200e-01 -7.780358e-01 0.000000e+00
    outer loop
      vertex   4.757065e+00 -6.431977e+00 3.315000e+01
      vertex   4.757065e+00 -6.431977e+00 1.963667e+01
      vertex   5.285398e+00 -6.005378e+00 3.315000e+01
    endloop
  endfacet
  facet normal 6.282200e-01 -7.780358e-01 0.000000e+00
    outer loop
      vertex   5.285398e+00 -6.005378e+00 3.315000e+01
      vertex   4.757065e+00 -6.431977e+00 1.963667e+01
      vertex   5.285398e+00 -6.005378e+00 1.963667e+01
    endloop
  endfacet
  facet normal 6.919389e-01 -7.219561e-01 0.000000e+00
    outer loop
      vertex   5.285398e+00 -6.005378e+00 3.315000e+01
      vertex   5.285398e+00 -6.005378e+00 1.963667e+01
      vertex   5.775649e+00 -5.535511e+00 3.315000e+01
    endloop
  endfacet
  facet normal 6.919389e-01 -7.219561e-01 0.000000e+00
    outer loop
      vertex   5.775649e+00 -5.535511e+00 3.315000e+01
      vertex   5.285398e+00 -6.005378e+00 1.963667e+01
      vertex   5.775649e+00 -5.535511e+00 1.963667e+01
    endloop
  endfacet
  facet normal 7.506723e-01 -6.606747e-01 0.000000e+00
    outer loop
      vertex   5.775649e+00 -5.535511e+00 3.315000e+01
      vertex   5.775649e+00 -5.535511e+00 1.963667e+01
      vertex   6.224286e+00 -5.025760e+00 3.315000e+01
    endloop
  endfacet
  facet normal 7.506723e-01 -6.606747e-01 0.000000e+00
    outer loop
      vertex   6.224286e+00 -5.025760e+00 3.315000e+01
      vertex   5.775649e+00 -5.535511e+00 1.963667e+01
      vertex   6.224286e+00 -5.025760e+00 1.963667e+01
    endloop
  endfacet
  facet normal 8.039971e-01 -5.946332e-01 0.000000e+00
    outer loop
      vertex   6.224286e+00 -5.025760e+00 3.315000e+01
      vertex   6.224286e+00 -5.025760e+00 1.963667e+01
      vertex   6.628077e+00 -4.479798e+00 3.315000e+01
    endloop
  endfacet
  facet normal 8.039971e-01 -5.946332e-01 0.000000e+00
    outer loop
      vertex   6.628077e+00 -4.479798e+00 3.315000e+01
      vertex   6.224286e+00 -5.025760e+00 1.963667e+01
      vertex   6.628077e+00 -4.479798e+00 1.963667e+01
    endloop
  endfacet
  facet normal 8.515291e-01 -5.243073e-01 0.000000e+00
    outer loop
      vertex   6.628077e+00 -4.479798e+00 3.315000e+01
      vertex   6.628077e+00 -4.479798e+00 1.963667e+01
      vertex   6.984113e+00 -3.901560e+00 3.315000e+01
    endloop
  endfacet
  facet normal 8.515291e-01 -5.243073e-01 0.000000e+00
    outer loop
      vertex   6.984113e+00 -3.901560e+00 3.315000e+01
      vertex   6.628077e+00 -4.479798e+00 1.963667e+01
      vertex   6.984113e+00 -3.901560e+00 1.963667e+01
    endloop
  endfacet
  facet normal 8.929259e-01 -4.502037e-01 0.000000e+00
    outer loop
      vertex   6.984113e+00 -3.901560e+00 3.315000e+01
      vertex   6.984113e+00 -3.901560e+00 1.963667e+01
      vertex   7.289828e+00 -3.295210e+00 3.315000e+01
    endloop
  endfacet
  facet normal 8.929259e-01 -4.502037e-01 0.000000e+00
    outer loop
      vertex   7.289828e+00 -3.295210e+00 3.315000e+01
      vertex   6.984113e+00 -3.901560e+00 1.963667e+01
      vertex   7.289828e+00 -3.295210e+00 1.963667e+01
    endloop
  endfacet
  facet normal 9.278890e-01 -3.728565e-01 0.000000e+00
    outer loop
      vertex   7.289828e+00 -3.295210e+00 3.315000e+01
      vertex   7.289828e+00 -3.295210e+00 1.963667e+01
      vertex   7.543020e+00 -2.665118e+00 3.315000e+01
    endloop
  endfacet
  facet normal 9.278890e-01 -3.728565e-01 0.000000e+00
    outer loop
      vertex   7.543020e+00 -2.665118e+00 3.315000e+01
      vertex   7.289828e+00 -3.295210e+00 1.963667e+01
      vertex   7.543020e+00 -2.665118e+00 1.963667e+01
    endloop
  endfacet
  facet normal 9.561667e-01 -2.928228e-01 0.000000e+00
    outer loop
      vertex   7.543020e+00 -2.665118e+00 3.315000e+01
      vertex   7.543020e+00 -2.665118e+00 1.963667e+01
      vertex   7.741864e+00 -2.015824e+00 3.315000e+01
    endloop
  endfacet
  facet normal 9.561667e-01 -2.928228e-01 0.000000e+00
    outer loop
      vertex   7.741864e+00 -2.015824e+00 3.315000e+01
      vertex   7.543020e+00 -2.665118e+00 1.963667e+01
      vertex   7.741864e+00 -2.015824e+00 1.963667e+01
    endloop
  endfacet
  facet normal 9.775552e-01 -2.106793e-01 0.000000e+00
    outer loop
      vertex   7.741864e+00 -2.015824e+00 3.315000e+01
      vertex   7.741864e+00 -2.015824e+00 1.963667e+01
      vertex   7.884927e+00 -1.352007e+00 3.315000e+01
    endloop
  endfacet
  facet normal 9.775552e-01 -2.106793e-01 0.000000e+00
    outer loop
      vertex   7.884927e+00 -1.352007e+00 3.315000e+01
      vertex   7.741864e+00 -2.015824e+00 1.963667e+01
      vertex   7.884927e+00 -1.352007e+00 1.963667e+01
    endloop
  endfacet
  facet normal 9.919004e-01 -1.270178e-01 0.000000e+00
    outer loop
      vertex   7.884927e+00 -1.352007e+00 3.315000e+01
      vertex   7.884927e+00 -1.352007e+00 1.963667e+01
      vertex   7.971180e+00 -6.784474e-01 3.315000e+01
    endloop
  endfacet
  facet normal 9.919004e-01 -1.270178e-01 0.000000e+00
    outer loop
      vertex   7.971180e+00 -6.784474e-01 3.315000e+01
      vertex   7.884927e+00 -1.352007e+00 1.963667e+01
      vertex   7.971180e+00 -6.784474e-01 1.963667e+01
    endloop
  endfacet
  facet normal 9.990990e-01 4.244120e-02 -0.000000e+00
    outer loop
      vertex   7.971180e+00 6.784474e-01 -7.390000e+00
      vertex   7.971180e+00 6.784474e-01 6.123333e+00
      vertex   8.000000e+00 9.797174e-16 -7.390000e+00
    endloop
  endfacet
  facet normal 9.990990e-01 4.244120e-02 -0.000000e+00
    outer loop
      vertex   8.000000e+00 9.797174e-16 -7.390000e+00
      vertex   7.971180e+00 6.784474e-01 6.123333e+00
      vertex   8.000000e+00 9.797174e-16 6.123333e+00
    endloop
  endfacet
  facet normal 9.990990e-01 -4.244120e-02 0.000000e+00
    outer loop
      vertex   8.000000e+00 9.797174e-16 -7.390000e+00
      vertex   8.000000e+00 9.797174e-16 6.123333e+00
      vertex   7.971180e+00 -6.784474e-01 -7.390000e+00
    endloop
  endfacet
  facet normal 9.990990e-01 -4.244120e-02 0.000000e+00
    outer loop
      vertex   7.971180e+00 -6.784474e-01 -7.390000e+00
      vertex   8.000000e+00 9.797174e-16 6.123333e+00
      vertex   7.971180e+00 -6.784474e-01 6.123333e+00
    endloop
  endfacet
  facet normal 9.919004e-01 -1.270178e-01 0.000000e+00
    outer loop
      vertex   7.971180e+00 -6.784474e-01 -7.390000e+00
      vertex   7.971180e+00 -6.784474e-01 6.123333e+00
      vertex   7.884927e+00 -1.352007e+00 -7.390000e+00
    endloop
  endfacet
  facet normal 9.919004e-01 -1.270178e-01 0.000000e+00
    outer loop
      vertex   7.884927e+00 -1.352007e+00 -7.390000e+00
      vertex   7.971180e+00 -6.784474e-01 6.123333e+00
      vertex   7.884927e+00 -1.352007e+00 6.123333e+00
    endloop
  endfacet
  facet normal 9.775552e-01 -2.106793e-01 0.000000e+00
    outer loop
      vertex   7.884927e+00 -1.352007e+00 -7.390000e+00
      vertex   7.884927e+00 -1.352007e+00 6.123333e+00
      vertex   7.741864e+00 -2.015824e+00 -7.390000e+00
    endloop
  endfacet
  facet normal 9.775552e-01 -2.106793e-01 0.000000e+00
    outer loop
      vertex   7.741864e+00 -2.015824e+00 -7.390000e+00
      vertex   7.884927e+00 -1.352007e+00 6.123333e+00
      vertex   7.741864e+00 -2.015824e+00 6.123333e+00
    endloop
  endfacet
  facet normal 9.561667e-01 -2.928228e-01 0.000000e+00
    outer loop
      vertex   7.741864e+00 -2.015824e+00 -7.390000e+00
      vertex   7.741864e+00 -2.015824e+00 6.123333e+00
      vertex   7.543020e+00 -2.665118e+00 -7.390000e+00
    endloop
  endfacet
  facet normal 9.561667e-01 -2.928228e-01 0.000000e+00
    outer loop
      vertex   7.543020e+00 -2.665118e+00 -7.390000e+00
      vertex   7.741864e+00 -2.015824e+00 6.123333e+00
      vertex   7.543020e+00 -2.665118e+00 6.123333e+00
    endloop
  endfacet
  facet normal 9.278890e-01 -3.728565e-01 0.000000e+00
    outer loop
      vertex   7.543020e+00 -2.665118e+00 -7.390000e+00
      vertex   7.543020e+00 -2.665118e+00 6.123333e+00
      vertex   7.289828e+00 -3.295210e+00 -7.390000e+00
    endloop
  endfacet
  facet normal 9.278890e-01 -3.728565e-01 0.000000e+00
    outer loop
      vertex   7.289828e+00 -3.295210e+00 -7.390000e+00
      vertex   7.543020e+00 -2.665118e+00 6.123333e+00
      vertex   7.289828e+00 -3.295210e+00 6.123333e+00
    endloop
  endfacet
  facet normal 8.929259e-01 -4.502037e-01 0.000000e+00
    outer loop
      vertex   7.289828e+00 -3.295210e+00 -7.390000e+00
      vertex   7.289828e+00 -3.295210e+00 6.123333e+00
      vertex   6.984113e+00 -3.901560e+00 -7.390000e+00
    endloop
  endfacet
  facet normal 8.929259e-01 -4.502037e-01 0.000000e+00
    outer loop
      vertex   6.984113e+00 -3.901560e+00 -7.390000e+00
      vertex   7.289828e+00 -3.295210e+00 6.123333e+00
      vertex   6.984113e+00 -3.901560e+00 6.123333e+00
    endloop
  endfacet
  facet normal 8.515291e-01 -5.243073e-01 0.000000e+00
    outer loop
      vertex   6.984113e+00 -3.901560e+00 -7.390000e+00
      vertex   6.984113e+00 -3.901560e+00 6.123333e+00
      vertex   6.628077e+00 -4.479798e+00 -7.390000e+00
    endloop
  endfacet
  facet normal 8.515291e-01 -5.243073e-01 0.000000e+00
    outer loop
      vertex   6.628077e+00 -4.479798e+00 -7.390000e+00
      vertex   6.984113e+00 -3.901560e+00 6.123333e+00
      vertex   6.628077e+00 -4.479798e+00 6.123333e+00
    endloop
  endfacet
  facet normal 8.039971e-01 -5.946332e-01 0.000000e+00
    outer loop
      vertex   6.628077e+00 -4.479798e+00 -7.390000e+00
      vertex   6.628077e+00 -4.479798e+00 6.123333e+00
      vertex   6.224286e+00 -5.025760e+00 -7.390000e+00
    endloop
  endfacet
  facet normal 8.039971e-01 -5.946332e-01 0.000000e+00
    outer loop
      vertex   6.224286e+00 -5.025760e+00 -7.390000e+00
      vertex   6.628077e+00 -4.479798e+00 6.123333e+00
      vertex   6.224286e+00 -5.025760e+00 6.123333e+00
    endloop
  endfacet
  facet normal 7.506723e-01 -6.606747e-01 0.000000e+00
    outer loop
      vertex   6.224286e+00 -5.025760e+00 -7.390000e+00
      vertex   6.224286e+00 -5.025760e+00 6.123333e+00
      vertex   5.775649e+00 -5.535511e+00 -7.390000e+00
    endloop
  endfacet
  facet normal 7.506723e-01 -6.606747e-01 0.000000e+00
    outer loop
      vertex   5.775649e+00 -5.535511e+00 -7.390000e+00
      vertex   6.224286e+00 -5.025760e+00 6.123333e+00
      vertex   5.775649e+00 -5.535511e+00 6.123333e+00
    endloop
  endfacet
  facet normal 6.919389e-01 -7.219561e-01 0.000000e+00
    outer loop
      vertex   5.775649e+00 -5.535511e+00 -7.390000e+00
      vertex   5.775649e+00 -5.535511e+00 6.123333e+00
      vertex   5.285398e+00 -6.005378e+00 -7.390000e+00
    endloop
  endfacet
  facet normal 6.919389e-01 -7.219561e-01 0.000000e+00
    outer loop
      vertex   5.285398e+00 -6.005378e+00 -7.390000e+00
      vertex   5.775649e+00 -5.535511e+00 6.123333e+00
      vertex   5.285398e+00 -6.005378e+00 6.123333e+00
    endloop
  endfacet
  facet normal 6.282200e-01 -7.780358e-01 0.000000e+00
    outer loop
      vertex   5.285398e+00 -6.005378e+00 -7.390000e+00
      vertex   5.285398e+00 -6.005378e+00 6.123333e+00
      vertex   4.757065e+00 -6.431977e+00 -7.390000e+00
    endloop
  endfacet
  facet normal 6.282200e-01 -7.780358e-01 0.000000e+00
    outer loop
      vertex   4.757065e+00 -6.431977e+00 -7.390000e+00
      vertex   5.285398e+00 -6.005378e+00 6.123333e+00
      vertex   4.757065e+00 -6.431977e+00 6.123333e+00
    endloop
  endfacet
  facet normal 5.599748e-01 -8.285096e-01 0.000000e+00
    outer loop
      vertex   4.757065e+00 -6.431977e+00 -7.390000e+00
      vertex   4.757065e+00 -6.431977e+00 6.123333e+00
      vertex   4.194458e+00 -6.812233e+00 -7.390000e+00
    endloop
  endfacet
  facet normal 5.599748e-01 -8.285096e-01 0.000000e+00
    outer loop
      vertex   4.194458e+00 -6.812233e+00 -7.390000e+00
      vertex   4.757065e+00 -6.431977e+00 6.123333e+00
      vertex   4.194458e+00 -6.812233e+00 6.123333e+00
    endloop
  endfacet
  facet normal 4.876949e-01 -8.730141e-01 0.000000e+00
    outer loop
      vertex   4.194458e+00 -6.812233e+00 -7.390000e+00
      vertex   4.194458e+00 -6.812233e+00 6.123333e+00
      vertex   3.601630e+00 -7.143407e+00 -7.390000e+00
    endloop
  endfacet
  facet normal 4.876949e-01 -8.730141e-01 0.000000e+00
    outer loop
      vertex   3.601630e+00 -7.143407e+00 -7.390000e+00
      vertex   4.194458e+00 -6.812233e+00 6.123333e+00
      vertex   3.601630e+00 -7.143407e+00 6.123333e+00
    endloop
  endfacet
  facet normal 4.119012e-01 -9.112285e-01 0.000000e+00
    outer loop
      vertex   3.601630e+00 -7.143407e+00 -7.390000e+00
      vertex   3.601630e+00 -7.143407e+00 6.123333e+00
      vertex   2.982852e+00 -7.423112e+00 -7.390000e+00
    endloop
  endfacet
  facet normal 4.119012e-01 -9.112285e-01 0.000000e+00
    outer loop
      vertex   2.982852e+00 -7.423112e+00 -7.390000e+00
      vertex   3.601630e+00 -7.143407e+00 6.123333e+00
      vertex   2.982852e+00 -7.423112e+00 6.123333e+00
    endloop
  endfacet
  facet normal 3.331398e-01 -9.428774e-01 0.000000e+00
    outer loop
      vertex   2.982852e+00 -7.423112e+00 -7.390000e+00
      vertex   2.982852e+00 -7.423112e+00 6.123333e+00
      vertex   2.342582e+00 -7.649334e+00 -7.390000e+00
    endloop
  endfacet
  facet normal 3.331398e-01 -9.428774e-01 0.000000e+00
    outer loop
      vertex   2.342582e+00 -7.649334e+00 -7.390000e+00
      vertex   2.982852e+00 -7.423112e+00 6.123333e+00
      vertex   2.342582e+00 -7.649334e+00 6.123333e+00
    endloop
  endfacet
  facet normal 2.519781e-01 -9.677329e-01 0.000000e+00
    outer loop
      vertex   2.342582e+00 -7.649334e+00 -7.390000e+00
      vertex   2.342582e+00 -7.649334e+00 6.123333e+00
      vertex   1.685434e+00 -7.820442e+00 -7.390000e+00
    endloop
  endfacet
  facet normal 2.519781e-01 -9.677329e-01 0.000000e+00
    outer loop
      vertex   1.685434e+00 -7.820442e+00 -7.390000e+00
      vertex   2.342582e+00 -7.649334e+00 6.123333e+00
      vertex   1.685434e+00 -7.820442e+00 6.123333e+00
    endloop
  endfacet
  facet normal 1.690008e-01 -9.856159e-01 0.000000e+00
    outer loop
      vertex   1.685434e+00 -7.820442e+00 -7.390000e+00
      vertex   1.685434e+00 -7.820442e+00 6.123333e+00
      vertex   1.016143e+00 -7.935203e+00 -7.390000e+00
    endloop
  endfacet
  facet normal 1.690008e-01 -9.856159e-01 0.000000e+00
    outer loop
      vertex   1.016143e+00 -7.935203e+00 -7.390000e+00
      vertex   1.685434e+00 -7.820442e+00 6.123333e+00
      vertex   1.016143e+00 -7.935203e+00 6.123333e+00
    endloop
  endfacet
  facet normal 8.480592e-02 -9.963975e-01 0.000000e+00
    outer loop
      vertex   1.016143e+00 -7.935203e+00 -7.390000e+00
      vertex   1.016143e+00 -7.935203e+00 6.123333e+00
      vertex   3.395296e-01 -7.992792e+00 -7.390000e+00
    endloop
  endfacet
  facet normal 8.480592e-02 -9.963975e-01 0.000000e+00
    outer loop
      vertex   3.395296e-01 -7.992792e+00 -7.390000e+00
      vertex   1.016143e+00 -7.935203e+00 6.123333e+00
      vertex   3.395296e-01 -7.992792e+00 6.123333e+00
    endloop
  endfacet
  facet normal 0.000000e+00 -1.000000e+00 0.000000e+00
    outer loop
      vertex   3.395296e-01 -7.992792e+00 -7.390000e+00
      vertex   3.395296e-01 -7.992792e+00 6.123333e+00
      vertex   -3.395296e-01 -7.992792e+00 -7.390000e+00
    endloop
  endfacet
  facet normal 0.000000e+00 -1.000000e+00 0.000000e+00
    outer loop
      vertex   -3.395296e-01 -7.992792e+00 -7.390000e+00
      vertex   3.395296e-01 -7.992792e+00 6.123333e+00
      vertex   -3.395296e-01 -7.992792e+00 6.123333e+00
    endloop
  endfacet
  facet normal -8.480592e-02 -9.963975e-01 0.000000e+00
    outer loop
      vertex   -3.395296e-01 -7.992792e+00 -7.390000e+00
      vertex   -3.395296e-01 -7.992792e+00 6.123333e+00
      vertex   -1.016143e+00 -7.935203e+00 -7.390000e+00
    endloop
  endfacet
  facet normal -8.480592e-02 -9.963975e-01 0.000000e+00
    outer loop
      vertex   -1.016143e+00 -7.935203e+00 -7.390000e+00
      vertex   -3.395296e-01 -7.992792e+00 6.123333e+00
      vertex   -1.016143e+00 -7.935203e+00 6.123333e+00
    endloop
  endfacet
  facet normal -1.690008e-01 -9.856159e-01 0.000000e+00
    outer loop
      vertex   -1.016143e+00 -7.935203e+00 -7.390000e+00
      vertex   -1.016143e+00 -7.935203e+00 6.123333e+00
      vertex   -1.685434e+00 -7.820442e+00 -7.390000e+00
    endloop
  endfacet
  facet normal -1.690008e-01 -9.856159e-01 0.000000e+00
    outer loop
      vertex   -1.685434e+00 -7.820442e+00 -7.390000e+00
      vertex   -1.016143e+00 -7.935203e+00 6.123333e+00
      vertex   -1.685434e+00 -7.820442e+00 6.123333e+00
    endloop
  endfacet
  facet normal -2.519781e-01 -9.677329e-01 0.000000e+00
    outer loop
      vertex   -1.685434e+00 -7.820442e+00 -7.390000e+00
      vertex   -1.685434e+00 -7.820442e+00 6.123333e+00
      vertex   -2.342582e+00 -7.649334e+00 -7.390000e+00
    endloop
  endfacet
  facet normal -2.519781e-01 -9.677329e-01 0.000000e+00
    outer loop
      vertex   -2.342582e+00 -7.649334e+00 -7.390000e+00
      vertex   -1.685434e+00 -7.820442e+00 6.123333e+00
      vertex   -2.342582e+00 -7.649334e+00 6.123333e+00
    endloop
  endfacet
  facet normal -3.331398e-01 -9.428774e-01 0.000000e+00
    outer loop
      vertex   -2.342582e+00 -7.649334e+00 -7.390000e+00
      vertex   -2.342582e+00 -7.649334e+00 6.123333e+00
      vertex   -2.982852e+00 -7.423112e+00 -7.390000e+00
    endloop
  endfacet
  facet normal -3.331398e-01 -9.428774e-01 0.000000e+00
    outer loop
      vertex   -2.982852e+00 -7.423112e+00 -7.390000e+00
      vertex   -2.342582e+00 -7.649334e+00 6.123333e+00
      vertex   -2.982852e+00 -7.423112e+00 6.123333e+00
    endloop
  endfacet
  facet normal -4.119012e-01 -9.112285e-01 0.000000e+00
    outer loop
      vertex   -2.982852e+00 -7.423112e+00 -7.390000e+00
      vertex   -2.982852e+00 -7.423112e+00 6.123333e+00
      vertex   -3.601630e+00 -7.143407e+00 -7.390000e+00
    endloop
  endfacet
  facet normal -4.119012e-01 -9.112285e-01 0.000000e+00
    outer loop
      vertex   -3.601630e+00 -7.143407e+00 -7.390000e+00
      vertex   -2.982852e+00 -7.423112e+00 6.123333e+00
      vertex   -3.601630e+00 -7.143407e+00 6.123333e+00
    endloop
  endfacet
  facet normal -4.876949e-01 -8.730141e-01 0.000000e+00
    outer loop
      vertex   -3.601630e+00 -7.143407e+00 -7.390000e+00
      vertex   -3.601630e+00 -7.143407e+00 6.123333e+00
      vertex   -4.194458e+00 -6.812233e+00 -7.390000e+00
    endloop
  endfacet
  facet normal -4.876949e-01 -8.730141e-01 0.000000e+00
    outer loop
      vertex   -4.194458e+00 -6.812233e+00 -7.390000e+00
      vertex   -3.601630e+00 -7.143407e+00 6.123333e+00
      vertex   -4.194458e+00 -6.812233e+00 6.123333e+00
    endloop
  endfacet
  facet normal -5.599748e-01 -8.285096e-01 0.000000e+00
    outer loop
      vertex   -4.194458e+00 -6.812233e+00 -7.390000e+00
      vertex   -4.194458e+00 -6.812233e+00 6.123333e+00
      vertex   -4.757065e+00 -6.431977e+00 -7.390000e+00
    endloop
  endfacet
  facet normal -5.599748e-01 -8.285096e-01 0.000000e+00
    outer loop
      vertex   -4.757065e+00 -6.431977e+00 -7.390000e+00
      vertex   -4.194458e+00 -6.812233e+00 6.123333e+00
      vertex   -4.757065e+00 -6.431977e+00 6.123333e+00
    endloop
  endfacet
  facet normal -6.282200e-01 -7.780358e-01 0.000000e+00
    outer loop
      vertex   -4.757065e+00 -6.431977e+00 -7.390000e+00
      vertex   -4.757065e+00 -6.431977e+00 6.123333e+00
      vertex   -5.285398e+00 -6.005378e+00 -7.390000e+00
    endloop
  endfacet
  facet normal -6.282200e-01 -7.780358e-01 0.000000e+00
    outer loop
      vertex   -5.285398e+00 -6.005378e+00 -7.390000e+00
      vertex   -4.757065e+00 -6.431977e+00 6.123333e+00
      vertex   -5.285398e+00 -6.005378e+00 6.123333e+00
    endloop
  endfacet
  facet normal -6.919389e-01 -7.219561e-01 0.000000e+00
    outer loop
      vertex   -5.285398e+00 -6.005378e+00 -7.390000e+00
      vertex   -5.285398e+00 -6.005378e+00 6.123333e+00
      vertex   -5.775649e+00 -5.535511e+00 -7.390000e+00
    endloop
  endfacet
  facet normal -6.919389e-01 -7.219561e-01 0.000000e+00
    outer loop
      vertex   -5.775649e+00 -5.535511e+00 -7.390000e+00
      vertex   -5.285398e+00 -6.005378e+00 6.123333e+00
      vertex   -5.775649e+00 -5.535511e+00 6.123333e+00
    endloop
  endfacet
  facet normal -7.506723e-01 -6.606747e-01 0.000000e+00
    outer loop
      vertex   -5.775649e+00 -5.535511e+00 -7.390000e+00
      vertex   -5.775649e+00 -5.535511e+00 6.123333e+00
      vertex   -6.224286e+00 -5.025760e+00 -7.390000e+00
    endloop
  endfacet
  facet normal -7.506723e-01 -6.606747e-01 0.000000e+00
    outer loop
      vertex   -6.224286e+00 -5.025760e+00 -7.390000e+00
      vertex   -5.775649e+00 -5.535511e+00 6.123333e+00
      vertex   -6.224286e+00 -5.025760e+00 6.123333e+00
    endloop
  endfacet
  facet normal -8.039971e-01 -5.946332e-01 0.000000e+00
    outer loop
      vertex   -6.224286e+00 -5.025760e+00 -7.390000e+00
      vertex   -6.224286e+00 -5.025760e+00 6.123333e+00
      vertex   -6.628077e+00 -4.479798e+00 -7.390000e+00
    endloop
  endfacet
  facet normal -8.039971e-01 -5.946332e-01 0.000000e+00
    outer loop
      vertex   -6.628077e+00 -4.479798e+00 -7.390000e+00
      vertex   -6.224286e+00 -5.025760e+00 6.123333e+00
      vertex   -6.628077e+00 -4.479798e+00 6.123333e+00
    endloop
  endfacet
  facet normal -8.515291e-01 -5.243073e-01 0.000000e+00
    outer loop
      vertex   -6.628077e+00 -4.479798e+00 -7.390000e+00
      vertex   -6.628077e+00 -4.479798e+00 6.123333e+00
      vertex   -6.984113e+00 -3.901560e+00 -7.390000e+00
    endloop
  endfacet
  facet normal -8.515291e-01 -5.243073e-01 0.000000e+00
    outer loop
      vertex   -6.984113e+00 -3.901560e+00 -7.390000e+00
      vertex   -6.628077e+00 -4.479798e+00 6.123333e+00
      vertex   -6.984113e+00 -3.901560e+00 6.123333e+00
    endloop
  endfacet
  facet normal -8.929259e-01 -4.502037e-01 0.000000e+00
    outer loop
      vertex   -6.984113e+00 -3.901560e+00 -7.390000e+00
      vertex   -6.984113e+00 -3.901560e+00 6.123333e+00
      vertex   -7.289828e+00 -3.295210e+00 -7.390000e+00
    endloop
  endfacet
  facet normal -8.929259e-01 -4.502037e-01 0.000000e+00
    outer loop
      vertex   -7.289828e+00 -3.295210e+00 -7.390000e+00
      vertex   -6.984113e+00 -3.901560e+00 6.123333e+00
      vertex   -7.289828e+00 -3.295210e+00 6.123333e+00
    endloop
  endfacet
  facet normal -9.278890e-01 -3.728565e-01 0.000000e+00
    outer loop
      vertex   -7.289828e+00 -3.295210e+00 -7.390000e+00
      vertex   -7.289828e+00 -3.295210e+00 6.123333e+00
      vertex   -7.543020e+00 -2.665118e+00 -7.390000e+00
    endloop
  endfacet
  facet normal -9.278890e-01 -3.728565e-01 0.000000e+00
    outer loop
      vertex   -7.543020e+00 -2.665118e+00 -7.390000e+00
      vertex   -7.289828e+00 -3.295210e+00 6.123333e+00
      vertex   -7.543020e+00 -2.665118e+00 6.123333e+00
    endloop
  endfacet
  facet normal -9.561667e-01 -2.928228e-01 0.000000e+00
    outer loop
      vertex   -7.543020e+00 -2.665118e+00 -7.390000e+00
      vertex   -7.543020e+00 -2.665118e+00 6.123333e+00
      vertex   -7.741864e+00 -2.015824e+00 -7.390000e+00
    endloop
  endfacet
  facet normal -9.561667e-01 -2.928228e-01 -9.623046e-18
    outer loop
      vertex   -7.741864e+00 -2.015824e+00 -7.390000e+00
      vertex   -7.543020e+00 -2.665118e+00 6.123333e+00
      vertex   -7.741864e+00 -2.015824e+00 6.123333e+00
    endloop
  endfacet
  facet normal -9.775552e-01 -2.106793e-01 -6.923561e-18
    outer loop
      vertex   -7.741864e+00 -2.015824e+00 -7.390000e+00
      vertex   -7.741864e+00 -2.015824e+00 6.123333e+00
      vertex   -7.884927e+00 -1.352007e+00 -7.390000e+00
    endloop
  endfacet
  facet normal -9.775552e-01 -2.106793e-01 0.000000e+00
    outer loop
      vertex   -7.884927e+00 -1.352007e+00 -7.390000e+00
      vertex   -7.741864e+00 -2.015824e+00 6.123333e+00
      vertex   -7.884927e+00 -1.352007e+00 6.123333e+00
    endloop
  endfacet
  facet normal -9.919004e-01 -1.270178e-01 0.000000e+00
    outer loop
      vertex   -7.884927e+00 -1.352007e+00 -7.390000e+00
      vertex   -7.884927e+00 -1.352007e+00 6.123333e+00
      vertex   -7.971180e+00 -6.784474e-01 -7.390000e+00
    endloop
  endfacet
  facet normal -9.919004e-01 -1.270178e-01 0.000000e+00
    outer loop
      vertex   -7.971180e+00 -6.784474e-01 -7.390000e+00
      vertex   -7.884927e+00 -1.352007e+00 6.123333e+00
      vertex   -7.971180e+00 -6.784474e-01 6.123333e+00
    endloop
  endfacet
  facet normal -9.990990e-01 -4.244120e-02 0.000000e+00
    outer loop
      vertex   -7.971180e+00 -6.784474e-01 -7.390000e+00
      vertex   -7.971180e+00 -6.784474e-01 6.123333e+00
      vertex   -8.000000e+00 0.000000e+00 -7.390000e+00
    endloop
  endfacet
  facet normal -9.990990e-01 -4.244120e-02 0.000000e+00
    outer loop
      vertex   -8.000000e+00 0.000000e+00 -7.390000e+00
      vertex   -7.971180e+00 -6.784474e-01 6.123333e+00
      vertex   -8.000000e+00 0.000000e+00 6.123333e+00
    endloop
  endfacet
  facet normal -9.990990e-01 4.244120e-02 0.000000e+00
    outer loop
      vertex   -8.000000e+00 0.000000e+00 -7.390000e+00
      vertex   -8.000000e+00 0.000000e+00 6.123333e+00
      vertex   -7.971180e+00 6.784474e-01 -7.390000e+00
    endloop
  endfacet
  facet normal -9.990990e-01 4.244120e-02 3.486867e-19
    outer loop
      vertex   -7.971180e+00 6.784474e-01 -7.390000e+00
      vertex   -8.000000e+00 0.000000e+00 6.123333e+00
      vertex   -7.971180e+00 6.784474e-01 6.123333e+00
    endloop
  endfacet
  facet normal -9.919004e-01 1.270178e-01 1.043548e-18
    outer loop
      vertex   -7.971180e+00 6.784474e-01 -7.390000e+00
      vertex   -7.971180e+00 6.784474e-01 6.123333e+00
      vertex   -7.884927e+00 1.352007e+00 -7.390000e+00
    endloop
  endfacet
  facet normal -9.919004e-01 1.270178e-01 0.000000e+00
    outer loop
      vertex   -7.884927e+00 1.352007e+00 -7.390000e+00
      vertex   -7.971180e+00 6.784474e-01 6.123333e+00
      vertex   -7.884927e+00 1.352007e+00 6.123333e+00
    endloop
  endfacet
  facet normal -9.775552e-01 2.106793e-01 0.000000e+00
    outer loop
      vertex   -7.884927e+00 1.352007e+00 -7.390000e+00
      vertex   -7.884927e+00 1.352007e+00 6.123333e+00
      vertex   -7.741864e+00 2.015824e+00 -7.390000e+00
    endloop
  endfacet
  facet normal -9.775552e-01 2.106793e-01 0.000000e+00
    outer loop
      vertex   -7.741864e+00 2.015824e+00 -7.390000e+00
      vertex   -7.884927e+00 1.352007e+00 6.123333e+00
      vertex   -7.741864e+00 2.015824e+00 6.123333e+00
    endloop
  endfacet
  facet normal -9.561667e-01 2.928228e-01 0.000000e+00
    outer loop
      vertex   -7.741864e+00 2.015824e+00 -7.390000e+00
      vertex   -7.741864e+00 2.015824e+00 6.123333e+00
      vertex   -7.543020e+00 2.665118e+00 -7.390000e+00
    endloop
  endfacet
  facet normal -9.561667e-01 2.928228e-01 0.000000e+00
    outer loop
      vertex   -7.543020e+00 2.665118e+00 -7.390000e+00
      vertex   -7.741864e+00 2.015824e+00 6.123333e+00
      vertex   -7.543020e+00 2.665118e+00 6.123333e+00
    endloop
  endfacet
  facet normal -9.278890e-01 3.728565e-01 0.000000e+00
    outer loop
      vertex   -7.543020e+00 2.665118e+00 -7.390000e+00
      vertex   -7.543020e+00 2.665118e+00 6.123333e+00
      vertex   -7.289828e+00 3.295210e+00 -7.390000e+00
    endloop
  endfacet
  facet normal -9.278890e-01 3.728565e-01 0.000000e+00
    outer loop
      vertex   -7.289828e+00 3.295210e+00 -7.390000e+00
      vertex   -7.543020e+00 2.665118e+00 6.123333e+00
      vertex   -7.289828e+00 3.295210e+00 6.123333e+00
    endloop
  endfacet
  facet normal -8.929259e-01 4.502037e-01 0.000000e+00
    outer loop
      vertex   -7.289828e+00 3.295210e+00 -7.390000e+00
      vertex   -7.289828e+00 3.295210e+00 6.123333e+00
      vertex   -6.984113e+00 3.901560e+00 -7.390000e+00
    endloop
  endfacet
  facet normal -8.929259e-01 4.502037e-01 0.000000e+00
    outer loop
      vertex   -6.984113e+00 3.901560e+00 -7.390000e+00
      vertex   -7.289828e+00 3.295210e+00 6.123333e+00
      vertex   -6.984113e+00 3.901560e+00 6.123333e+00
    endloop
  endfacet
  facet normal -8.515291e-01 5.243073e-01 0.000000e+00
    outer loop
      vertex   -6.984113e+00 3.901560e+00 -7.390000e+00
      vertex   -6.984113e+00 3.901560e+00 6.123333e+00
      vertex   -6.628077e+00 4.479798e+00 -7.390000e+00
    endloop
  endfacet
  facet normal -8.515291e-01 5.243073e-01 0.000000e+00
    outer loop
      vertex   -6.628077e+00 4.479798e+00 -7.390000e+00
      vertex   -6.984113e+00 3.901560e+00 6.123333e+00
      vertex   -6.628077e+00 4.479798e+00 6.123333e+00
    endloop
  endfacet
  facet normal -8.039971e-01 5.946332e-01 0.000000e+00
    outer loop
      vertex   -6.628077e+00 4.479798e+00 -7.390000e+00
      vertex   -6.628077e+00 4.479798e+00 6.123333e+00
      vertex   -6.224286e+00 5.025760e+00 -7.390000e+00
    endloop
  endfacet
  facet normal -8.039971e-01 5.946332e-01 0.000000e+00
    outer loop
      vertex   -6.224286e+00 5.025760e+00 -7.390000e+00
      vertex   -6.628077e+00 4.479798e+00 6.123333e+00
      vertex   -6.224286e+00 5.025760e+00 6.123333e+00
    endloop
  endfacet
  facet normal -7.506723e-01 6.606747e-01 0.000000e+00
    outer loop
      vertex   -6.224286e+00 5.025760e+00 -7.390000e+00
      vertex   -6.224286e+00 5.025760e+00 6.123333e+00
      vertex   -5.775649e+00 5.535511e+00 -7.390000e+00
    endloop
  endfacet
  facet normal -7.506723e-01 6.606747e-01 0.000000e+00
    outer loop
      vertex   -5.775649e+00 5.535511e+00 -7.390000e+00
      vertex   -6.224286e+00 5.025760e+00 6.123333e+00
      vertex   -5.775649e+00 5.535511e+00 6.123333e+00
    endloop
  endfacet
  facet normal -6.919389e-01 7.219561e-01 0.000000e+00
    outer loop
      vertex   -5.775649e+00 5.535511e+00 -7.390000e+00
      vertex   -5.775649e+00 5.535511e+00 6.123333e+00
      vertex   -5.285398e+00 6.005378e+00 -7.390000e+00
    endloop
  endfacet
  facet normal -6.919389e-01 7.219561e-01 0.000000e+00
    outer loop
      vertex   -5.285398e+00 6.005378e+00 -7.390000e+00
      vertex   -5.775649e+00 5.535511e+00 6.123333e+00
      vertex   -5.285398e+00 6.005378e+00 6.123333e+00
    endloop
  endfacet
  facet normal -6.282200e-01 7.780358e-01 0.000000e+00
    outer loop
      vertex   -5.285398e+00 6.005378e+00 -7.390000e+00
      vertex   -5.285398e+00 6.005378e+00 6.123333e+00
      vertex   -4.757065e+00 6.431977e+00 -7.390000e+00
    endloop
  endfacet
  facet normal -6.282200e-01 7.780358e-01 0.000000e+00
    outer loop
      vertex   -4.757065e+00 6.431977e+00 -7.390000e+00
      vertex   -5.285398e+00 6.005378e+00 6.123333e+00
      vertex   -4.757065e+00 6.431977e+00 6.123333e+00
    endloop
  endfacet
  facet normal -5.599748e-01 8.285096e-01 0.000000e+00
    outer loop
      vertex   -4.757065e+00 6.431977e+00 -7.390000e+00
      vertex   -4.757065e+00 6.431977e+00 6.123333e+00
      vertex   -4.194458e+00 6.812233e+00 -7.390000e+00
    endloop
  endfacet
  facet normal -5.599748e-01 8.285096e-01 0.000000e+00
    outer loop
      vertex   -4.194458e+00 6.812233e+00 -7.390000e+00
      vertex   -4.757065e+00 6.431977e+00 6.123333e+00
      vertex   -4.194458e+00 6.812233e+00 6.123333e+00
    endloop
  endfacet
  facet normal -4.876949e-01 8.730141e-01 0.000000e+00
    outer loop
      vertex   -4.194458e+00 6.812233e+00 -7.390000e+00
      vertex   -4.194458e+00 6.812233e+00 6.123333e+00
      vertex   -3.601630e+00 7.143407e+00 -7.390000e+00
    endloop
  endfacet
  facet normal -4.876949e-01 8.730141e-01 0.000000e+00
    outer loop
      vertex   -3.601630e+00 7.143407e+00 -7.390000e+00
      vertex   -4.194458e+00 6.812233e+00 6.123333e+00
      vertex   -3.601630e+00 7.143407e+00 6.123333e+00
    endloop
  endfacet
  facet normal -4.119012e-01 9.112285e-01 0.000000e+00
    outer loop
      vertex   -3.601630e+00 7.143407e+00 -7.390000e+00
      vertex   -3.601630e+00 7.143407e+00 6.123333e+00
      vertex   -2.982852e+00 7.423112e+00 -7.390000e+00
    endloop
  endfacet
  facet normal -4.119012e-01 9.112285e-01 0.000000e+00
    outer loop
      vertex   -2.982852e+00 7.423112e+00 -7.390000e+00
      vertex   -3.601630e+00 7.143407e+00 6.123333e+00
      vertex   -2.982852e+00 7.423112e+00 6.123333e+00
    endloop
  endfacet
  facet normal -3.331398e-01 9.428774e-01 0.000000e+00
    outer loop
      vertex   -2.982852e+00 7.423112e+00 -7.390000e+00
      vertex   -2.982852e+00 7.423112e+00 6.123333e+00
      vertex   -2.342582e+00 7.649334e+00 -7.390000e+00
    endloop
  endfacet
  facet normal -3.331398e-01 9.428774e-01 0.000000e+00
    outer loop
      vertex   -2.342582e+00 7.649334e+00 -7.390000e+00
      vertex   -2.982852e+00 7.423112e+00 6.123333e+00
      vertex   -2.342582e+00 7.649334e+00 6.123333e+00
    endloop
  endfacet
  facet normal -2.519781e-01 9.677329e-01 0.000000e+00
    outer loop
      vertex   -2.342582e+00 7.649334e+00 -7.390000e+00
      vertex   -2.342582e+00 7.649334e+00 6.123333e+00
      vertex   -1.685434e+00 7.820442e+00 -7.390000e+00
    endloop
  endfacet
  facet normal -2.519781e-01 9.677329e-01 0.000000e+00
    outer loop
      vertex   -1.685434e+00 7.820442e+00 -7.390000e+00
      vertex   -2.342582e+00 7.649334e+00 6.123333e+00
      vertex   -1.685434e+00 7.820442e+00 6.123333e+00
    endloop
  endfacet
  facet normal -1.690008e-01 9.856159e-01 0.000000e+00
    outer loop
      vertex   -1.685434e+00 7.820442e+00 -7.390000e+00
      vertex   -1.685434e+00 7.820442e+00 6.123333e+00
      vertex   -1.016143e+00 7.935203e+00 -7.390000e+00
    endloop
  endfacet
  facet normal -1.690008e-01 9.856159e-01 0.000000e+00
    outer loop
      vertex   -1.016143e+00 7.935203e+00 -7.390000e+00
      vertex   -1.685434e+00 7.820442e+00 6.123333e+00
      vertex   -1.016143e+00 7.935203e+00 6.123333e+00
    endloop
  endfacet
  facet normal -8.480592e-02 9.963975e-01 0.000000e+00
    outer loop
      vertex   -1.016143e+00 7.935203e+00 -7.390000e+00
      vertex   -1.016143e+00 7.935203e+00 6.123333e+00
      vertex   -3.395296e-01 7.992792e+00 -7.390000e+00
    endloop
  endfacet
  facet normal -8.480592e-02 9.963975e-01 0.000000e+00
    outer loop
      vertex   -3.395296e-01 7.992792e+00 -7.390000e+00
      vertex   -1.016143e+00 7.935203e+00 6.123333e+00
      vertex   -3.395296e-01 7.992792e+00 6.123333e+00
    endloop
  endfacet
  facet normal 2.615908e-15 1.000000e+00 -0.000000e+00
    outer loop
      vertex   -3.395296e-01 7.992792e+00 -7.390000e+00
      vertex   -3.395296e-01 7.992792e+00 6.123333e+00
      vertex   3.395296e-01 7.992792e+00 -7.390000e+00
    endloop
  endfacet
  facet normal 2.615908e-15 1.000000e+00 -0.000000e+00
    outer loop
      vertex   3.395296e-01 7.992792e+00 -7.390000e+00
      vertex   -3.395296e-01 7.992792e+00 6.123333e+00
      vertex   3.395296e-01 7.992792e+00 6.123333e+00
    endloop
  endfacet
  facet normal 8.480592e-02 9.963975e-01 -0.000000e+00
    outer loop
      vertex   3.395296e-01 7.992792e+00 -7.390000e+00
      vertex   3.395296e-01 7.992792e+00 6.123333e+00
      vertex   1.016143e+00 7.935203e+00 -7.390000e+00
    endloop
  endfacet
  facet normal 8.480592e-02 9.963975e-01 -0.000000e+00
    outer loop
      vertex   1.016143e+00 7.935203e+00 -7.390000e+00
      vertex   3.395296e-01 7.992792e+00 6.123333e+00
      vertex   1.016143e+00 7.935203e+00 6.123333e+00
    endloop
  endfacet
  facet normal 1.690008e-01 9.856159e-01 -0.000000e+00
    outer loop
      vertex   1.016143e+00 7.935203e+00 -7.390000e+00
      vertex   1.016143e+00 7.935203e+00 6.123333e+00
      vertex   1.685434e+00 7.820442e+00 -7.390000e+00
    endloop
  endfacet
  facet normal 1.690008e-01 9.856159e-01 -0.000000e+00
    outer loop
      vertex   1.685434e+00 7.820442e+00 -7.390000e+00
      vertex   1.016143e+00 7.935203e+00 6.123333e+00
      vertex   1.685434e+00 7.820442e+00 6.123333e+00
    endloop
  endfacet
  facet normal 2.519781e-01 9.677329e-01 -0.000000e+00
    outer loop
      vertex   1.685434e+00 7.820442e+00 -7.390000e+00
      vertex   1.685434e+00 7.820442e+00 6.123333e+00
      vertex   2.342582e+00 7.649334e+00 -7.390000e+00
    endloop
  endfacet
  facet normal 2.519781e-01 9.677329e-01 -0.000000e+00
    outer loop
      vertex   2.342582e+00 7.649334e+00 -7.390000e+00
      vertex   1.685434e+00 7.820442e+00 6.123333e+00
      vertex   2.342582e+00 7.649334e+00 6.123333e+00
    endloop
  endfacet
  facet normal 3.331398e-01 9.428774e-01 -0.000000e+00
    outer loop
      vertex   2.342582e+00 7.649334e+00 -7.390000e+00
      vertex   2.342582e+00 7.649334e+00 6.123333e+00
      vertex   2.982852e+00 7.423112e+00 -7.390000e+00
    endloop
  endfacet
  facet normal 3.331398e-01 9.428774e-01 -0.000000e+00
    outer loop
      vertex   2.982852e+00 7.423112e+00 -7.390000e+00
      vertex   2.342582e+00 7.649334e+00 6.123333e+00
      vertex   2.982852e+00 7.423112e+00 6.123333e+00
    endloop
  endfacet
  facet normal 4.119012e-01 9.112285e-01 -0.000000e+00
    outer loop
      vertex   2.982852e+00 7.423112e+00 -7.390000e+00
      vertex   2.982852e+00 7.423112e+00 6.123333e+00
      vertex   3.601630e+00 7.143407e+00 -7.390000e+00
    endloop
  endfacet
  facet normal 4.119012e-01 9.112285e-01 -0.000000e+00
    outer loop
      vertex   3.601630e+00 7.143407e+00 -7.390000e+00
      vertex   2.982852e+00 7.423112e+00 6.123333e+00
      vertex   3.601630e+00 7.143407e+00 6.123333e+00
    endloop
  endfacet
  facet normal 4.876949e-01 8.730141e-01 -0.000000e+00
    outer loop
      vertex   3.601630e+00 7.143407e+00 -7.390000e+00
      vertex   3.601630e+00 7.143407e+00 6.123333e+00
      vertex   4.194458e+00 6.812233e+00 -7.390000e+00
    endloop
  endfacet
  facet normal 4.876949e-01 8.730141e-01 -0.000000e+00
    outer loop
      vertex   4.194458e+00 6.812233e+00 -7.390000e+00
      vertex   3.601630e+00 7.143407e+00 6.123333e+00
      vertex   4.194458e+00 6.812233e+00 6.123333e+00
    endloop
  endfacet
  facet normal 5.599748e-01 8.285096e-01 -0.000000e+00
    outer loop
      vertex   4.194458e+00 6.812233e+00 -7.390000e+00
      vertex   4.194458e+00 6.812233e+00 6.123333e+00
      vertex   4.757065e+00 6.431977e+00 -7.390000e+00
    endloop
  endfacet
  facet normal 5.599748e-01 8.285096e-01 -0.000000e+00
    outer loop
      vertex   4.757065e+00 6.431977e+00 -7.390000e+00
      vertex   4.194458e+00 6.812233e+00 6.123333e+00
      vertex   4.757065e+00 6.431977e+00 6.123333e+00
    endloop
  endfacet
  facet normal 6.282200e-01 7.780358e-01 -0.000000e+00
    outer loop
      vertex   4.757065e+00 6.431977e+00 -7.390000e+00
      vertex   4.757065e+00 6.431977e+00 6.123333e+00
      vertex   5.285398e+00 6.005378e+00 -7.390000e+00
    endloop
  endfacet
  facet normal 6.282200e-01 7.780358e-01 -0.000000e+00
    outer loop
      vertex   5.285398e+00 6.005378e+00 -7.390000e+00
      vertex   4.757065e+00 6.431977e+00 6.123333e+00
      vertex   5.285398e+00 6.005378e+00 6.123333e+00
    endloop
  endfacet
  facet normal 6.919389e-01 7.219561e-01 -0.000000e+00
    outer loop
      vertex   5.285398e+00 6.005378e+00 -7.390000e+00
      vertex   5.285398e+00 6.005378e+00 6.123333e+00
      vertex   5.775649e+00 5.535511e+00 -7.390000e+00
    endloop
  endfacet
  facet normal 6.919389e-01 7.219561e-01 -0.000000e+00
    outer loop
      vertex   5.775649e+00 5.535511e+00 -7.390000e+00
      vertex   5.285398e+00 6.005378e+00 6.123333e+00
      vertex   5.775649e+00 5.535511e+00 6.123333e+00
    endloop
  endfacet
  facet normal 7.506723e-01 6.606747e-01 -0.000000e+00
    outer loop
      vertex   5.775649e+00 5.535511e+00 -7.390000e+00
      vertex   5.775649e+00 5.535511e+00 6.123333e+00
      vertex   6.224286e+00 5.025760e+00 -7.390000e+00
    endloop
  endfacet
  facet normal 7.506723e-01 6.606747e-01 -0.000000e+00
    outer loop
      vertex   6.224286e+00 5.025760e+00 -7.390000e+00
      vertex   5.775649e+00 5.535511e+00 6.123333e+00
      vertex   6.224286e+00 5.025760e+00 6.123333e+00
    endloop
  endfacet
  facet normal 8.039971e-01 5.946332e-01 -0.000000e+00
    outer loop
      vertex   6.224286e+00 5.025760e+00 -7.390000e+00
      vertex   6.224286e+00 5.025760e+00 6.123333e+00
      vertex   6.628077e+00 4.479798e+00 -7.390000e+00
    endloop
  endfacet
  facet normal 8.039971e-01 5.946332e-01 -0.000000e+00
    outer loop
      vertex   6.628077e+00 4.479798e+00 -7.390000e+00
      vertex   6.224286e+00 5.025760e+00 6.123333e+00
      vertex   6.628077e+00 4.479798e+00 6.123333e+00
    endloop
  endfacet
  facet normal 8.515291e-01 5.243073e-01 -0.000000e+00
    outer loop
      vertex   6.628077e+00 4.479798e+00 -7.390000e+00
      vertex   6.628077e+00 4.479798e+00 6.123333e+00
      vertex   6.984113e+00 3.901560e+00 -7.390000e+00
    endloop
  endfacet
  facet normal 8.515291e-01 5.243073e-01 -0.000000e+00
    outer loop
      vertex   6.984113e+00 3.901560e+00 -7.390000e+00
      vertex   6.628077e+00 4.479798e+00 6.123333e+00
      vertex   6.984113e+00 3.901560e+00 6.123333e+00
    endloop
  endfacet
  facet normal 8.929259e-01 4.502037e-01 -0.000000e+00
    outer loop
      vertex   6.984113e+00 3.901560e+00 -7.390000e+00
      vertex   6.984113e+00 3.901560e+00 6.123333e+00
      vertex   7.289828e+00 3.295210e+00 -7.390000e+00
    endloop
  endfacet
  facet normal 8.929259e-01 4.502037e-01 -0.000000e+00
    outer loop
      vertex   7.289828e+00 3.295210e+00 -7.390000e+00
      vertex   6.984113e+00 3.901560e+00 6.123333e+00
      vertex   7.289828e+00 3.295210e+00 6.123333e+00
    endloop
  endfacet
  facet normal 9.278890e-01 3.728565e-01 -0.000000e+00
    outer loop
      vertex   7.289828e+00 3.295210e+00 -7.390000e+00
      vertex   7.289828e+00 3.295210e+00 6.123333e+00
      vertex   7.543020e+00 2.665118e+00 -7.390000e+00
    endloop
  endfacet
  facet normal 9.278890e-01 3.728565e-01 -0.000000e+00
    outer loop
      vertex   7.543020e+00 2.665118e+00 -7.390000e+00
      vertex   7.289828e+00 3.295210e+00 6.123333e+00
      vertex   7.543020e+00 2.665118e+00 6.123333e+00
    endloop
  endfacet
  facet normal 9.561667e-01 2.928228e-01 -0.000000e+00
    outer loop
      vertex   7.543020e+00 2.665118e+00 -7.390000e+00
      vertex   7.543020e+00 2.665118e+00 6.123333e+00
      vertex   7.741864e+00 2.015824e+00 -7.390000e+00
    endloop
  endfacet
  facet normal 9.561667e-01 2.928228e-01 -0.000000e+00
    outer loop
      vertex   7.741864e+00 2.015824e+00 -7.390000e+00
      vertex   7.543020e+00 2.665118e+00 6.123333e+00
      vertex   7.741864e+00 2.015824e+00 6.123333e+00
    endloop
  endfacet
  facet normal 9.775552e-01 2.106793e-01 -0.000000e+00
    outer loop
      vertex   7.741864e+00 2.015824e+00 -7.390000e+00
      vertex   7.741864e+00 2.015824e+00 6.123333e+00
      vertex   7.884927e+00 1.352007e+00 -7.390000e+00
    endloop
  endfacet
  facet normal 9.775552e-01 2.106793e-01 -0.000000e+00
    outer loop
      vertex   7.884927e+00 1.352007e+00 -7.390000e+00
      vertex   7.741864e+00 2.015824e+00 6.123333e+00
      vertex   7.884927e+00 1.352007e+00 6.123333e+00
    endloop
  endfacet
  facet normal 9.919004e-01 1.270178e-01 -0.000000e+00
    outer loop
      vertex   7.884927e+00 1.352007e+00 -7.390000e+00
      vertex   7.884927e+00 1.352007e+00 6.123333e+00
      vertex   7.971180e+00 6.784474e-01 -7.390000e+00
    endloop
  endfacet
  facet normal 9.919004e-01 1.270178e-01 -0.000000e+00
    outer loop
      vertex   7.971180e+00 6.784474e-01 -7.390000e+00
      vertex   7.884927e+00 1.352007e+00 6.123333e+00
      vertex   7.971180e+00 6.784474e-01 6.123333e+00
    endloop
  endfacet
  facet normal 9.990990e-01 4.244120e-02 0.000000e+00
    outer loop
      vertex   8.000000e+00 9.797174e-16 1.963667e+01
      vertex   8.000000e+00 9.797174e-16 6.123333e+00
      vertex   7.971180e+00 6.784474e-01 1.963667e+01
    endloop
  endfacet
  facet normal 9.990990e-01 4.244120e-02 0.000000e+00
    outer loop
      vertex   7.971180e+00 6.784474e-01 1.963667e+01
      vertex   8.000000e+00 9.797174e-16 6.123333e+00
      vertex   7.971180e+00 6.784474e-01 6.123333e+00
    endloop
  endfacet
  facet normal 9.919004e-01 1.270178e-01 0.000000e+00
    outer loop
      vertex   7.971180e+00 6.784474e-01 1.963667e+01
      vertex   7.971180e+00 6.784474e-01 6.123333e+00
      vertex   7.884927e+00 1.352007e+00 1.963667e+01
    endloop
  endfacet
  facet normal 9.919004e-01 1.270178e-01 0.000000e+00
    outer loop
      vertex   7.884927e+00 1.352007e+00 1.963667e+01
      vertex   7.971180e+00 6.784474e-01 6.123333e+00
      vertex   7.884927e+00 1.352007e+00 6.123333e+00
    endloop
  endfacet
  facet normal 9.775552e-01 2.106793e-01 0.000000e+00
    outer loop
      vertex   7.884927e+00 1.352007e+00 1.963667e+01
      vertex   7.884927e+00 1.352007e+00 6.123333e+00
      vertex   7.741864e+00 2.015824e+00 1.963667e+01
    endloop
  endfacet
  facet normal 9.775552e-01 2.106793e-01 0.000000e+00
    outer loop
      vertex   7.741864e+00 2.015824e+00 1.963667e+01
      vertex   7.884927e+00 1.352007e+00 6.123333e+00
      vertex   7.741864e+00 2.015824e+00 6.123333e+00
    endloop
  endfacet
  facet normal 9.561667e-01 2.928228e-01 0.000000e+00
    outer loop
      vertex   7.741864e+00 2.015824e+00 1.963667e+01
      vertex   7.741864e+00 2.015824e+00 6.123333e+00
      vertex   7.543020e+00 2.665118e+00 1.963667e+01
    endloop
  endfacet
  facet normal 9.561667e-01 2.928228e-01 0.000000e+00
    outer loop
      vertex   7.543020e+00 2.665118e+00 1.963667e+01
      vertex   7.741864e+00 2.015824e+00 6.123333e+00
      vertex   7.543020e+00 2.665118e+00 6.123333e+00
    endloop
  endfacet
  facet normal 9.278890e-01 3.728565e-01 0.000000e+00
    outer loop
      vertex   7.543020e+00 2.665118e+00 1.963667e+01
      vertex   7.543020e+00 2.665118e+00 6.123333e+00
      vertex   7.289828e+00 3.295210e+00 1.963667e+01
    endloop
  endfacet
  facet normal 9.278890e-01 3.728565e-01 0.000000e+00
    outer loop
      vertex   7.289828e+00 3.295210e+00 1.963667e+01
      vertex   7.543020e+00 2.665118e+00 6.123333e+00
      vertex   7.289828e+00 3.295210e+00 6.123333e+00
    endloop
  endfacet
  facet normal 8.929259e-01 4.502037e-01 0.000000e+00
    outer loop
      vertex   7.289828e+00 3.295210e+00 1.963667e+01
      vertex   7.289828e+00 3.295210e+00 6.123333e+00
      vertex   6.984113e+00 3.901560e+00 1.963667e+01
    endloop
  endfacet
  facet normal 8.929259e-01 4.502037e-01 0.000000e+00
    outer loop
      vertex   6.984113e+00 3.901560e+00 1.963667e+01
      vertex   7.289828e+00 3.295210e+00 6.123333e+00
      vertex   6.984113e+00 3.901560e+00 6.123333e+00
    endloop
  endfacet
  facet normal 8.515291e-01 5.243073e-01 0.000000e+00
    outer loop
      vertex   6.984113e+00 3.901560e+00 1.963667e+01
      vertex   6.984113e+00 3.901560e+00 6.123333e+00
      vertex   6.628077e+00 4.479798e+00 1.963667e+01
    endloop
  endfacet
  facet normal 8.515291e-01 5.243073e-01 0.000000e+00
    outer loop
      vertex   6.628077e+00 4.479798e+00 1.963667e+01
      vertex   6.984113e+00 3.901560e+00 6.123333e+00
      vertex   6.628077e+00 4.479798e+00 6.123333e+00
    endloop
  endfacet
  facet normal 8.039971e-01 5.946332e-01 0.000000e+00
    outer loop
      vertex   6.628077e+00 4.479798e+00 1.963667e+01
      vertex   6.628077e+00 4.479798e+00 6.123333e+00
      vertex   6.224286e+00 5.025760e+00 1.963667e+01
    endloop
  endfacet
  facet normal 8.039971e-01 5.946332e-01 0.000000e+00
    outer loop
      vertex   6.224286e+00 5.025760e+00 1.963667e+01
      vertex   6.628077e+00 4.479798e+00 6.123333e+00
      vertex   6.224286e+00 5.025760e+00 6.123333e+00
    endloop
  endfacet
  facet normal 7.506723e-01 6.606747e-01 0.000000e+00
    outer loop
      vertex   6.224286e+00 5.025760e+00 1.963667e+01
      vertex   6.224286e+00 5.025760e+00 6.123333e+00
      vertex   5.775649e+00 5.535511e+00 1.963667e+01
    endloop
  endfacet
  facet normal 7.506723e-01 6.606747e-01 0.000000e+00
    outer loop
      vertex   5.775649e+00 5.535511e+00 1.963667e+01
      vertex   6.224286e+00 5.025760e+00 6.123333e+00
      vertex   5.775649e+00 5.535511e+00 6.123333e+00
    endloop
  endfacet
  facet normal 6.919389e-01 7.219561e-01 0.000000e+00
    outer loop
      vertex   5.775649e+00 5.535511e+00 1.963667e+01
      vertex   5.775649e+00 5.535511e+00 6.123333e+00
      vertex   5.285398e+00 6.005378e+00 1.963667e+01
    endloop
  endfacet
  facet normal 6.919389e-01 7.219561e-01 0.000000e+00
    outer loop
      vertex   5.285398e+00 6.005378e+00 1.963667e+01
      vertex   5.775649e+00 5.535511e+00 6.123333e+00
      vertex   5.285398e+00 6.005378e+00 6.123333e+00
    endloop
  endfacet
  facet normal 6.282200e-01 7.780358e-01 0.000000e+00
    outer loop
      vertex   5.285398e+00 6.005378e+00 1.963667e+01
      vertex   5.285398e+00 6.005378e+00 6.123333e+00
      vertex   4.757065e+00 6.431977e+00 1.963667e+01
    endloop
  endfacet
  facet normal 6.282200e-01 7.780358e-01 0.000000e+00
    outer loop
      vertex   4.757065e+00 6.431977e+00 1.963667e+01
      vertex   5.285398e+00 6.005378e+00 6.123333e+00
      vertex   4.757065e+00 6.431977e+00 6.123333e+00
    endloop
  endfacet
  facet normal 5.599748e-01 8.285096e-01 0.000000e+00
    outer loop
      vertex   4.757065e+00 6.431977e+00 1.963667e+01
      vertex   4.757065e+00 6.431977e+00 6.123333e+00
      vertex   4.194458e+00 6.812233e+00 1.963667e+01
    endloop
  endfacet
  facet normal 5.599748e-01 8.285096e-01 0.000000e+00
    outer loop
      vertex   4.194458e+00 6.812233e+00 1.963667e+01
      vertex   4.757065e+00 6.431977e+00 6.123333e+00
      vertex   4.194458e+00 6.812233e+00 6.123333e+00
    endloop
  endfacet
  facet normal 4.876949e-01 8.730141e-01 0.000000e+00
    outer loop
      vertex   4.194458e+00 6.812233e+00 1.963667e+01
      vertex   4.194458e+00 6.812233e+00 6.123333e+00
      vertex   3.601630e+00 7.143407e+00 1.963667e+01
    endloop
  endfacet
  facet normal 4.876949e-01 8.730141e-01 0.000000e+00
    outer loop
      vertex   3.601630e+00 7.143407e+00 1.963667e+01
      vertex   4.194458e+00 6.812233e+00 6.123333e+00
      vertex   3.601630e+00 7.143407e+00 6.123333e+00
    endloop
  endfacet
  facet normal 4.119012e-01 9.112285e-01 0.000000e+00
    outer loop
      vertex   3.601630e+00 7.143407e+00 1.963667e+01
      vertex   3.601630e+00 7.143407e+00 6.123333e+00
      vertex   2.982852e+00 7.423112e+00 1.963667e+01
    endloop
  endfacet
  facet normal 4.119012e-01 9.112285e-01 0.000000e+00
    outer loop
      vertex   2.982852e+00 7.423112e+00 1.963667e+01
      vertex   3.601630e+00 7.143407e+00 6.123333e+00
      vertex   2.982852e+00 7.423112e+00 6.123333e+00
    endloop
  endfacet
  facet normal 3.331398e-01 9.428774e-01 0.000000e+00
    outer loop
      vertex   2.982852e+00 7.423112e+00 1.963667e+01
      vertex   2.982852e+00 7.423112e+00 6.123333e+00
      vertex   2.342582e+00 7.649334e+00 1.963667e+01
    endloop
  endfacet
  facet normal 3.331398e-01 9.428774e-01 0.000000e+00
    outer loop
      vertex   2.342582e+00 7.649334e+00 1.963667e+01
      vertex   2.982852e+00 7.423112e+00 6.123333e+00
      vertex   2.342582e+00 7.649334e+00 6.123333e+00
    endloop
  endfacet
  facet normal 2.519781e-01 9.677329e-01 0.000000e+00
    outer loop
      vertex   2.342582e+00 7.649334e+00 1.963667e+01
      vertex   2.342582e+00 7.649334e+00 6.123333e+00
      vertex   1.685434e+00 7.820442e+00 1.963667e+01
    endloop
  endfacet
  facet normal 2.519781e-01 9.677329e-01 0.000000e+00
    outer loop
      vertex   1.685434e+00 7.820442e+00 1.963667e+01
      vertex   2.342582e+00 7.649334e+00 6.123333e+00
      vertex   1.685434e+00 7.820442e+00 6.123333e+00
    endloop
  endfacet
  facet normal 1.690008e-01 9.856159e-01 0.000000e+00
    outer loop
      vertex   1.685434e+00 7.820442e+00 1.963667e+01
      vertex   1.685434e+00 7.820442e+00 6.123333e+00
      vertex   1.016143e+00 7.935203e+00 1.963667e+01
    endloop
  endfacet
  facet normal 1.690008e-01 9.856159e-01 0.000000e+00
    outer loop
      vertex   1.016143e+00 7.935203e+00 1.963667e+01
      vertex   1.685434e+00 7.820442e+00 6.123333e+00
      vertex   1.016143e+00 7.935203e+00 6.123333e+00
    endloop
  endfacet
  facet normal 8.480592e-02 9.963975e-01 0.000000e+00
    outer loop
      vertex   1.016143e+00 7.935203e+00 1.963667e+01
      vertex   1.016143e+00 7.935203e+00 6.123333e+00
      vertex   3.395296e-01 7.992792e+00 1.963667e+01
    endloop
  endfacet
  facet normal 8.480592e-02 9.963975e-01 0.000000e+00
    outer loop
      vertex   3.395296e-01 7.992792e+00 1.963667e+01
      vertex   1.016143e+00 7.935203e+00 6.123333e+00
      vertex   3.395296e-01 7.992792e+00 6.123333e+00
    endloop
  endfacet
  facet normal 2.615908e-15 1.000000e+00 0.000000e+00
    outer loop
      vertex   3.395296e-01 7.992792e+00 1.963667e+01
      vertex   3.395296e-01 7.992792e+00 6.123333e+00
      vertex   -3.395296e-01 7.992792e+00 1.963667e+01
    endloop
  endfacet
  facet normal 2.615908e-15 1.000000e+00 0.000000e+00
    outer loop
      vertex   -3.395296e-01 7.992792e+00 1.963667e+01
      vertex   3.395296e-01 7.992792e+00 6.123333e+00
      vertex   -3.395296e-01 7.992792e+00 6.123333e+00
    endloop
  endfacet
  facet normal -8.480592e-02 9.963975e-01 0.000000e+00
    outer loop
      vertex   -3.395296e-01 7.992792e+00 1.963667e+01
      vertex   -3.395296e-01 7.992792e+00 6.123333e+00
      vertex   -1.016143e+00 7.935203e+00 1.963667e+01
    endloop
  endfacet
  facet normal -8.480592e-02 9.963975e-01 0.000000e+00
    outer loop
      vertex   -1.016143e+00 7.935203e+00 1.963667e+01
      vertex   -3.395296e-01 7.992792e+00 6.123333e+00
      vertex   -1.016143e+00 7.935203e+00 6.123333e+00
    endloop
  endfacet
  facet normal -1.690008e-01 9.856159e-01 0.000000e+00
    outer loop
      vertex   -1.016143e+00 7.935203e+00 1.963667e+01
      vertex   -1.016143e+00 7.935203e+00 6.123333e+00
      vertex   -1.685434e+00 7.820442e+00 1.963667e+01
    endloop
  endfacet
  facet normal -1.690008e-01 9.856159e-01 0.000000e+00
    outer loop
      vertex   -1.685434e+00 7.820442e+00 1.963667e+01
      vertex   -1.016143e+00 7.935203e+00 6.123333e+00
      vertex   -1.685434e+00 7.820442e+00 6.123333e+00
    endloop
  endfacet
  facet normal -2.519781e-01 9.677329e-01 0.000000e+00
    outer loop
      vertex   -1.685434e+00 7.820442e+00 1.963667e+01
      vertex   -1.685434e+00 7.820442e+00 6.123333e+00
      vertex   -2.342582e+00 7.649334e+00 1.963667e+01
    endloop
  endfacet
  facet normal -2.519781e-01 9.677329e-01 0.000000e+00
    outer loop
      vertex   -2.342582e+00 7.649334e+00 1.963667e+01
      vertex   -1.685434e+00 7.820442e+00 6.123333e+00
      vertex   -2.342582e+00 7.649334e+00 6.123333e+00
    endloop
  endfacet
  facet normal -3.331398e-01 9.428774e-01 0.000000e+00
    outer loop
      vertex   -2.342582e+00 7.649334e+00 1.963667e+01
      vertex   -2.342582e+00 7.649334e+00 6.123333e+00
      vertex   -2.982852e+00 7.423112e+00 1.963667e+01
    endloop
  endfacet
  facet normal -3.331398e-01 9.428774e-01 0.000000e+00
    outer loop
      vertex   -2.982852e+00 7.423112e+00 1.963667e+01
      vertex   -2.342582e+00 7.649334e+00 6.123333e+00
      vertex   -2.982852e+00 7.423112e+00 6.123333e+00
    endloop
  endfacet
  facet normal -4.119012e-01 9.112285e-01 0.000000e+00
    outer loop
      vertex   -2.982852e+00 7.423112e+00 1.963667e+01
      vertex   -2.982852e+00 7.423112e+00 6.123333e+00
      vertex   -3.601630e+00 7.143407e+00 1.963667e+01
    endloop
  endfacet
  facet normal -4.119012e-01 9.112285e-01 0.000000e+00
    outer loop
      vertex   -3.601630e+00 7.143407e+00 1.963667e+01
      vertex   -2.982852e+00 7.423112e+00 6.123333e+00
      vertex   -3.601630e+00 7.143407e+00 6.123333e+00
    endloop
  endfacet
  facet normal -4.876949e-01 8.730141e-01 0.000000e+00
    outer loop
      vertex   -3.601630e+00 7.143407e+00 1.963667e+01
      vertex   -3.601630e+00 7.143407e+00 6.123333e+00
      vertex   -4.194458e+00 6.812233e+00 1.963667e+01
    endloop
  endfacet
  facet normal -4.876949e-01 8.730141e-01 0.000000e+00
    outer loop
      vertex   -4.194458e+00 6.812233e+00 1.963667e+01
      vertex   -3.601630e+00 7.143407e+00 6.123333e+00
      vertex   -4.194458e+00 6.812233e+00 6.123333e+00
    endloop
  endfacet
  facet normal -5.599748e-01 8.285096e-01 0.000000e+00
    outer loop
      vertex   -4.194458e+00 6.812233e+00 1.963667e+01
      vertex   -4.194458e+00 6.812233e+00 6.123333e+00
      vertex   -4.757065e+00 6.431977e+00 1.963667e+01
    endloop
  endfacet
  facet normal -5.599748e-01 8.285096e-01 0.000000e+00
    outer loop
      vertex   -4.757065e+00 6.431977e+00 1.963667e+01
      vertex   -4.194458e+00 6.812233e+00 6.123333e+00
      vertex   -4.757065e+00 6.431977e+00 6.123333e+00
    endloop
  endfacet
  facet normal -6.282200e-01 7.780358e-01 0.000000e+00
    outer loop
      vertex   -4.757065e+00 6.431977e+00 1.963667e+01
      vertex   -4.757065e+00 6.431977e+00 6.123333e+00
      vertex   -5.285398e+00 6.005378e+00 1.963667e+01
    endloop
  endfacet
  facet normal -6.282200e-01 7.780358e-01 0.000000e+00
    outer loop
      vertex   -5.285398e+00 6.005378e+00 1.963667e+01
      vertex   -4.757065e+00 6.431977e+00 6.123333e+00
      vertex   -5.285398e+00 6.005378e+00 6.123333e+00
    endloop
  endfacet
  facet normal -6.919389e-01 7.219561e-01 0.000000e+00
    outer loop
      vertex   -5.285398e+00 6.005378e+00 1.963667e+01
      vertex   -5.285398e+00 6.005378e+00 6.123333e+00
      vertex   -5.775649e+00 5.535511e+00 1.963667e+01
    endloop
  endfacet
  facet normal -6.919389e-01 7.219561e-01 0.000000e+00
    outer loop
      vertex   -5.775649e+00 5.535511e+00 1.963667e+01
      vertex   -5.285398e+00 6.005378e+00 6.123333e+00
      vertex   -5.775649e+00 5.535511e+00 6.123333e+00
    endloop
  endfacet
  facet normal -7.506723e-01 6.606747e-01 0.000000e+00
    outer loop
      vertex   -5.775649e+00 5.535511e+00 1.963667e+01
      vertex   -5.775649e+00 5.535511e+00 6.123333e+00
      vertex   -6.224286e+00 5.025760e+00 1.963667e+01
    endloop
  endfacet
  facet normal -7.506723e-01 6.606747e-01 0.000000e+00
    outer loop
      vertex   -6.224286e+00 5.025760e+00 1.963667e+01
      vertex   -5.775649e+00 5.535511e+00 6.123333e+00
      vertex   -6.224286e+00 5.025760e+00 6.123333e+00
    endloop
  endfacet
  facet normal -8.039971e-01 5.946332e-01 0.000000e+00
    outer loop
      vertex   -6.224286e+00 5.025760e+00 1.963667e+01
      vertex   -6.224286e+00 5.025760e+00 6.123333e+00
      vertex   -6.628077e+00 4.479798e+00 1.963667e+01
    endloop
  endfacet
  facet normal -8.039971e-01 5.946332e-01 0.000000e+00
    outer loop
      vertex   -6.628077e+00 4.479798e+00 1.963667e+01
      vertex   -6.224286e+00 5.025760e+00 6.123333e+00
      vertex   -6.628077e+00 4.479798e+00 6.123333e+00
    endloop
  endfacet
  facet normal -8.515291e-01 5.243073e-01 0.000000e+00
    outer loop
      vertex   -6.628077e+00 4.479798e+00 1.963667e+01
      vertex   -6.628077e+00 4.479798e+00 6.123333e+00
      vertex   -6.984113e+00 3.901560e+00 1.963667e+01
    endloop
  endfacet
  facet normal -8.515291e-01 5.243073e-01 0.000000e+00
    outer loop
      vertex   -6.984113e+00 3.901560e+00 1.963667e+01
      vertex   -6.628077e+00 4.479798e+00 6.123333e+00
      vertex   -6.984113e+00 3.901560e+00 6.123333e+00
    endloop
  endfacet
  facet normal -8.929259e-01 4.502037e-01 0.000000e+00
    outer loop
      vertex   -6.984113e+00 3.901560e+00 1.963667e+01
      vertex   -6.984113e+00 3.901560e+00 6.123333e+00
      vertex   -7.289828e+00 3.295210e+00 1.963667e+01
    endloop
  endfacet
  facet normal -8.929259e-01 4.502037e-01 0.000000e+00
    outer loop
      vertex   -7.289828e+00 3.295210e+00 1.963667e+01
      vertex   -6.984113e+00 3.901560e+00 6.123333e+00
      vertex   -7.289828e+00 3.295210e+00 6.123333e+00
    endloop
  endfacet
  facet normal -9.278890e-01 3.728565e-01 0.000000e+00
    outer loop
      vertex   -7.289828e+00 3.295210e+00 1.963667e+01
      vertex   -7.289828e+00 3.295210e+00 6.123333e+00
      vertex   -7.543020e+00 2.665118e+00 1.963667e+01
    endloop
  endfacet
  facet normal -9.278890e-01 3.728565e-01 0.000000e+00
    outer loop
      vertex   -7.543020e+00 2.665118e+00 1.963667e+01
      vertex   -7.289828e+00 3.295210e+00 6.123333e+00
      vertex   -7.543020e+00 2.665118e+00 6.123333e+00
    endloop
  endfacet
  facet normal -9.561667e-01 2.928228e-01 0.000000e+00
    outer loop
      vertex   -7.543020e+00 2.665118e+00 1.963667e+01
      vertex   -7.543020e+00 2.665118e+00 6.123333e+00
      vertex   -7.741864e+00 2.015824e+00 1.963667e+01
    endloop
  endfacet
  facet normal -9.561667e-01 2.928228e-01 0.000000e+00
    outer loop
      vertex   -7.741864e+00 2.015824e+00 1.963667e+01
      vertex   -7.543020e+00 2.665118e+00 6.123333e+00
      vertex   -7.741864e+00 2.015824e+00 6.123333e+00
    endloop
  endfacet
  facet normal -9.775552e-01 2.106793e-01 0.000000e+00
    outer loop
      vertex   -7.741864e+00 2.015824e+00 1.963667e+01
      vertex   -7.741864e+00 2.015824e+00 6.123333e+00
      vertex   -7.884927e+00 1.352007e+00 1.963667e+01
    endloop
  endfacet
  facet normal -9.775552e-01 2.106793e-01 0.000000e+00
    outer loop
      vertex   -7.884927e+00 1.352007e+00 1.963667e+01
      vertex   -7.741864e+00 2.015824e+00 6.123333e+00
      vertex   -7.884927e+00 1.352007e+00 6.123333e+00
    endloop
  endfacet
  facet normal -9.919004e-01 1.270178e-01 0.000000e+00
    outer loop
      vertex   -7.884927e+00 1.352007e+00 1.963667e+01
      vertex   -7.884927e+00 1.352007e+00 6.123333e+00
      vertex   -7.971180e+00 6.784474e-01 1.963667e+01
    endloop
  endfacet
  facet normal -9.919004e-01 1.270178e-01 0.000000e+00
    outer loop
      vertex   -7.971180e+00 6.784474e-01 1.963667e+01
      vertex   -7.884927e+00 1.352007e+00 6.123333e+00
      vertex   -7.971180e+00 6.784474e-01 6.123333e+00
    endloop
  endfacet
  facet normal -9.990990e-01 4.244120e-02 0.000000e+00
    outer loop
      vertex   -7.971180e+00 6.784474e-01 1.963667e+01
      vertex   -7.971180e+00 6.784474e-01 6.123333e+00
      vertex   -8.000000e+00 0.000000e+00 1.963667e+01
    endloop
  endfacet
  facet normal -9.990990e-01 4.244120e-02 0.000000e+00
    outer loop
      vertex   -8.000000e+00 0.000000e+00 1.963667e+01
      vertex   -7.971180e+00 6.784474e-01 6.123333e+00
      vertex   -8.000000e+00 0.000000e+00 6.123333e+00
    endloop
  endfacet
  facet normal -9.990990e-01 -4.244120e-02 -0.000000e+00
    outer loop
      vertex   -8.000000e+00 0.000000e+00 1.963667e+01
      vertex   -8.000000e+00 0.000000e+00 6.123333e+00
      vertex   -7.971180e+00 -6.784474e-01 1.963667e+01
    endloop
  endfacet
  facet normal -9.990990e-01 -4.244120e-02 -0.000000e+00
    outer loop
      vertex   -7.971180e+00 -6.784474e-01 1.963667e+01
      vertex   -8.000000e+00 0.000000e+00 6.123333e+00
      vertex   -7.971180e+00 -6.784474e-01 6.123333e+00
    endloop
  endfacet
  facet normal -9.919004e-01 -1.270178e-01 -0.000000e+00
    outer loop
      vertex   -7.971180e+00 -6.784474e-01 1.963667e+01
      vertex   -7.971180e+00 -6.784474e-01 6.123333e+00
      vertex   -7.884927e+00 -1.352007e+00 1.963667e+01
    endloop
  endfacet
  facet normal -9.919004e-01 -1.270178e-01 -0.000000e+00
    outer loop
      vertex   -7.884927e+00 -1.352007e+00 1.963667e+01
      vertex   -7.971180e+00 -6.784474e-01 6.123333e+00
      vertex   -7.884927e+00 -1.352007e+00 6.123333e+00
    endloop
  endfacet
  facet normal -9.775552e-01 -2.106793e-01 -0.000000e+00
    outer loop
      vertex   -7.884927e+00 -1.352007e+00 1.963667e+01
      vertex   -7.884927e+00 -1.352007e+00 6.123333e+00
      vertex   -7.741864e+00 -2.015824e+00 1.963667e+01
    endloop
  endfacet
  facet normal -9.775552e-01 -2.106793e-01 -0.000000e+00
    outer loop
      vertex   -7.741864e+00 -2.015824e+00 1.963667e+01
      vertex   -7.884927e+00 -1.352007e+00 6.123333e+00
      vertex   -7.741864e+00 -2.015824e+00 6.123333e+00
    endloop
  endfacet
  facet normal -9.561667e-01 -2.928228e-01 -0.000000e+00
    outer loop
      vertex   -7.741864e+00 -2.015824e+00 1.963667e+01
      vertex   -7.741864e+00 -2.015824e+00 6.123333e+00
      vertex   -7.543020e+00 -2.665118e+00 1.963667e+01
    endloop
  endfacet
  facet normal -9.561667e-01 -2.928228e-01 -0.000000e+00
    outer loop
      vertex   -7.543020e+00 -2.665118e+00 1.963667e+01
      vertex   -7.741864e+00 -2.015824e+00 6.123333e+00
      vertex   -7.543020e+00 -2.665118e+00 6.123333e+00
    endloop
  endfacet
  facet normal -9.278890e-01 -3.728565e-01 -0.000000e+00
    outer loop
      vertex   -7.543020e+00 -2.665118e+00 1.963667e+01
      vertex   -7.543020e+00 -2.665118e+00 6.123333e+00
      vertex   -7.289828e+00 -3.295210e+00 1.963667e+01
    endloop
  endfacet
  facet normal -9.278890e-01 -3.728565e-01 -0.000000e+00
    outer loop
      vertex   -7.289828e+00 -3.295210e+00 1.963667e+01
      vertex   -7.543020e+00 -2.665118e+00 6.123333e+00
      vertex   -7.289828e+00 -3.295210e+00 6.123333e+00
    endloop
  endfacet
  facet normal -8.929259e-01 -4.502037e-01 -0.000000e+00
    outer loop
      vertex   -7.289828e+00 -3.295210e+00 1.963667e+01
      vertex   -7.289828e+00 -3.295210e+00 6.123333e+00
      vertex   -6.984113e+00 -3.901560e+00 1.963667e+01
    endloop
  endfacet
  facet normal -8.929259e-01 -4.502037e-01 -0.000000e+00
    outer loop
      vertex   -6.984113e+00 -3.901560e+00 1.963667e+01
      vertex   -7.289828e+00 -3.295210e+00 6.123333e+00
      vertex   -6.984113e+00 -3.901560e+00 6.123333e+00
    endloop
  endfacet
  facet normal -8.515291e-01 -5.243073e-01 -0.000000e+00
    outer loop
      vertex   -6.984113e+00 -3.901560e+00 1.963667e+01
      vertex   -6.984113e+00 -3.901560e+00 6.123333e+00
      vertex   -6.628077e+00 -4.479798e+00 1.963667e+01
    endloop
  endfacet
  facet normal -8.515291e-01 -5.243073e-01 -0.000000e+00
    outer loop
      vertex   -6.628077e+00 -4.479798e+00 1.963667e+01
      vertex   -6.984113e+00 -3.901560e+00 6.123333e+00
      vertex   -6.628077e+00 -4.479798e+00 6.123333e+00
    endloop
  endfacet
  facet normal -8.039971e-01 -5.946332e-01 -0.000000e+00
    outer loop
      vertex   -6.628077e+00 -4.479798e+00 1.963667e+01
      vertex   -6.628077e+00 -4.479798e+00 6.123333e+00
      vertex   -6.224286e+00 -5.025760e+00 1.963667e+01
    endloop
  endfacet
  facet normal -8.039971e-01 -5.946332e-01 -0.000000e+00
    outer loop
      vertex   -6.224286e+00 -5.025760e+00 1.963667e+01
      vertex   -6.628077e+00 -4.479798e+00 6.123333e+00
      vertex   -6.224286e+00 -5.025760e+00 6.123333e+00
    endloop
  endfacet
  facet normal -7.506723e-01 -6.606747e-01 -0.000000e+00
    outer loop
      vertex   -6.224286e+00 -5.025760e+00 1.963667e+01
      vertex   -6.224286e+00 -5.025760e+00 6.123333e+00
      vertex   -5.775649e+00 -5.535511e+00 1.963667e+01
    endloop
  endfacet
  facet normal -7.506723e-01 -6.606747e-01 -0.000000e+00
    outer loop
      vertex   -5.775649e+00 -5.535511e+00 1.963667e+01
      vertex   -6.224286e+00 -5.025760e+00 6.123333e+00
      vertex   -5.775649e+00 -5.535511e+00 6.123333e+00
    endloop
  endfacet
  facet normal -6.919389e-01 -7.219561e-01 -0.000000e+00
    outer loop
      vertex   -5.775649e+00 -5.535511e+00 1.963667e+01
      vertex   -5.775649e+00 -5.535511e+00 6.123333e+00
      vertex   -5.285398e+00 -6.005378e+00 1.963667e+01
    endloop
  endfacet
  facet normal -6.919389e-01 -7.219561e-01 -0.000000e+00
    outer loop
      vertex   -5.285398e+00 -6.005378e+00 1.963667e+01
      vertex   -5.775649e+00 -5.535511e+00 6.123333e+00
      vertex   -5.285398e+00 -6.005378e+00 6.123333e+00
    endloop
  endfacet
  facet normal -6.282200e-01 -7.780358e-01 -0.000000e+00
    outer loop
      vertex   -5.285398e+00 -6.005378e+00 1.963667e+01
      vertex   -5.285398e+00 -6.005378e+00 6.123333e+00
      vertex   -4.757065e+00 -6.431977e+00 1.963667e+01
    endloop
  endfacet
  facet normal -6.282200e-01 -7.780358e-01 -0.000000e+00
    outer loop
      vertex   -4.757065e+00 -6.431977e+00 1.963667e+01
      vertex   -5.285398e+00 -6.005378e+00 6.123333e+00
      vertex   -4.757065e+00 -6.431977e+00 6.123333e+00
    endloop
  endfacet
  facet normal -5.599748e-01 -8.285096e-01 -0.000000e+00
    outer loop
      vertex   -4.757065e+00 -6.431977e+00 1.963667e+01
      vertex   -4.757065e+00 -6.431977e+00 6.123333e+00
      vertex   -4.194458e+00 -6.812233e+00 1.963667e+01
    endloop
  endfacet
  facet normal -5.599748e-01 -8.285096e-01 -0.000000e+00
    outer loop
      vertex   -4.194458e+00 -6.812233e+00 1.963667e+01
      vertex   -4.757065e+00 -6.431977e+00 6.123333e+00
      vertex   -4.194458e+00 -6.812233e+00 6.123333e+00
    endloop
  endfacet
  facet normal -4.876949e-01 -8.730141e-01 -0.000000e+00
    outer loop
      vertex   -4.194458e+00 -6.812233e+00 1.963667e+01
      vertex   -4.194458e+00 -6.812233e+00 6.123333e+00
      vertex   -3.601630e+00 -7.143407e+00 1.963667e+01
    endloop
  endfacet
  facet normal -4.876949e-01 -8.730141e-01 -0.000000e+00
    outer loop
      vertex   -3.601630e+00 -7.143407e+00 1.963667e+01
      vertex   -4.194458e+00 -6.812233e+00 6.123333e+00
      vertex   -3.601630e+00 -7.143407e+00 6.123333e+00
    endloop
  endfacet
  facet normal -4.119012e-01 -9.112285e-01 -0.000000e+00
    outer loop
      vertex   -3.601630e+00 -7.143407e+00 1.963667e+01
      vertex   -3.601630e+00 -7.143407e+00 6.123333e+00
      vertex   -2.982852e+00 -7.423112e+00 1.963667e+01
    endloop
  endfacet
  facet normal -4.119012e-01 -9.112285e-01 -0.000000e+00
    outer loop
      vertex   -2.982852e+00 -7.423112e+00 1.963667e+01
      vertex   -3.601630e+00 -7.143407e+00 6.123333e+00
      vertex   -2.982852e+00 -7.423112e+00 6.123333e+00
    endloop
  endfacet
  facet normal -3.331398e-01 -9.428774e-01 -0.000000e+00
    outer loop
      vertex   -2.982852e+00 -7.423112e+00 1.963667e+01
      vertex   -2.982852e+00 -7.423112e+00 6.123333e+00
      vertex   -2.342582e+00 -7.649334e+00 1.963667e+01
    endloop
  endfacet
  facet normal -3.331398e-01 -9.428774e-01 -0.000000e+00
    outer loop
      vertex   -2.342582e+00 -7.649334e+00 1.963667e+01
      vertex   -2.982852e+00 -7.423112e+00 6.123333e+00
      vertex   -2.342582e+00 -7.649334e+00 6.123333e+00
    endloop
  endfacet
  facet normal -2.519781e-01 -9.677329e-01 -0.000000e+00
    outer loop
      vertex   -2.342582e+00 -7.649334e+00 1.963667e+01
      vertex   -2.342582e+00 -7.649334e+00 6.123333e+00
      vertex   -1.685434e+00 -7.820442e+00 1.963667e+01
    endloop
  endfacet
  facet normal -2.519781e-01 -9.677329e-01 -0.000000e+00
    outer loop
      vertex   -1.685434e+00 -7.820442e+00 1.963667e+01
      vertex   -2.342582e+00 -7.649334e+00 6.123333e+00
      vertex   -1.685434e+00 -7.820442e+00 6.123333e+00
    endloop
  endfacet
  facet normal -1.690008e-01 -9.856159e-01 -0.000000e+00
    outer loop
      vertex   -1.685434e+00 -7.820442e+00 1.963667e+01
      vertex   -1.685434e+00 -7.820442e+00 6.123333e+00
      vertex   -1.016143e+00 -7.935203e+00 1.963667e+01
    endloop
  endfacet
  facet normal -1.690008e-01 -9.856159e-01 -0.000000e+00
    outer loop
      vertex   -1.016143e+00 -7.935203e+00 1.963667e+01
      vertex   -1.685434e+00 -7.820442e+00 6.123333e+00
      vertex   -1.016143e+00 -7.935203e+00 6.123333e+00
    endloop
  endfacet
  facet normal -8.480592e-02 -9.963975e-01 -0.000000e+00
    outer loop
      vertex   -1.016143e+00 -7.935203e+00 1.963667e+01
      vertex   -1.016143e+00 -7.935203e+00 6.123333e+00
      vertex   -3.395296e-01 -7.992792e+00 1.963667e+01
    endloop
  endfacet
  facet normal -8.480592e-02 -9.963975e-01 -0.000000e+00
    outer loop
      vertex   -3.395296e-01 -7.992792e+00 1.963667e+01
      vertex   -1.016143e+00 -7.935203e+00 6.123333e+00
      vertex   -3.395296e-01 -7.992792e+00 6.123333e+00
    endloop
  endfacet
  facet normal 0.000000e+00 -1.000000e+00 0.000000e+00
    outer loop
      vertex   -3.395296e-01 -7.992792e+00 1.963667e+01
      vertex   -3.395296e-01 -7.992792e+00 6.123333e+00
      vertex   3.395296e-01 -7.992792e+00 1.963667e+01
    endloop
  endfacet
  facet normal 0.000000e+00 -1.000000e+00 -0.000000e+00
    outer loop
      vertex   3.395296e-01 -7.992792e+00 1.963667e+01
      vertex   -3.395296e-01 -7.992792e+00 6.123333e+00
      vertex   3.395296e-01 -7.992792e+00 6.123333e+00
    endloop
  endfacet
  facet normal 8.480592e-02 -9.963975e-01 0.000000e+00
    outer loop
      vertex   3.395296e-01 -7.992792e+00 1.963667e+01
      vertex   3.395296e-01 -7.992792e+00 6.123333e+00
      vertex   1.016143e+00 -7.935203e+00 1.963667e+01
    endloop
  endfacet
  facet normal 8.480592e-02 -9.963975e-01 0.000000e+00
    outer loop
      vertex   1.016143e+00 -7.935203e+00 1.963667e+01
      vertex   3.395296e-01 -7.992792e+00 6.123333e+00
      vertex   1.016143e+00 -7.935203e+00 6.123333e+00
    endloop
  endfacet
  facet normal 1.690008e-01 -9.856159e-01 0.000000e+00
    outer loop
      vertex   1.016143e+00 -7.935203e+00 1.963667e+01
      vertex   1.016143e+00 -7.935203e+00 6.123333e+00
      vertex   1.685434e+00 -7.820442e+00 1.963667e+01
    endloop
  endfacet
  facet normal 1.690008e-01 -9.856159e-01 0.000000e+00
    outer loop
      vertex   1.685434e+00 -7.820442e+00 1.963667e+01
      vertex   1.016143e+00 -7.935203e+00 6.123333e+00
      vertex   1.685434e+00 -7.820442e+00 6.123333e+00
    endloop
  endfacet
  facet normal 2.519781e-01 -9.677329e-01 0.000000e+00
    outer loop
      vertex   1.685434e+00 -7.820442e+00 1.963667e+01
      vertex   1.685434e+00 -7.820442e+00 6.123333e+00
      vertex   2.342582e+00 -7.649334e+00 1.963667e+01
    endloop
  endfacet
  facet normal 2.519781e-01 -9.677329e-01 0.000000e+00
    outer loop
      vertex   2.342582e+00 -7.649334e+00 1.963667e+01
      vertex   1.685434e+00 -7.820442e+00 6.123333e+00
      vertex   2.342582e+00 -7.649334e+00 6.123333e+00
    endloop
  endfacet
  facet normal 3.331398e-01 -9.428774e-01 0.000000e+00
    outer loop
      vertex   2.342582e+00 -7.649334e+00 1.963667e+01
      vertex   2.342582e+00 -7.649334e+00 6.123333e+00
      vertex   2.982852e+00 -7.423112e+00 1.963667e+01
    endloop
  endfacet
  facet normal 3.331398e-01 -9.428774e-01 0.000000e+00
    outer loop
      vertex   2.982852e+00 -7.423112e+00 1.963667e+01
      vertex   2.342582e+00 -7.649334e+00 6.123333e+00
      vertex   2.982852e+00 -7.423112e+00 6.123333e+00
    endloop
  endfacet
  facet normal 4.119012e-01 -9.112285e-01 0.000000e+00
    outer loop
      vertex   2.982852e+00 -7.423112e+00 1.963667e+01
      vertex   2.982852e+00 -7.423112e+00 6.123333e+00
      vertex   3.601630e+00 -7.143407e+00 1.963667e+01
    endloop
  endfacet
  facet normal 4.119012e-01 -9.112285e-01 0.000000e+00
    outer loop
      vertex   3.601630e+00 -7.143407e+00 1.963667e+01
      vertex   2.982852e+00 -7.423112e+00 6.123333e+00
      vertex   3.601630e+00 -7.143407e+00 6.123333e+00
    endloop
  endfacet
  facet normal 4.876949e-01 -8.730141e-01 0.000000e+00
    outer loop
      vertex   3.601630e+00 -7.143407e+00 1.963667e+01
      vertex   3.601630e+00 -7.143407e+00 6.123333e+00
      vertex   4.194458e+00 -6.812233e+00 1.963667e+01
    endloop
  endfacet
  facet normal 4.876949e-01 -8.730141e-01 0.000000e+00
    outer loop
      vertex   4.194458e+00 -6.812233e+00 1.963667e+01
      vertex   3.601630e+00 -7.143407e+00 6.123333e+00
      vertex   4.194458e+00 -6.812233e+00 6.123333e+00
    endloop
  endfacet
  facet normal 5.599748e-01 -8.285096e-01 0.000000e+00
    outer loop
      vertex   4.194458e+00 -6.812233e+00 1.963667e+01
      vertex   4.194458e+00 -6.812233e+00 6.123333e+00
      vertex   4.757065e+00 -6.431977e+00 1.963667e+01
    endloop
  endfacet
  facet normal 5.599748e-01 -8.285096e-01 0.000000e+00
    outer loop
      vertex   4.757065e+00 -6.431977e+00 1.963667e+01
      vertex   4.194458e+00 -6.812233e+00 6.123333e+00
      vertex   4.757065e+00 -6.431977e+00 6.123333e+00
    endloop
  endfacet
  facet normal 6.282200e-01 -7.780358e-01 0.000000e+00
    outer loop
      vertex   4.757065e+00 -6.431977e+00 1.963667e+01
      vertex   4.757065e+00 -6.431977e+00 6.123333e+00
      vertex   5.285398e+00 -6.005378e+00 1.963667e+01
    endloop
  endfacet
  facet normal 6.282200e-01 -7.780358e-01 0.000000e+00
    outer loop
      vertex   5.285398e+00 -6.005378e+00 1.963667e+01
      vertex   4.757065e+00 -6.431977e+00 6.123333e+00
      vertex   5.285398e+00 -6.005378e+00 6.123333e+00
    endloop
  endfacet
  facet normal 6.919389e-01 -7.219561e-01 0.000000e+00
    outer loop
      vertex   5.285398e+00 -6.005378e+00 1.963667e+01
      vertex   5.285398e+00 -6.005378e+00 6.123333e+00
      vertex   5.775649e+00 -5.535511e+00 1.963667e+01
    endloop
  endfacet
  facet normal 6.919389e-01 -7.219561e-01 0.000000e+00
    outer loop
      vertex   5.775649e+00 -5.535511e+00 1.963667e+01
      vertex   5.285398e+00 -6.005378e+00 6.123333e+00
      vertex   5.775649e+00 -5.535511e+00 6.123333e+00
    endloop
  endfacet
  facet normal 7.506723e-01 -6.606747e-01 0.000000e+00
    outer loop
      vertex   5.775649e+00 -5.535511e+00 1.963667e+01
      vertex   5.775649e+00 -5.535511e+00 6.123333e+00
      vertex   6.224286e+00 -5.025760e+00 1.963667e+01
    endloop
  endfacet
  facet normal 7.506723e-01 -6.606747e-01 0.000000e+00
    outer loop
      vertex   6.224286e+00 -5.025760e+00 1.963667e+01
      vertex   5.775649e+00 -5.535511e+00 6.123333e+00
      vertex   6.224286e+00 -5.025760e+00 6.123333e+00
    endloop
  endfacet
  facet normal 8.039971e-01 -5.946332e-01 0.000000e+00
    outer loop
      vertex   6.224286e+00 -5.025760e+00 1.963667e+01
      vertex   6.224286e+00 -5.025760e+00 6.123333e+00
      vertex   6.628077e+00 -4.479798e+00 1.963667e+01
    endloop
  endfacet
  facet normal 8.039971e-01 -5.946332e-01 0.000000e+00
    outer loop
      vertex   6.628077e+00 -4.479798e+00 1.963667e+01
      vertex   6.224286e+00 -5.025760e+00 6.123333e+00
      vertex   6.628077e+00 -4.479798e+00 6.123333e+00
    endloop
  endfacet
  facet normal 8.515291e-01 -5.243073e-01 0.000000e+00
    outer loop
      vertex   6.628077e+00 -4.479798e+00 1.963667e+01
      vertex   6.628077e+00 -4.479798e+00 6.123333e+00
      vertex   6.984113e+00 -3.901560e+00 1.963667e+01
    endloop
  endfacet
  facet normal 8.515291e-01 -5.243073e-01 0.000000e+00
    outer loop
      vertex   6.984113e+00 -3.901560e+00 1.963667e+01
      vertex   6.628077e+00 -4.479798e+00 6.123333e+00
      vertex   6.984113e+00 -3.901560e+00 6.123333e+00
    endloop
  endfacet
  facet normal 8.929259e-01 -4.502037e-01 0.000000e+00
    outer loop
      vertex   6.984113e+00 -3.901560e+00 1.963667e+01
      vertex   6.984113e+00 -3.901560e+00 6.123333e+00
      vertex   7.289828e+00 -3.295210e+00 1.963667e+01
    endloop
  endfacet
  facet normal 8.929259e-01 -4.502037e-01 0.000000e+00
    outer loop
      vertex   7.289828e+00 -3.295210e+00 1.963667e+01
      vertex   6.984113e+00 -3.901560e+00 6.123333e+00
      vertex   7.289828e+00 -3.295210e+00 6.123333e+00
    endloop
  endfacet
  facet normal 9.278890e-01 -3.728565e-01 0.000000e+00
    outer loop
      vertex   7.289828e+00 -3.295210e+00 1.963667e+01
      vertex   7.289828e+00 -3.295210e+00 6.123333e+00
      vertex   7.543020e+00 -2.665118e+00 1.963667e+01
    endloop
  endfacet
  facet normal 9.278890e-01 -3.728565e-01 0.000000e+00
    outer loop
      vertex   7.543020e+00 -2.665118e+00 1.963667e+01
      vertex   7.289828e+00 -3.295210e+00 6.123333e+00
      vertex   7.543020e+00 -2.665118e+00 6.123333e+00
    endloop
  endfacet
  facet normal 9.561667e-01 -2.928228e-01 0.000000e+00
    outer loop
      vertex   7.543020e+00 -2.665118e+00 1.963667e+01
      vertex   7.543020e+00 -2.665118e+00 6.123333e+00
      vertex   7.741864e+00 -2.015824e+00 1.963667e+01
    endloop
  endfacet
  facet normal 9.561667e-01 -2.928228e-01 0.000000e+00
    outer loop
      vertex   7.741864e+00 -2.015824e+00 1.963667e+01
      vertex   7.543020e+00 -2.665118e+00 6.123333e+00
      vertex   7.741864e+00 -2.015824e+00 6.123333e+00
    endloop
  endfacet
  facet normal 9.775552e-01 -2.106793e-01 0.000000e+00
    outer loop
      vertex   7.741864e+00 -2.015824e+00 1.963667e+01
      vertex   7.741864e+00 -2.015824e+00 6.123333e+00
      vertex   7.884927e+00 -1.352007e+00 1.963667e+01
    endloop
  endfacet
  facet normal 9.775552e-01 -2.106793e-01 0.000000e+00
    outer loop
      vertex   7.884927e+00 -1.352007e+00 1.963667e+01
      vertex   7.741864e+00 -2.015824e+00 6.123333e+00
      vertex   7.884927e+00 -1.352007e+00 6.123333e+00
    endloop
  endfacet
  facet normal 9.919004e-01 -1.270178e-01 0.000000e+00
    outer loop
      vertex   7.884927e+00 -1.352007e+00 1.963667e+01
      vertex   7.884927e+00 -1.352007e+00 6.123333e+00
      vertex   7.971180e+00 -6.784474e-01 1.963667e+01
    endloop
  endfacet
  facet normal 9.919004e-01 -1.270178e-01 0.000000e+00
    outer loop
      vertex   7.971180e+00 -6.784474e-01 1.963667e+01
      vertex   7.884927e+00 -1.352007e+00 6.123333e+00
      vertex   7.971180e+00 -6.784474e-01 6.123333e+00
    endloop
  endfacet
  facet normal 9.990990e-01 -4.244120e-02 0.000000e+00
    outer loop
      vertex   7.971180e+00 -6.784474e-01 1.963667e+01
      vertex   7.971180e+00 -6.784474e-01 6.123333e+00
      vertex   8.000000e+00 9.797174e-16 1.963667e+01
    endloop
  endfacet
  facet normal 9.990990e-01 -4.244120e-02 0.000000e+00
    outer loop
      vertex   8.000000e+00 9.797174e-16 1.963667e+01
      vertex   7.971180e+00 -6.784474e-01 6.123333e+00
      vertex   8.000000e+00 9.797174e-16 6.123333e+00
    endloop
  endfacet
  facet normal -0.000000e+00 0.000000e+00 1.000000e+00
    outer loop
      vertex   7.470651e+00 -6.628508e-01 3.315000e+01
      vertex   7.971180e+00 -6.784474e-01 3.315000e+01
      vertex   7.500000e+00 9.184851e-16 3.315000e+01
    endloop
  endfacet
  facet normal -0.000000e+00 0.000000e+00 1.000000e+00
    outer loop
      vertex   7.500000e+00 9.184851e-16 3.315000e+01
      vertex   7.971180e+00 -6.784474e-01 3.315000e+01
      vertex   8.000000e+00 9.797174e-16 3.315000e+01
    endloop
  endfacet
  facet normal 0.000000e+00 0.000000e+00 1.000000e+00
    outer loop
      vertex   7.500000e+00 9.184851e-16 3.315000e+01
      vertex   8.000000e+00 9.797174e-16 3.315000e+01
      vertex   7.971180e+00 6.784474e-01 3.315000e+01
    endloop
  endfacet
  facet normal 0.000000e+00 0.000000e+00 1.000000e+00
    outer loop
      vertex   7.971180e+00 -6.784474e-01 3.315000e+01
      vertex   7.470651e+00 -6.628508e-01 3.315000e+01
      vertex   7.884927e+00 -1.352007e+00 3.315000e+01
    endloop
  endfacet
  facet normal 0.000000e+00 0.000000e+00 1.000000e+00
    outer loop
      vertex   7.884927e+00 -1.352007e+00 3.315000e+01
      vertex   7.470651e+00 -6.628508e-01 3.315000e+01
      vertex   7.382834e+00 -1.320514e+00 3.315000e+01
    endloop
  endfacet
  facet normal 0.000000e+00 0.000000e+00 1.000000e+00
    outer loop
      vertex   7.884927e+00 -1.352007e+00 3.315000e+01
      vertex   7.382834e+00 -1.320514e+00 3.315000e+01
      vertex   7.741864e+00 -2.015824e+00 3.315000e+01
    endloop
  endfacet
  facet normal 0.000000e+00 0.000000e+00 1.000000e+00
    outer loop
      vertex   7.741864e+00 -2.015824e+00 3.315000e+01
      vertex   7.382834e+00 -1.320514e+00 3.315000e+01
      vertex   7.237237e+00 -1.967842e+00 3.315000e+01
    endloop
  endfacet
  facet normal 0.000000e+00 0.000000e+00 1.000000e+00
    outer loop
      vertex   7.741864e+00 -2.015824e+00 3.315000e+01
      vertex   7.237237e+00 -1.967842e+00 3.315000e+01
      vertex   7.543020e+00 -2.665118e+00 3.315000e+01
    endloop
  endfacet
  facet normal 0.000000e+00 0.000000e+00 1.000000e+00
    outer loop
      vertex   7.543020e+00 -2.665118e+00 3.315000e+01
      vertex   7.237237e+00 -1.967842e+00 3.315000e+01
      vertex   7.034998e+00 -2.599769e+00 3.315000e+01
    endloop
  endfacet
  facet normal 0.000000e+00 0.000000e+00 1.000000e+00
    outer loop
      vertex   7.543020e+00 -2.665118e+00 3.315000e+01
      vertex   7.034998e+00 -2.599769e+00 3.315000e+01
      vertex   7.289828e+00 -3.295210e+00 3.315000e+01
    endloop
  endfacet
  facet normal 0.000000e+00 0.000000e+00 1.000000e+00
    outer loop
      vertex   7.289828e+00 -3.295210e+00 3.315000e+01
      vertex   7.034998e+00 -2.599769e+00 3.315000e+01
      vertex   6.777701e+00 -3.211350e+00 3.315000e+01
    endloop
  endfacet
  facet normal 0.000000e+00 0.000000e+00 1.000000e+00
    outer loop
      vertex   7.289828e+00 -3.295210e+00 3.315000e+01
      vertex   6.777701e+00 -3.211350e+00 3.315000e+01
      vertex   6.984113e+00 -3.901560e+00 3.315000e+01
    endloop
  endfacet
  facet normal 0.000000e+00 0.000000e+00 1.000000e+00
    outer loop
      vertex   6.984113e+00 -3.901560e+00 3.315000e+01
      vertex   6.777701e+00 -3.211350e+00 3.315000e+01
      vertex   6.467359e+00 -3.797797e+00 3.315000e+01
    endloop
  endfacet
  facet normal 0.000000e+00 0.000000e+00 1.000000e+00
    outer loop
      vertex   6.984113e+00 -3.901560e+00 3.315000e+01
      vertex   6.467359e+00 -3.797797e+00 3.315000e+01
      vertex   6.628077e+00 -4.479798e+00 3.315000e+01
    endloop
  endfacet
  facet normal 0.000000e+00 0.000000e+00 1.000000e+00
    outer loop
      vertex   6.628077e+00 -4.479798e+00 3.315000e+01
      vertex   6.467359e+00 -3.797797e+00 3.315000e+01
      vertex   6.106402e+00 -4.354522e+00 3.315000e+01
    endloop
  endfacet
  facet normal 0.000000e+00 0.000000e+00 1.000000e+00
    outer loop
      vertex   6.628077e+00 -4.479798e+00 3.315000e+01
      vertex   6.106402e+00 -4.354522e+00 3.315000e+01
      vertex   6.224286e+00 -5.025760e+00 3.315000e+01
    endloop
  endfacet
  facet normal 0.000000e+00 0.000000e+00 1.000000e+00
    outer loop
      vertex   6.224286e+00 -5.025760e+00 3.315000e+01
      vertex   6.106402e+00 -4.354522e+00 3.315000e+01
      vertex   5.697653e+00 -4.877166e+00 3.315000e+01
    endloop
  endfacet
  facet normal 0.000000e+00 0.000000e+00 1.000000e+00
    outer loop
      vertex   6.224286e+00 -5.025760e+00 3.315000e+01
      vertex   5.697653e+00 -4.877166e+00 3.315000e+01
      vertex   5.775649e+00 -5.535511e+00 3.315000e+01
    endloop
  endfacet
  facet normal 0.000000e+00 0.000000e+00 1.000000e+00
    outer loop
      vertex   5.775649e+00 -5.535511e+00 3.315000e+01
      vertex   5.697653e+00 -4.877166e+00 3.315000e+01
      vertex   5.244313e+00 -5.361640e+00 3.315000e+01
    endloop
  endfacet
  facet normal 0.000000e+00 0.000000e+00 1.000000e+00
    outer loop
      vertex   5.775649e+00 -5.535511e+00 3.315000e+01
      vertex   5.244313e+00 -5.361640e+00 3.315000e+01
      vertex   5.285398e+00 -6.005378e+00 3.315000e+01
    endloop
  endfacet
  facet normal 0.000000e+00 0.000000e+00 1.000000e+00
    outer loop
      vertex   5.285398e+00 -6.005378e+00 3.315000e+01
      vertex   5.244313e+00 -5.361640e+00 3.315000e+01
      vertex   4.749929e+00 -5.804152e+00 3.315000e+01
    endloop
  endfacet
  facet normal 0.000000e+00 0.000000e+00 1.000000e+00
    outer loop
      vertex   5.285398e+00 -6.005378e+00 3.315000e+01
      vertex   4.749929e+00 -5.804152e+00 3.315000e+01
      vertex   4.757065e+00 -6.431977e+00 3.315000e+01
    endloop
  endfacet
  facet normal 0.000000e+00 0.000000e+00 1.000000e+00
    outer loop
      vertex   4.757065e+00 -6.431977e+00 3.315000e+01
      vertex   4.749929e+00 -5.804152e+00 3.315000e+01
      vertex   4.218370e+00 -6.201238e+00 3.315000e+01
    endloop
  endfacet
  facet normal 0.000000e+00 0.000000e+00 1.000000e+00
    outer loop
      vertex   4.757065e+00 -6.431977e+00 3.315000e+01
      vertex   4.218370e+00 -6.201238e+00 3.315000e+01
      vertex   4.194458e+00 -6.812233e+00 3.315000e+01
    endloop
  endfacet
  facet normal 0.000000e+00 -0.000000e+00 1.000000e+00
    outer loop
      vertex   4.194458e+00 -6.812233e+00 3.315000e+01
      vertex   4.218370e+00 -6.201238e+00 3.315000e+01
      vertex   3.653796e+00 -6.549792e+00 3.315000e+01
    endloop
  endfacet
  facet normal 0.000000e+00 0.000000e+00 1.000000e+00
    outer loop
      vertex   4.194458e+00 -6.812233e+00 3.315000e+01
      vertex   3.653796e+00 -6.549792e+00 3.315000e+01
      vertex   3.601630e+00 -7.143407e+00 3.315000e+01
    endloop
  endfacet
  facet normal 0.000000e+00 -0.000000e+00 1.000000e+00
    outer loop
      vertex   3.601630e+00 -7.143407e+00 3.315000e+01
      vertex   3.653796e+00 -6.549792e+00 3.315000e+01
      vertex   3.060627e+00 -6.847084e+00 3.315000e+01
    endloop
  endfacet
  facet normal 0.000000e+00 0.000000e+00 1.000000e+00
    outer loop
      vertex   3.601630e+00 -7.143407e+00 3.315000e+01
      vertex   3.060627e+00 -6.847084e+00 3.315000e+01
      vertex   2.982852e+00 -7.423112e+00 3.315000e+01
    endloop
  endfacet
  facet normal 0.000000e+00 -0.000000e+00 1.000000e+00
    outer loop
      vertex   2.982852e+00 -7.423112e+00 3.315000e+01
      vertex   3.060627e+00 -6.847084e+00 3.315000e+01
      vertex   2.443504e+00 -7.090789e+00 3.315000e+01
    endloop
  endfacet
  facet normal 0.000000e+00 0.000000e+00 1.000000e+00
    outer loop
      vertex   2.982852e+00 -7.423112e+00 3.315000e+01
      vertex   2.443504e+00 -7.090789e+00 3.315000e+01
      vertex   2.342582e+00 -7.649334e+00 3.315000e+01
    endloop
  endfacet
  facet normal 0.000000e+00 -0.000000e+00 1.000000e+00
    outer loop
      vertex   2.342582e+00 -7.649334e+00 3.315000e+01
      vertex   2.443504e+00 -7.090789e+00 3.315000e+01
      vertex   1.807258e+00 -7.278999e+00 3.315000e+01
    endloop
  endfacet
  facet normal 0.000000e+00 0.000000e+00 1.000000e+00
    outer loop
      vertex   2.342582e+00 -7.649334e+00 3.315000e+01
      vertex   1.807258e+00 -7.278999e+00 3.315000e+01
      vertex   1.685434e+00 -7.820442e+00 3.315000e+01
    endloop
  endfacet
  facet normal 0.000000e+00 -0.000000e+00 1.000000e+00
    outer loop
      vertex   1.685434e+00 -7.820442e+00 3.315000e+01
      vertex   1.807258e+00 -7.278999e+00 3.315000e+01
      vertex   1.156867e+00 -7.410240e+00 3.315000e+01
    endloop
  endfacet
  facet normal 0.000000e+00 0.000000e+00 1.000000e+00
    outer loop
      vertex   1.685434e+00 -7.820442e+00 3.315000e+01
      vertex   1.156867e+00 -7.410240e+00 3.315000e+01
      vertex   1.016143e+00 -7.935203e+00 3.315000e+01
    endloop
  endfacet
  facet normal 0.000000e+00 -0.000000e+00 1.000000e+00
    outer loop
      vertex   1.016143e+00 -7.935203e+00 3.315000e+01
      vertex   1.156867e+00 -7.410240e+00 3.315000e+01
      vertex   4.974222e-01 -7.483487e+00 3.315000e+01
    endloop
  endfacet
  facet normal 0.000000e+00 0.000000e+00 1.000000e+00
    outer loop
      vertex   1.016143e+00 -7.935203e+00 3.315000e+01
      vertex   4.974222e-01 -7.483487e+00 3.315000e+01
      vertex   3.395296e-01 -7.992792e+00 3.315000e+01
    endloop
  endfacet
  facet normal 0.000000e+00 -0.000000e+00 1.000000e+00
    outer loop
      vertex   3.395296e-01 -7.992792e+00 3.315000e+01
      vertex   4.974222e-01 -7.483487e+00 3.315000e+01
      vertex   -1.659157e-01 -7.498165e+00 3.315000e+01
    endloop
  endfacet
  facet normal 0.000000e+00 0.000000e+00 1.000000e+00
    outer loop
      vertex   3.395296e-01 -7.992792e+00 3.315000e+01
      vertex   -1.659157e-01 -7.498165e+00 3.315000e+01
      vertex   -3.395296e-01 -7.992792e+00 3.315000e+01
    endloop
  endfacet
  facet normal 0.000000e+00 -0.000000e+00 1.000000e+00
    outer loop
      vertex   -3.395296e-01 -7.992792e+00 3.315000e+01
      vertex   -1.659157e-01 -7.498165e+00 3.315000e+01
      vertex   -8.279550e-01 -7.454159e+00 3.315000e+01
    endloop
  endfacet
  facet normal 0.000000e+00 0.000000e+00 1.000000e+00
    outer loop
      vertex   -3.395296e-01 -7.992792e+00 3.315000e+01
      vertex   -8.279550e-01 -7.454159e+00 3.315000e+01
      vertex   -1.016143e+00 -7.935203e+00 3.315000e+01
    endloop
  endfacet
  facet normal 0.000000e+00 -0.000000e+00 1.000000e+00
    outer loop
      vertex   -1.016143e+00 -7.935203e+00 3.315000e+01
      vertex   -8.279550e-01 -7.454159e+00 3.315000e+01
      vertex   -1.483514e+00 -7.351815e+00 3.315000e+01
    endloop
  endfacet
  facet normal 0.000000e+00 0.000000e+00 1.000000e+00
    outer loop
      vertex   -1.016143e+00 -7.935203e+00 3.315000e+01
      vertex   -1.483514e+00 -7.351815e+00 3.315000e+01
      vertex   -1.685434e+00 -7.820442e+00 3.315000e+01
    endloop
  endfacet
  facet normal 0.000000e+00 -0.000000e+00 1.000000e+00
    outer loop
      vertex   -1.685434e+00 -7.820442e+00 3.315000e+01
      vertex   -1.483514e+00 -7.351815e+00 3.315000e+01
      vertex   -2.127463e+00 -7.191933e+00 3.315000e+01
    endloop
  endfacet
  facet normal 0.000000e+00 0.000000e+00 1.000000e+00
    outer loop
      vertex   -1.685434e+00 -7.820442e+00 3.315000e+01
      vertex   -2.127463e+00 -7.191933e+00 3.315000e+01
      vertex   -2.342582e+00 -7.649334e+00 3.315000e+01
    endloop
  endfacet
  facet normal 0.000000e+00 -0.000000e+00 1.000000e+00
    outer loop
      vertex   -2.342582e+00 -7.649334e+00 3.315000e+01
      vertex   -2.127463e+00 -7.191933e+00 3.315000e+01
      vertex   -2.754762e+00 -6.975764e+00 3.315000e+01
    endloop
  endfacet
  facet normal 0.000000e+00 0.000000e+00 1.000000e+00
    outer loop
      vertex   -2.342582e+00 -7.649334e+00 3.315000e+01
      vertex   -2.754762e+00 -6.975764e+00 3.315000e+01
      vertex   -2.982852e+00 -7.423112e+00 3.315000e+01
    endloop
  endfacet
  facet normal 0.000000e+00 -0.000000e+00 1.000000e+00
    outer loop
      vertex   -2.982852e+00 -7.423112e+00 3.315000e+01
      vertex   -2.754762e+00 -6.975764e+00 3.315000e+01
      vertex   -3.360501e+00 -6.705001e+00 3.315000e+01
    endloop
  endfacet
  facet normal 0.000000e+00 0.000000e+00 1.000000e+00
    outer loop
      vertex   -2.982852e+00 -7.423112e+00 3.315000e+01
      vertex   -3.360501e+00 -6.705001e+00 3.315000e+01
      vertex   -3.601630e+00 -7.143407e+00 3.315000e+01
    endloop
  endfacet
  facet normal 0.000000e+00 -0.000000e+00 1.000000e+00
    outer loop
      vertex   -3.601630e+00 -7.143407e+00 3.315000e+01
      vertex   -3.360501e+00 -6.705001e+00 3.315000e+01
      vertex   -3.939939e+00 -6.381761e+00 3.315000e+01
    endloop
  endfacet
  facet normal 0.000000e+00 0.000000e+00 1.000000e+00
    outer loop
      vertex   -3.601630e+00 -7.143407e+00 3.315000e+01
      vertex   -3.939939e+00 -6.381761e+00 3.315000e+01
      vertex   -4.194458e+00 -6.812233e+00 3.315000e+01
    endloop
  endfacet
  facet normal 0.000000e+00 -0.000000e+00 1.000000e+00
    outer loop
      vertex   -4.194458e+00 -6.812233e+00 3.315000e+01
      vertex   -3.939939e+00 -6.381761e+00 3.315000e+01
      vertex   -4.757065e+00 -6.431977e+00 3.315000e+01
    endloop
  endfacet
  facet normal 0.000000e+00 0.000000e+00 1.000000e+00
    outer loop
      vertex   -4.757065e+00 -6.431977e+00 3.315000e+01
      vertex   -3.939939e+00 -6.381761e+00 3.315000e+01
      vertex   -4.488542e+00 -6.008576e+00 3.315000e+01
    endloop
  endfacet
  facet normal 0.000000e+00 -0.000000e+00 1.000000e+00
    outer loop
      vertex   -4.757065e+00 -6.431977e+00 3.315000e+01
      vertex   -4.488542e+00 -6.008576e+00 3.315000e+01
      vertex   -5.285398e+00 -6.005378e+00 3.315000e+01
    endloop
  endfacet
  facet normal -0.000000e+00 0.000000e+00 1.000000e+00
    outer loop
      vertex   -5.285398e+00 -6.005378e+00 3.315000e+01
      vertex   -4.488542e+00 -6.008576e+00 3.315000e+01
      vertex   -5.002016e+00 -5.588366e+00 3.315000e+01
    endloop
  endfacet
  facet normal 0.000000e+00 -0.000000e+00 1.000000e+00
    outer loop
      vertex   -5.285398e+00 -6.005378e+00 3.315000e+01
      vertex   -5.002016e+00 -5.588366e+00 3.315000e+01
      vertex   -5.775649e+00 -5.535511e+00 3.315000e+01
    endloop
  endfacet
  facet normal -0.000000e+00 0.000000e+00 1.000000e+00
    outer loop
      vertex   -5.775649e+00 -5.535511e+00 3.315000e+01
      vertex   -5.002016e+00 -5.588366e+00 3.315000e+01
      vertex   -5.476343e+00 -5.124419e+00 3.315000e+01
    endloop
  endfacet
  facet normal 0.000000e+00 -0.000000e+00 1.000000e+00
    outer loop
      vertex   -5.775649e+00 -5.535511e+00 3.315000e+01
      vertex   -5.476343e+00 -5.124419e+00 3.315000e+01
      vertex   -6.224286e+00 -5.025760e+00 3.315000e+01
    endloop
  endfacet
  facet normal -0.000000e+00 0.000000e+00 1.000000e+00
    outer loop
      vertex   -6.224286e+00 -5.025760e+00 3.315000e+01
      vertex   -5.476343e+00 -5.124419e+00 3.315000e+01
      vertex   -5.907810e+00 -4.620366e+00 3.315000e+01
    endloop
  endfacet
  facet normal 0.000000e+00 -0.000000e+00 1.000000e+00
    outer loop
      vertex   -6.224286e+00 -5.025760e+00 3.315000e+01
      vertex   -5.907810e+00 -4.620366e+00 3.315000e+01
      vertex   -6.628077e+00 -4.479798e+00 3.315000e+01
    endloop
  endfacet
  facet normal -0.000000e+00 0.000000e+00 1.000000e+00
    outer loop
      vertex   -6.628077e+00 -4.479798e+00 3.315000e+01
      vertex   -5.907810e+00 -4.620366e+00 3.315000e+01
      vertex   -6.293040e+00 -4.080153e+00 3.315000e+01
    endloop
  endfacet
  facet normal 0.000000e+00 -0.000000e+00 1.000000e+00
    outer loop
      vertex   -6.628077e+00 -4.479798e+00 3.315000e+01
      vertex   -6.293040e+00 -4.080153e+00 3.315000e+01
      vertex   -6.984113e+00 -3.901560e+00 3.315000e+01
    endloop
  endfacet
  facet normal -0.000000e+00 0.000000e+00 1.000000e+00
    outer loop
      vertex   -6.984113e+00 -3.901560e+00 3.315000e+01
      vertex   -6.293040e+00 -4.080153e+00 3.315000e+01
      vertex   -6.629018e+00 -3.508007e+00 3.315000e+01
    endloop
  endfacet
  facet normal 0.000000e+00 -0.000000e+00 1.000000e+00
    outer loop
      vertex   -6.984113e+00 -3.901560e+00 3.315000e+01
      vertex   -6.629018e+00 -3.508007e+00 3.315000e+01
      vertex   -7.289828e+00 -3.295210e+00 3.315000e+01
    endloop
  endfacet
  facet normal -0.000000e+00 0.000000e+00 1.000000e+00
    outer loop
      vertex   -7.289828e+00 -3.295210e+00 3.315000e+01
      vertex   -6.629018e+00 -3.508007e+00 3.315000e+01
      vertex   -6.913116e+00 -2.908406e+00 3.315000e+01
    endloop
  endfacet
  facet normal 0.000000e+00 -0.000000e+00 1.000000e+00
    outer loop
      vertex   -7.289828e+00 -3.295210e+00 3.315000e+01
      vertex   -6.913116e+00 -2.908406e+00 3.315000e+01
      vertex   -7.543020e+00 -2.665118e+00 3.315000e+01
    endloop
  endfacet
  facet normal -0.000000e+00 0.000000e+00 1.000000e+00
    outer loop
      vertex   -7.543020e+00 -2.665118e+00 3.315000e+01
      vertex   -6.913116e+00 -2.908406e+00 3.315000e+01
      vertex   -7.143109e+00 -2.286043e+00 3.315000e+01
    endloop
  endfacet
  facet normal 0.000000e+00 -0.000000e+00 1.000000e+00
    outer loop
      vertex   -7.543020e+00 -2.665118e+00 3.315000e+01
      vertex   -7.143109e+00 -2.286043e+00 3.315000e+01
      vertex   -7.741864e+00 -2.015824e+00 3.315000e+01
    endloop
  endfacet
  facet normal -0.000000e+00 0.000000e+00 1.000000e+00
    outer loop
      vertex   -7.741864e+00 -2.015824e+00 3.315000e+01
      vertex   -7.143109e+00 -2.286043e+00 3.315000e+01
      vertex   -7.317197e+00 -1.645789e+00 3.315000e+01
    endloop
  endfacet
  facet normal 0.000000e+00 -0.000000e+00 1.000000e+00
    outer loop
      vertex   -7.741864e+00 -2.015824e+00 3.315000e+01
      vertex   -7.317197e+00 -1.645789e+00 3.315000e+01
      vertex   -7.884927e+00 -1.352007e+00 3.315000e+01
    endloop
  endfacet
  facet normal -0.000000e+00 0.000000e+00 1.000000e+00
    outer loop
      vertex   -7.884927e+00 -1.352007e+00 3.315000e+01
      vertex   -7.317197e+00 -1.645789e+00 3.315000e+01
      vertex   -7.434019e+00 -9.926539e-01 3.315000e+01
    endloop
  endfacet
  facet normal 0.000000e+00 -0.000000e+00 1.000000e+00
    outer loop
      vertex   -7.884927e+00 -1.352007e+00 3.315000e+01
      vertex   -7.434019e+00 -9.926539e-01 3.315000e+01
      vertex   -7.971180e+00 -6.784474e-01 3.315000e+01
    endloop
  endfacet
  facet normal -0.000000e+00 0.000000e+00 1.000000e+00
    outer loop
      vertex   -7.971180e+00 -6.784474e-01 3.315000e+01
      vertex   -7.434019e+00 -9.926539e-01 3.315000e+01
      vertex   -7.492659e+00 -3.317501e-01 3.315000e+01
    endloop
  endfacet
  facet normal 0.000000e+00 -0.000000e+00 1.000000e+00
    outer loop
      vertex   -7.971180e+00 -6.784474e-01 3.315000e+01
      vertex   -7.492659e+00 -3.317501e-01 3.315000e+01
      vertex   -8.000000e+00 0.000000e+00 3.315000e+01
    endloop
  endfacet
  facet normal -0.000000e+00 0.000000e+00 1.000000e+00
    outer loop
      vertex   -8.000000e+00 0.000000e+00 3.315000e+01
      vertex   -7.492659e+00 -3.317501e-01 3.315000e+01
      vertex   -7.492659e+00 3.317501e-01 3.315000e+01
    endloop
  endfacet
  facet normal 0.000000e+00 0.000000e+00 1.000000e+00
    outer loop
      vertex   -8.000000e+00 0.000000e+00 3.315000e+01
      vertex   -7.492659e+00 3.317501e-01 3.315000e+01
      vertex   -7.971180e+00 6.784474e-01 3.315000e+01
    endloop
  endfacet
  facet normal -0.000000e+00 0.000000e+00 1.000000e+00
    outer loop
      vertex   -7.971180e+00 6.784474e-01 3.315000e+01
      vertex   -7.492659e+00 3.317501e-01 3.315000e+01
      vertex   -7.434019e+00 9.926539e-01 3.315000e+01
    endloop
  endfacet
  facet normal 0.000000e+00 0.000000e+00 1.000000e+00
    outer loop
      vertex   -7.971180e+00 6.784474e-01 3.315000e+01
      vertex   -7.434019e+00 9.926539e-01 3.315000e+01
      vertex   -7.884927e+00 1.352007e+00 3.315000e+01
    endloop
  endfacet
  facet normal -0.000000e+00 0.000000e+00 1.000000e+00
    outer loop
      vertex   -7.884927e+00 1.352007e+00 3.315000e+01
      vertex   -7.434019e+00 9.926539e-01 3.315000e+01
      vertex   -7.317197e+00 1.645789e+00 3.315000e+01
    endloop
  endfacet
  facet normal 0.000000e+00 0.000000e+00 1.000000e+00
    outer loop
      vertex   -7.884927e+00 1.352007e+00 3.315000e+01
      vertex   -7.317197e+00 1.645789e+00 3.315000e+01
      vertex   -7.741864e+00 2.015824e+00 3.315000e+01
    endloop
  endfacet
  facet normal -0.000000e+00 0.000000e+00 1.000000e+00
    outer loop
      vertex   -7.741864e+00 2.015824e+00 3.315000e+01
      vertex   -7.317197e+00 1.645789e+00 3.315000e+01
      vertex   -7.143109e+00 2.286043e+00 3.315000e+01
    endloop
  endfacet
  facet normal 0.000000e+00 0.000000e+00 1.000000e+00
    outer loop
      vertex   -7.741864e+00 2.015824e+00 3.315000e+01
      vertex   -7.143109e+00 2.286043e+00 3.315000e+01
      vertex   -7.543020e+00 2.665118e+00 3.315000e+01
    endloop
  endfacet
  facet normal -0.000000e+00 0.000000e+00 1.000000e+00
    outer loop
      vertex   -7.543020e+00 2.665118e+00 3.315000e+01
      vertex   -7.143109e+00 2.286043e+00 3.315000e+01
      vertex   -6.913116e+00 2.908406e+00 3.315000e+01
    endloop
  endfacet
  facet normal 0.000000e+00 0.000000e+00 1.000000e+00
    outer loop
      vertex   -7.543020e+00 2.665118e+00 3.315000e+01
      vertex   -6.913116e+00 2.908406e+00 3.315000e+01
      vertex   -7.289828e+00 3.295210e+00 3.315000e+01
    endloop
  endfacet
  facet normal -0.000000e+00 0.000000e+00 1.000000e+00
    outer loop
      vertex   -7.289828e+00 3.295210e+00 3.315000e+01
      vertex   -6.913116e+00 2.908406e+00 3.315000e+01
      vertex   -6.629018e+00 3.508007e+00 3.315000e+01
    endloop
  endfacet
  facet normal 0.000000e+00 0.000000e+00 1.000000e+00
    outer loop
      vertex   -7.289828e+00 3.295210e+00 3.315000e+01
      vertex   -6.629018e+00 3.508007e+00 3.315000e+01
      vertex   -6.984113e+00 3.901560e+00 3.315000e+01
    endloop
  endfacet
  facet normal -0.000000e+00 0.000000e+00 1.000000e+00
    outer loop
      vertex   -6.984113e+00 3.901560e+00 3.315000e+01
      vertex   -6.629018e+00 3.508007e+00 3.315000e+01
      vertex   -6.293040e+00 4.080153e+00 3.315000e+01
    endloop
  endfacet
  facet normal 0.000000e+00 0.000000e+00 1.000000e+00
    outer loop
      vertex   -6.984113e+00 3.901560e+00 3.315000e+01
      vertex   -6.293040e+00 4.080153e+00 3.315000e+01
      vertex   -6.628077e+00 4.479798e+00 3.315000e+01
    endloop
  endfacet
  facet normal -0.000000e+00 0.000000e+00 1.000000e+00
    outer loop
      vertex   -6.628077e+00 4.479798e+00 3.315000e+01
      vertex   -6.293040e+00 4.080153e+00 3.315000e+01
      vertex   -5.907810e+00 4.620366e+00 3.315000e+01
    endloop
  endfacet
  facet normal 0.000000e+00 0.000000e+00 1.000000e+00
    outer loop
      vertex   -6.628077e+00 4.479798e+00 3.315000e+01
      vertex   -5.907810e+00 4.620366e+00 3.315000e+01
      vertex   -6.224286e+00 5.025760e+00 3.315000e+01
    endloop
  endfacet
  facet normal -0.000000e+00 0.000000e+00 1.000000e+00
    outer loop
      vertex   -6.224286e+00 5.025760e+00 3.315000e+01
      vertex   -5.907810e+00 4.620366e+00 3.315000e+01
      vertex   -5.476343e+00 5.124419e+00 3.315000e+01
    endloop
  endfacet
  facet normal 0.000000e+00 0.000000e+00 1.000000e+00
    outer loop
      vertex   -6.224286e+00 5.025760e+00 3.315000e+01
      vertex   -5.476343e+00 5.124419e+00 3.315000e+01
      vertex   -5.775649e+00 5.535511e+00 3.315000e+01
    endloop
  endfacet
  facet normal -0.000000e+00 0.000000e+00 1.000000e+00
    outer loop
      vertex   -5.775649e+00 5.535511e+00 3.315000e+01
      vertex   -5.476343e+00 5.124419e+00 3.315000e+01
      vertex   -5.002016e+00 5.588366e+00 3.315000e+01
    endloop
  endfacet
  facet normal 0.000000e+00 0.000000e+00 1.000000e+00
    outer loop
      vertex   -5.775649e+00 5.535511e+00 3.315000e+01
      vertex   -5.002016e+00 5.588366e+00 3.315000e+01
      vertex   -5.285398e+00 6.005378e+00 3.315000e+01
    endloop
  endfacet
  facet normal -0.000000e+00 0.000000e+00 1.000000e+00
    outer loop
      vertex   -5.285398e+00 6.005378e+00 3.315000e+01
      vertex   -5.002016e+00 5.588366e+00 3.315000e+01
      vertex   -4.488542e+00 6.008576e+00 3.315000e+01
    endloop
  endfacet
  facet normal 0.000000e+00 0.000000e+00 1.000000e+00
    outer loop
      vertex   -5.285398e+00 6.005378e+00 3.315000e+01
      vertex   -4.488542e+00 6.008576e+00 3.315000e+01
      vertex   -4.757065e+00 6.431977e+00 3.315000e+01
    endloop
  endfacet
  facet normal 0.000000e+00 0.000000e+00 1.000000e+00
    outer loop
      vertex   -4.757065e+00 6.431977e+00 3.315000e+01
      vertex   -4.488542e+00 6.008576e+00 3.315000e+01
      vertex   -3.939939e+00 6.381761e+00 3.315000e+01
    endloop
  endfacet
  facet normal -0.000000e+00 0.000000e+00 1.000000e+00
    outer loop
      vertex   -4.757065e+00 6.431977e+00 3.315000e+01
      vertex   -3.939939e+00 6.381761e+00 3.315000e+01
      vertex   -4.194458e+00 6.812233e+00 3.315000e+01
    endloop
  endfacet
  facet normal -0.000000e+00 0.000000e+00 1.000000e+00
    outer loop
      vertex   -4.194458e+00 6.812233e+00 3.315000e+01
      vertex   -3.939939e+00 6.381761e+00 3.315000e+01
      vertex   -3.601630e+00 7.143407e+00 3.315000e+01
    endloop
  endfacet
  facet normal 0.000000e+00 0.000000e+00 1.000000e+00
    outer loop
      vertex   -3.601630e+00 7.143407e+00 3.315000e+01
      vertex   -3.939939e+00 6.381761e+00 3.315000e+01
      vertex   -3.360501e+00 6.705001e+00 3.315000e+01
    endloop
  endfacet
  facet normal -0.000000e+00 0.000000e+00 1.000000e+00
    outer loop
      vertex   -3.601630e+00 7.143407e+00 3.315000e+01
      vertex   -3.360501e+00 6.705001e+00 3.315000e+01
      vertex   -2.982852e+00 7.423112e+00 3.315000e+01
    endloop
  endfacet
  facet normal 0.000000e+00 0.000000e+00 1.000000e+00
    outer loop
      vertex   -2.982852e+00 7.423112e+00 3.315000e+01
      vertex   -3.360501e+00 6.705001e+00 3.315000e+01
      vertex   -2.754762e+00 6.975764e+00 3.315000e+01
    endloop
  endfacet
  facet normal -0.000000e+00 0.000000e+00 1.000000e+00
    outer loop
      vertex   -2.982852e+00 7.423112e+00 3.315000e+01
      vertex   -2.754762e+00 6.975764e+00 3.315000e+01
      vertex   -2.342582e+00 7.649334e+00 3.315000e+01
    endloop
  endfacet
  facet normal 0.000000e+00 0.000000e+00 1.000000e+00
    outer loop
      vertex   -2.342582e+00 7.649334e+00 3.315000e+01
      vertex   -2.754762e+00 6.975764e+00 3.315000e+01
      vertex   -2.127463e+00 7.191933e+00 3.315000e+01
    endloop
  endfacet
  facet normal -0.000000e+00 0.000000e+00 1.000000e+00
    outer loop
      vertex   -2.342582e+00 7.649334e+00 3.315000e+01
      vertex   -2.127463e+00 7.191933e+00 3.315000e+01
      vertex   -1.685434e+00 7.820442e+00 3.315000e+01
    endloop
  endfacet
  facet normal 0.000000e+00 0.000000e+00 1.000000e+00
    outer loop
      vertex   -1.685434e+00 7.820442e+00 3.315000e+01
      vertex   -2.127463e+00 7.191933e+00 3.315000e+01
      vertex   -1.483514e+00 7.351815e+00 3.315000e+01
    endloop
  endfacet
  facet normal -0.000000e+00 0.000000e+00 1.000000e+00
    outer loop
      vertex   -1.685434e+00 7.820442e+00 3.315000e+01
      vertex   -1.483514e+00 7.351815e+00 3.315000e+01
      vertex   -1.016143e+00 7.935203e+00 3.315000e+01
    endloop
  endfacet
  facet normal 0.000000e+00 0.000000e+00 1.000000e+00
    outer loop
      vertex   -1.016143e+00 7.935203e+00 3.315000e+01
      vertex   -1.483514e+00 7.351815e+00 3.315000e+01
      vertex   -8.279550e-01 7.454159e+00 3.315000e+01
    endloop
  endfacet
  facet normal -0.000000e+00 0.000000e+00 1.000000e+00
    outer loop
      vertex   -1.016143e+00 7.935203e+00 3.315000e+01
      vertex   -8.279550e-01 7.454159e+00 3.315000e+01
      vertex   -3.395296e-01 7.992792e+00 3.315000e+01
    endloop
  endfacet
  facet normal 0.000000e+00 0.000000e+00 1.000000e+00
    outer loop
      vertex   -3.395296e-01 7.992792e+00 3.315000e+01
      vertex   -8.279550e-01 7.454159e+00 3.315000e+01
      vertex   -1.659157e-01 7.498165e+00 3.315000e+01
    endloop
  endfacet
  facet normal 0.000000e+00 0.000000e+00 1.000000e+00
    outer loop
      vertex   -3.395296e-01 7.992792e+00 3.315000e+01
      vertex   -1.659157e-01 7.498165e+00 3.315000e+01
      vertex   3.395296e-01 7.992792e+00 3.315000e+01
    endloop
  endfacet
  facet normal 0.000000e+00 0.000000e+00 1.000000e+00
    outer loop
      vertex   3.395296e-01 7.992792e+00 3.315000e+01
      vertex   -1.659157e-01 7.498165e+00 3.315000e+01
      vertex   4.974222e-01 7.483487e+00 3.315000e+01
    endloop
  endfacet
  facet normal 0.000000e+00 0.000000e+00 1.000000e+00
    outer loop
      vertex   3.395296e-01 7.992792e+00 3.315000e+01
      vertex   4.974222e-01 7.483487e+00 3.315000e+01
      vertex   1.016143e+00 7.935203e+00 3.315000e+01
    endloop
  endfacet
  facet normal 0.000000e+00 0.000000e+00 1.000000e+00
    outer loop
      vertex   1.016143e+00 7.935203e+00 3.315000e+01
      vertex   4.974222e-01 7.483487e+00 3.315000e+01
      vertex   1.156867e+00 7.410240e+00 3.315000e+01
    endloop
  endfacet
  facet normal 0.000000e+00 0.000000e+00 1.000000e+00
    outer loop
      vertex   1.016143e+00 7.935203e+00 3.315000e+01
      vertex   1.156867e+00 7.410240e+00 3.315000e+01
      vertex   1.685434e+00 7.820442e+00 3.315000e+01
    endloop
  endfacet
  facet normal 0.000000e+00 0.000000e+00 1.000000e+00
    outer loop
      vertex   1.685434e+00 7.820442e+00 3.315000e+01
      vertex   1.156867e+00 7.410240e+00 3.315000e+01
      vertex   1.807258e+00 7.278999e+00 3.315000e+01
    endloop
  endfacet
  facet normal 0.000000e+00 0.000000e+00 1.000000e+00
    outer loop
      vertex   1.685434e+00 7.820442e+00 3.315000e+01
      vertex   1.807258e+00 7.278999e+00 3.315000e+01
      vertex   2.342582e+00 7.649334e+00 3.315000e+01
    endloop
  endfacet
  facet normal 0.000000e+00 0.000000e+00 1.000000e+00
    outer loop
      vertex   2.342582e+00 7.649334e+00 3.315000e+01
      vertex   1.807258e+00 7.278999e+00 3.315000e+01
      vertex   2.443504e+00 7.090789e+00 3.315000e+01
    endloop
  endfacet
  facet normal 0.000000e+00 0.000000e+00 1.000000e+00
    outer loop
      vertex   2.342582e+00 7.649334e+00 3.315000e+01
      vertex   2.443504e+00 7.090789e+00 3.315000e+01
      vertex   2.982852e+00 7.423112e+00 3.315000e+01
    endloop
  endfacet
  facet normal 0.000000e+00 0.000000e+00 1.000000e+00
    outer loop
      vertex   2.982852e+00 7.423112e+00 3.315000e+01
      vertex   2.443504e+00 7.090789e+00 3.315000e+01
      vertex   3.060627e+00 6.847084e+00 3.315000e+01
    endloop
  endfacet
  facet normal 0.000000e+00 0.000000e+00 1.000000e+00
    outer loop
      vertex   2.982852e+00 7.423112e+00 3.315000e+01
      vertex   3.060627e+00 6.847084e+00 3.315000e+01
      vertex   3.601630e+00 7.143407e+00 3.315000e+01
    endloop
  endfacet
  facet normal 0.000000e+00 0.000000e+00 1.000000e+00
    outer loop
      vertex   3.601630e+00 7.143407e+00 3.315000e+01
      vertex   3.060627e+00 6.847084e+00 3.315000e+01
      vertex   3.653796e+00 6.549792e+00 3.315000e+01
    endloop
  endfacet
  facet normal 0.000000e+00 0.000000e+00 1.000000e+00
    outer loop
      vertex   3.601630e+00 7.143407e+00 3.315000e+01
      vertex   3.653796e+00 6.549792e+00 3.315000e+01
      vertex   4.194458e+00 6.812233e+00 3.315000e+01
    endloop
  endfacet
  facet normal 0.000000e+00 0.000000e+00 1.000000e+00
    outer loop
      vertex   4.194458e+00 6.812233e+00 3.315000e+01
      vertex   3.653796e+00 6.549792e+00 3.315000e+01
      vertex   4.218370e+00 6.201238e+00 3.315000e+01
    endloop
  endfacet
  facet normal 0.000000e+00 0.000000e+00 1.000000e+00
    outer loop
      vertex   4.194458e+00 6.812233e+00 3.315000e+01
      vertex   4.218370e+00 6.201238e+00 3.315000e+01
      vertex   4.757065e+00 6.431977e+00 3.315000e+01
    endloop
  endfacet
  facet normal 0.000000e+00 0.000000e+00 1.000000e+00
    outer loop
      vertex   4.757065e+00 6.431977e+00 3.315000e+01
      vertex   4.218370e+00 6.201238e+00 3.315000e+01
      vertex   4.749929e+00 5.804152e+00 3.315000e+01
    endloop
  endfacet
  facet normal 0.000000e+00 0.000000e+00 1.000000e+00
    outer loop
      vertex   4.757065e+00 6.431977e+00 3.315000e+01
      vertex   4.749929e+00 5.804152e+00 3.315000e+01
      vertex   5.285398e+00 6.005378e+00 3.315000e+01
    endloop
  endfacet
  facet normal 0.000000e+00 0.000000e+00 1.000000e+00
    outer loop
      vertex   5.285398e+00 6.005378e+00 3.315000e+01
      vertex   4.749929e+00 5.804152e+00 3.315000e+01
      vertex   5.244313e+00 5.361640e+00 3.315000e+01
    endloop
  endfacet
  facet normal 0.000000e+00 0.000000e+00 1.000000e+00
    outer loop
      vertex   5.285398e+00 6.005378e+00 3.315000e+01
      vertex   5.244313e+00 5.361640e+00 3.315000e+01
      vertex   5.775649e+00 5.535511e+00 3.315000e+01
    endloop
  endfacet
  facet normal 0.000000e+00 0.000000e+00 1.000000e+00
    outer loop
      vertex   5.775649e+00 5.535511e+00 3.315000e+01
      vertex   5.244313e+00 5.361640e+00 3.315000e+01
      vertex   5.697653e+00 4.877166e+00 3.315000e+01
    endloop
  endfacet
  facet normal 0.000000e+00 0.000000e+00 1.000000e+00
    outer loop
      vertex   5.775649e+00 5.535511e+00 3.315000e+01
      vertex   5.697653e+00 4.877166e+00 3.315000e+01
      vertex   6.224286e+00 5.025760e+00 3.315000e+01
    endloop
  endfacet
  facet normal 0.000000e+00 0.000000e+00 1.000000e+00
    outer loop
      vertex   6.224286e+00 5.025760e+00 3.315000e+01
      vertex   5.697653e+00 4.877166e+00 3.315000e+01
      vertex   6.106402e+00 4.354522e+00 3.315000e+01
    endloop
  endfacet
  facet normal 0.000000e+00 0.000000e+00 1.000000e+00
    outer loop
      vertex   6.224286e+00 5.025760e+00 3.315000e+01
      vertex   6.106402e+00 4.354522e+00 3.315000e+01
      vertex   6.628077e+00 4.479798e+00 3.315000e+01
    endloop
  endfacet
  facet normal 0.000000e+00 0.000000e+00 1.000000e+00
    outer loop
      vertex   6.628077e+00 4.479798e+00 3.315000e+01
      vertex   6.106402e+00 4.354522e+00 3.315000e+01
      vertex   6.467359e+00 3.797797e+00 3.315000e+01
    endloop
  endfacet
  facet normal 0.000000e+00 0.000000e+00 1.000000e+00
    outer loop
      vertex   6.628077e+00 4.479798e+00 3.315000e+01
      vertex   6.467359e+00 3.797797e+00 3.315000e+01
      vertex   6.984113e+00 3.901560e+00 3.315000e+01
    endloop
  endfacet
  facet normal 0.000000e+00 0.000000e+00 1.000000e+00
    outer loop
      vertex   6.984113e+00 3.901560e+00 3.315000e+01
      vertex   6.467359e+00 3.797797e+00 3.315000e+01
      vertex   6.777701e+00 3.211350e+00 3.315000e+01
    endloop
  endfacet
  facet normal 0.000000e+00 0.000000e+00 1.000000e+00
    outer loop
      vertex   6.984113e+00 3.901560e+00 3.315000e+01
      vertex   6.777701e+00 3.211350e+00 3.315000e+01
      vertex   7.289828e+00 3.295210e+00 3.315000e+01
    endloop
  endfacet
  facet normal 0.000000e+00 0.000000e+00 1.000000e+00
    outer loop
      vertex   7.289828e+00 3.295210e+00 3.315000e+01
      vertex   6.777701e+00 3.211350e+00 3.315000e+01
      vertex   7.034998e+00 2.599769e+00 3.315000e+01
    endloop
  endfacet
  facet normal 0.000000e+00 0.000000e+00 1.000000e+00
    outer loop
      vertex   7.289828e+00 3.295210e+00 3.315000e+01
      vertex   7.034998e+00 2.599769e+00 3.315000e+01
      vertex   7.543020e+00 2.665118e+00 3.315000e+01
    endloop
  endfacet
  facet normal 0.000000e+00 0.000000e+00 1.000000e+00
    outer loop
      vertex   7.543020e+00 2.665118e+00 3.315000e+01
      vertex   7.034998e+00 2.599769e+00 3.315000e+01
      vertex   7.237237e+00 1.967842e+00 3.315000e+01
    endloop
  endfacet
  facet normal 0.000000e+00 0.000000e+00 1.000000e+00
    outer loop
      vertex   7.543020e+00 2.665118e+00 3.315000e+01
      vertex   7.237237e+00 1.967842e+00 3.315000e+01
      vertex   7.741864e+00 2.015824e+00 3.315000e+01
    endloop
  endfacet
  facet normal 0.000000e+00 0.000000e+00 1.000000e+00
    outer loop
      vertex   7.741864e+00 2.015824e+00 3.315000e+01
      vertex   7.237237e+00 1.967842e+00 3.315000e+01
      vertex   7.382834e+00 1.320514e+00 3.315000e+01
    endloop
  endfacet
  facet normal 0.000000e+00 0.000000e+00 1.000000e+00
    outer loop
      vertex   7.741864e+00 2.015824e+00 3.315000e+01
      vertex   7.382834e+00 1.320514e+00 3.315000e+01
      vertex   7.884927e+00 1.352007e+00 3.315000e+01
    endloop
  endfacet
  facet normal 0.000000e+00 0.000000e+00 1.000000e+00
    outer loop
      vertex   7.884927e+00 1.352007e+00 3.315000e+01
      vertex   7.382834e+00 1.320514e+00 3.315000e+01
      vertex   7.470651e+00 6.628508e-01 3.315000e+01
    endloop
  endfacet
  facet normal 0.000000e+00 0.000000e+00 1.000000e+00
    outer loop
      vertex   7.884927e+00 1.352007e+00 3.315000e+01
      vertex   7.470651e+00 6.628508e-01 3.315000e+01
      vertex   7.971180e+00 6.784474e-01 3.315000e+01
    endloop
  endfacet
  facet normal 0.000000e+00 0.000000e+00 1.000000e+00
    outer loop
      vertex   7.971180e+00 6.784474e-01 3.315000e+01
      vertex   7.470651e+00 6.628508e-01 3.315000e+01
      vertex   7.500000e+00 9.184851e-16 3.315000e+01
    endloop
  endfacet
  facet normal 0.000000e+00 0.000000e+00 1.000000e+00
    outer loop
      vertex   7.470651e+00 6.628508e-01 -6.850000e+00
      vertex   -7.492659e+00 3.317501e-01 -6.850000e+00
      vertex   7.500000e+00 9.184851e-16 -6.850000e+00
    endloop
  endfacet
  facet normal 0.000000e+00 0.000000e+00 1.000000e+00
    outer loop
      vertex   7.500000e+00 9.184851e-16 -6.850000e+00
      vertex   -7.492659e+00 3.317501e-01 -6.850000e+00
      vertex   -7.492659e+00 -3.317501e-01 -6.850000e+00
    endloop
  endfacet
  facet normal 0.000000e+00 0.000000e+00 1.000000e+00
    outer loop
      vertex   7.500000e+00 9.184851e-16 -6.850000e+00
      vertex   -7.492659e+00 -3.317501e-01 -6.850000e+00
      vertex   -7.434019e+00 -9.926539e-01 -6.850000e+00
    endloop
  endfacet
  facet normal 0.000000e+00 0.000000e+00 1.000000e+00
    outer loop
      vertex   -7.492659e+00 3.317501e-01 -6.850000e+00
      vertex   7.470651e+00 6.628508e-01 -6.850000e+00
      vertex   -7.434019e+00 9.926539e-01 -6.850000e+00
    endloop
  endfacet
  facet normal -0.000000e+00 0.000000e+00 1.000000e+00
    outer loop
      vertex   -7.434019e+00 9.926539e-01 -6.850000e+00
      vertex   7.470651e+00 6.628508e-01 -6.850000e+00
      vertex   7.382834e+00 1.320514e+00 -6.850000e+00
    endloop
  endfacet
  facet normal 0.000000e+00 0.000000e+00 1.000000e+00
    outer loop
      vertex   -7.434019e+00 9.926539e-01 -6.850000e+00
      vertex   7.382834e+00 1.320514e+00 -6.850000e+00
      vertex   -7.317197e+00 1.645789e+00 -6.850000e+00
    endloop
  endfacet
  facet normal -0.000000e+00 0.000000e+00 1.000000e+00
    outer loop
      vertex   -7.317197e+00 1.645789e+00 -6.850000e+00
      vertex   7.382834e+00 1.320514e+00 -6.850000e+00
      vertex   7.237237e+00 1.967842e+00 -6.850000e+00
    endloop
  endfacet
  facet normal 0.000000e+00 0.000000e+00 1.000000e+00
    outer loop
      vertex   -7.317197e+00 1.645789e+00 -6.850000e+00
      vertex   7.237237e+00 1.967842e+00 -6.850000e+00
      vertex   -7.143109e+00 2.286043e+00 -6.850000e+00
    endloop
  endfacet
  facet normal -0.000000e+00 0.000000e+00 1.000000e+00
    outer loop
      vertex   -7.143109e+00 2.286043e+00 -6.850000e+00
      vertex   7.237237e+00 1.967842e+00 -6.850000e+00
      vertex   7.034998e+00 2.599769e+00 -6.850000e+00
    endloop
  endfacet
  facet normal 0.000000e+00 0.000000e+00 1.000000e+00
    outer loop
      vertex   -7.143109e+00 2.286043e+00 -6.850000e+00
      vertex   7.034998e+00 2.599769e+00 -6.850000e+00
      vertex   -6.913116e+00 2.908406e+00 -6.850000e+00
    endloop
  endfacet
  facet normal -0.000000e+00 0.000000e+00 1.000000e+00
    outer loop
      vertex   -6.913116e+00 2.908406e+00 -6.850000e+00
      vertex   7.034998e+00 2.599769e+00 -6.850000e+00
      vertex   6.777701e+00 3.211350e+00 -6.850000e+00
    endloop
  endfacet
  facet normal 0.000000e+00 0.000000e+00 1.000000e+00
    outer loop
      vertex   -6.913116e+00 2.908406e+00 -6.850000e+00
      vertex   6.777701e+00 3.211350e+00 -6.850000e+00
      vertex   -6.629018e+00 3.508007e+00 -6.850000e+00
    endloop
  endfacet
  facet normal -0.000000e+00 0.000000e+00 1.000000e+00
    outer loop
      vertex   -6.629018e+00 3.508007e+00 -6.850000e+00
      vertex   6.777701e+00 3.211350e+00 -6.850000e+00
      vertex   6.467359e+00 3.797797e+00 -6.850000e+00
    endloop
  endfacet
  facet normal 0.000000e+00 0.000000e+00 1.000000e+00
    outer loop
      vertex   -6.629018e+00 3.508007e+00 -6.850000e+00
      vertex   6.467359e+00 3.797797e+00 -6.850000e+00
      vertex   -6.293040e+00 4.080153e+00 -6.850000e+00
    endloop
  endfacet
  facet normal -0.000000e+00 0.000000e+00 1.000000e+00
    outer loop
      vertex   -6.293040e+00 4.080153e+00 -6.850000e+00
      vertex   6.467359e+00 3.797797e+00 -6.850000e+00
      vertex   6.106402e+00 4.354522e+00 -6.850000e+00
    endloop
  endfacet
  facet normal 0.000000e+00 0.000000e+00 1.000000e+00
    outer loop
      vertex   -6.293040e+00 4.080153e+00 -6.850000e+00
      vertex   6.106402e+00 4.354522e+00 -6.850000e+00
      vertex   -5.907810e+00 4.620366e+00 -6.850000e+00
    endloop
  endfacet
  facet normal -0.000000e+00 0.000000e+00 1.000000e+00
    outer loop
      vertex   -5.907810e+00 4.620366e+00 -6.850000e+00
      vertex   6.106402e+00 4.354522e+00 -6.850000e+00
      vertex   5.697653e+00 4.877166e+00 -6.850000e+00
    endloop
  endfacet
  facet normal 0.000000e+00 0.000000e+00 1.000000e+00
    outer loop
      vertex   -5.907810e+00 4.620366e+00 -6.850000e+00
      vertex   5.697653e+00 4.877166e+00 -6.850000e+00
      vertex   -5.476343e+00 5.124419e+00 -6.850000e+00
    endloop
  endfacet
  facet normal -0.000000e+00 0.000000e+00 1.000000e+00
    outer loop
      vertex   -5.476343e+00 5.124419e+00 -6.850000e+00
      vertex   5.697653e+00 4.877166e+00 -6.850000e+00
      vertex   5.244313e+00 5.361640e+00 -6.850000e+00
    endloop
  endfacet
  facet normal 0.000000e+00 0.000000e+00 1.000000e+00
    outer loop
      vertex   -5.476343e+00 5.124419e+00 -6.850000e+00
      vertex   5.244313e+00 5.361640e+00 -6.850000e+00
      vertex   -5.002016e+00 5.588366e+00 -6.850000e+00
    endloop
  endfacet
  facet normal -0.000000e+00 0.000000e+00 1.000000e+00
    outer loop
      vertex   -5.002016e+00 5.588366e+00 -6.850000e+00
      vertex   5.244313e+00 5.361640e+00 -6.850000e+00
      vertex   4.749929e+00 5.804152e+00 -6.850000e+00
    endloop
  endfacet
  facet normal 0.000000e+00 0.000000e+00 1.000000e+00
    outer loop
      vertex   -5.002016e+00 5.588366e+00 -6.850000e+00
      vertex   4.749929e+00 5.804152e+00 -6.850000e+00
      vertex   -4.488542e+00 6.008576e+00 -6.850000e+00
    endloop
  endfacet
  facet normal -0.000000e+00 0.000000e+00 1.000000e+00
    outer loop
      vertex   -4.488542e+00 6.008576e+00 -6.850000e+00
      vertex   4.749929e+00 5.804152e+00 -6.850000e+00
      vertex   4.218370e+00 6.201238e+00 -6.850000e+00
    endloop
  endfacet
  facet normal 0.000000e+00 0.000000e+00 1.000000e+00
    outer loop
      vertex   -4.488542e+00 6.008576e+00 -6.850000e+00
      vertex   4.218370e+00 6.201238e+00 -6.850000e+00
      vertex   -3.939939e+00 6.381761e+00 -6.850000e+00
    endloop
  endfacet
  facet normal -0.000000e+00 0.000000e+00 1.000000e+00
    outer loop
      vertex   -3.939939e+00 6.381761e+00 -6.850000e+00
      vertex   4.218370e+00 6.201238e+00 -6.850000e+00
      vertex   3.653796e+00 6.549792e+00 -6.850000e+00
    endloop
  endfacet
  facet normal 0.000000e+00 0.000000e+00 1.000000e+00
    outer loop
      vertex   -3.939939e+00 6.381761e+00 -6.850000e+00
      vertex   3.653796e+00 6.549792e+00 -6.850000e+00
      vertex   -3.360501e+00 6.705001e+00 -6.850000e+00
    endloop
  endfacet
  facet normal -0.000000e+00 0.000000e+00 1.000000e+00
    outer loop
      vertex   -3.360501e+00 6.705001e+00 -6.850000e+00
      vertex   3.653796e+00 6.549792e+00 -6.850000e+00
      vertex   3.060627e+00 6.847084e+00 -6.850000e+00
    endloop
  endfacet
  facet normal 0.000000e+00 0.000000e+00 1.000000e+00
    outer loop
      vertex   -3.360501e+00 6.705001e+00 -6.850000e+00
      vertex   3.060627e+00 6.847084e+00 -6.850000e+00
      vertex   -2.754762e+00 6.975764e+00 -6.850000e+00
    endloop
  endfacet
  facet normal -0.000000e+00 0.000000e+00 1.000000e+00
    outer loop
      vertex   -2.754762e+00 6.975764e+00 -6.850000e+00
      vertex   3.060627e+00 6.847084e+00 -6.850000e+00
      vertex   2.443504e+00 7.090789e+00 -6.850000e+00
    endloop
  endfacet
  facet normal 0.000000e+00 0.000000e+00 1.000000e+00
    outer loop
      vertex   -2.754762e+00 6.975764e+00 -6.850000e+00
      vertex   2.443504e+00 7.090789e+00 -6.850000e+00
      vertex   -2.127463e+00 7.191933e+00 -6.850000e+00
    endloop
  endfacet
  facet normal -0.000000e+00 0.000000e+00 1.000000e+00
    outer loop
      vertex   -2.127463e+00 7.191933e+00 -6.850000e+00
      vertex   2.443504e+00 7.090789e+00 -6.850000e+00
      vertex   1.807258e+00 7.278999e+00 -6.850000e+00
    endloop
  endfacet
  facet normal 0.000000e+00 0.000000e+00 1.000000e+00
    outer loop
      vertex   -2.127463e+00 7.191933e+00 -6.850000e+00
      vertex   1.807258e+00 7.278999e+00 -6.850000e+00
      vertex   -1.483514e+00 7.351815e+00 -6.850000e+00
    endloop
  endfacet
  facet normal -0.000000e+00 0.000000e+00 1.000000e+00
    outer loop
      vertex   -1.483514e+00 7.351815e+00 -6.850000e+00
      vertex   1.807258e+00 7.278999e+00 -6.850000e+00
      vertex   1.156867e+00 7.410240e+00 -6.850000e+00
    endloop
  endfacet
  facet normal 0.000000e+00 0.000000e+00 1.000000e+00
    outer loop
      vertex   -1.483514e+00 7.351815e+00 -6.850000e+00
      vertex   1.156867e+00 7.410240e+00 -6.850000e+00
      vertex   -8.279550e-01 7.454159e+00 -6.850000e+00
    endloop
  endfacet
  facet normal -0.000000e+00 0.000000e+00 1.000000e+00
    outer loop
      vertex   -8.279550e-01 7.454159e+00 -6.850000e+00
      vertex   1.156867e+00 7.410240e+00 -6.850000e+00
      vertex   4.974222e-01 7.483487e+00 -6.850000e+00
    endloop
  endfacet
  facet normal 0.000000e+00 0.000000e+00 1.000000e+00
    outer loop
      vertex   -8.279550e-01 7.454159e+00 -6.850000e+00
      vertex   4.974222e-01 7.483487e+00 -6.850000e+00
      vertex   -1.659157e-01 7.498165e+00 -6.850000e+00
    endloop
  endfacet
  facet normal -0.000000e+00 0.000000e+00 1.000000e+00
    outer loop
      vertex   -7.434019e+00 -9.926539e-01 -6.850000e+00
      vertex   -7.317197e+00 -1.645789e+00 -6.850000e+00
      vertex   7.500000e+00 9.184851e-16 -6.850000e+00
    endloop
  endfacet
  facet normal 0.000000e+00 0.000000e+00 1.000000e+00
    outer loop
      vertex   7.500000e+00 9.184851e-16 -6.850000e+00
      vertex   -7.317197e+00 -1.645789e+00 -6.850000e+00
      vertex   -7.143109e+00 -2.286043e+00 -6.850000e+00
    endloop
  endfacet
  facet normal 0.000000e+00 0.000000e+00 1.000000e+00
    outer loop
      vertex   7.500000e+00 9.184851e-16 -6.850000e+00
      vertex   -7.143109e+00 -2.286043e+00 -6.850000e+00
      vertex   -6.913116e+00 -2.908406e+00 -6.850000e+00
    endloop
  endfacet
  facet normal -0.000000e+00 0.000000e+00 1.000000e+00
    outer loop
      vertex   -6.913116e+00 -2.908406e+00 -6.850000e+00
      vertex   -6.629018e+00 -3.508007e+00 -6.850000e+00
      vertex   7.500000e+00 9.184851e-16 -6.850000e+00
    endloop
  endfacet
  facet normal 0.000000e+00 0.000000e+00 1.000000e+00
    outer loop
      vertex   7.500000e+00 9.184851e-16 -6.850000e+00
      vertex   -6.629018e+00 -3.508007e+00 -6.850000e+00
      vertex   -6.293040e+00 -4.080153e+00 -6.850000e+00
    endloop
  endfacet
  facet normal 0.000000e+00 0.000000e+00 1.000000e+00
    outer loop
      vertex   7.500000e+00 9.184851e-16 -6.850000e+00
      vertex   -6.293040e+00 -4.080153e+00 -6.850000e+00
      vertex   -5.907810e+00 -4.620366e+00 -6.850000e+00
    endloop
  endfacet
  facet normal -0.000000e+00 0.000000e+00 1.000000e+00
    outer loop
      vertex   -5.907810e+00 -4.620366e+00 -6.850000e+00
      vertex   -5.476343e+00 -5.124419e+00 -6.850000e+00
      vertex   7.500000e+00 9.184851e-16 -6.850000e+00
    endloop
  endfacet
  facet normal 0.000000e+00 0.000000e+00 1.000000e+00
    outer loop
      vertex   7.500000e+00 9.184851e-16 -6.850000e+00
      vertex   -5.476343e+00 -5.124419e+00 -6.850000e+00
      vertex   -5.002016e+00 -5.588366e+00 -6.850000e+00
    endloop
  endfacet
  facet normal 0.000000e+00 0.000000e+00 1.000000e+00
    outer loop
      vertex   7.500000e+00 9.184851e-16 -6.850000e+00
      vertex   -5.002016e+00 -5.588366e+00 -6.850000e+00
      vertex   -4.488542e+00 -6.008576e+00 -6.850000e+00
    endloop
  endfacet
  facet normal -0.000000e+00 0.000000e+00 1.000000e+00
    outer loop
      vertex   -4.488542e+00 -6.008576e+00 -6.850000e+00
      vertex   -3.939939e+00 -6.381761e+00 -6.850000e+00
      vertex   7.500000e+00 9.184851e-16 -6.850000e+00
    endloop
  endfacet
  facet normal 0.000000e+00 0.000000e+00 1.000000e+00
    outer loop
      vertex   7.500000e+00 9.184851e-16 -6.850000e+00
      vertex   -3.939939e+00 -6.381761e+00 -6.850000e+00
      vertex   -3.360501e+00 -6.705001e+00 -6.850000e+00
    endloop
  endfacet
  facet normal 0.000000e+00 0.000000e+00 1.000000e+00
    outer loop
      vertex   7.500000e+00 9.184851e-16 -6.850000e+00
      vertex   -3.360501e+00 -6.705001e+00 -6.850000e+00
      vertex   -2.754762e+00 -6.975764e+00 -6.850000e+00
    endloop
  endfacet
  facet normal -0.000000e+00 0.000000e+00 1.000000e+00
    outer loop
      vertex   -2.754762e+00 -6.975764e+00 -6.850000e+00
      vertex   -2.127463e+00 -7.191933e+00 -6.850000e+00
      vertex   7.500000e+00 9.184851e-16 -6.850000e+00
    endloop
  endfacet
  facet normal 0.000000e+00 0.000000e+00 1.000000e+00
    outer loop
      vertex   7.500000e+00 9.184851e-16 -6.850000e+00
      vertex   -2.127463e+00 -7.191933e+00 -6.850000e+00
      vertex   -1.483514e+00 -7.351815e+00 -6.850000e+00
    endloop
  endfacet
  facet normal 0.000000e+00 0.000000e+00 1.000000e+00
    outer loop
      vertex   7.500000e+00 9.184851e-16 -6.850000e+00
      vertex   -1.483514e+00 -7.351815e+00 -6.850000e+00
      vertex   -8.279550e-01 -7.454159e+00 -6.850000e+00
    endloop
  endfacet
  facet normal -0.000000e+00 0.000000e+00 1.000000e+00
    outer loop
      vertex   -8.279550e-01 -7.454159e+00 -6.850000e+00
      vertex   -1.659157e-01 -7.498165e+00 -6.850000e+00
      vertex   7.500000e+00 9.184851e-16 -6.850000e+00
    endloop
  endfacet
  facet normal 0.000000e+00 0.000000e+00 1.000000e+00
    outer loop
      vertex   7.500000e+00 9.184851e-16 -6.850000e+00
      vertex   -1.659157e-01 -7.498165e+00 -6.850000e+00
      vertex   4.974222e-01 -7.483487e+00 -6.850000e+00
    endloop
  endfacet
  facet normal 0.000000e+00 0.000000e+00 1.000000e+00
    outer loop
      vertex   7.500000e+00 9.184851e-16 -6.850000e+00
      vertex   4.974222e-01 -7.483487e+00 -6.850000e+00
      vertex   1.156867e+00 -7.410240e+00 -6.850000e+00
    endloop
  endfacet
  facet normal 0.000000e+00 0.000000e+00 1.000000e+00
    outer loop
      vertex   1.156867e+00 -7.410240e+00 -6.850000e+00
      vertex   1.807258e+00 -7.278999e+00 -6.850000e+00
      vertex   7.500000e+00 9.184851e-16 -6.850000e+00
    endloop
  endfacet
  facet normal 0.000000e+00 0.000000e+00 1.000000e+00
    outer loop
      vertex   7.500000e+00 9.184851e-16 -6.850000e+00
      vertex   1.807258e+00 -7.278999e+00 -6.850000e+00
      vertex   2.443504e+00 -7.090789e+00 -6.850000e+00
    endloop
  endfacet
  facet normal 0.000000e+00 0.000000e+00 1.000000e+00
    outer loop
      vertex   7.500000e+00 9.184851e-16 -6.850000e+00
      vertex   2.443504e+00 -7.090789e+00 -6.850000e+00
      vertex   3.060627e+00 -6.847084e+00 -6.850000e+00
    endloop
  endfacet
  facet normal 0.000000e+00 0.000000e+00 1.000000e+00
    outer loop
      vertex   3.060627e+00 -6.847084e+00 -6.850000e+00
      vertex   3.653796e+00 -6.549792e+00 -6.850000e+00
      vertex   7.500000e+00 9.184851e-16 -6.850000e+00
    endloop
  endfacet
  facet normal 0.000000e+00 0.000000e+00 1.000000e+00
    outer loop
      vertex   7.500000e+00 9.184851e-16 -6.850000e+00
      vertex   3.653796e+00 -6.549792e+00 -6.850000e+00
      vertex   4.218370e+00 -6.201238e+00 -6.850000e+00
    endloop
  endfacet
  facet normal 0.000000e+00 0.000000e+00 1.000000e+00
    outer loop
      vertex   7.500000e+00 9.184851e-16 -6.850000e+00
      vertex   4.218370e+00 -6.201238e+00 -6.850000e+00
      vertex   7.470651e+00 -6.628508e-01 -6.850000e+00
    endloop
  endfacet
  facet normal 0.000000e+00 0.000000e+00 1.000000e+00
    outer loop
      vertex   7.470651e+00 -6.628508e-01 -6.850000e+00
      vertex   4.218370e+00 -6.201238e+00 -6.850000e+00
      vertex   4.749929e+00 -5.804152e+00 -6.850000e+00
    endloop
  endfacet
  facet normal 0.000000e+00 0.000000e+00 1.000000e+00
    outer loop
      vertex   7.470651e+00 -6.628508e-01 -6.850000e+00
      vertex   4.749929e+00 -5.804152e+00 -6.850000e+00
      vertex   5.244313e+00 -5.361640e+00 -6.850000e+00
    endloop
  endfacet
  facet normal 0.000000e+00 0.000000e+00 1.000000e+00
    outer loop
      vertex   5.244313e+00 -5.361640e+00 -6.850000e+00
      vertex   5.697653e+00 -4.877166e+00 -6.850000e+00
      vertex   7.470651e+00 -6.628508e-01 -6.850000e+00
    endloop
  endfacet
  facet normal 0.000000e+00 0.000000e+00 1.000000e+00
    outer loop
      vertex   7.470651e+00 -6.628508e-01 -6.850000e+00
      vertex   5.697653e+00 -4.877166e+00 -6.850000e+00
      vertex   6.106402e+00 -4.354522e+00 -6.850000e+00
    endloop
  endfacet
  facet normal 0.000000e+00 0.000000e+00 1.000000e+00
    outer loop
      vertex   7.470651e+00 -6.628508e-01 -6.850000e+00
      vertex   6.106402e+00 -4.354522e+00 -6.850000e+00
      vertex   6.467359e+00 -3.797797e+00 -6.850000e+00
    endloop
  endfacet
  facet normal 0.000000e+00 0.000000e+00 1.000000e+00
    outer loop
      vertex   6.467359e+00 -3.797797e+00 -6.850000e+00
      vertex   6.777701e+00 -3.211350e+00 -6.850000e+00
      vertex   7.470651e+00 -6.628508e-01 -6.850000e+00
    endloop
  endfacet
  facet normal 0.000000e+00 0.000000e+00 1.000000e+00
    outer loop
      vertex   7.470651e+00 -6.628508e-01 -6.850000e+00
      vertex   6.777701e+00 -3.211350e+00 -6.850000e+00
      vertex   7.034998e+00 -2.599769e+00 -6.850000e+00
    endloop
  endfacet
  facet normal 0.000000e+00 0.000000e+00 1.000000e+00
    outer loop
      vertex   7.470651e+00 -6.628508e-01 -6.850000e+00
      vertex   7.034998e+00 -2.599769e+00 -6.850000e+00
      vertex   7.237237e+00 -1.967842e+00 -6.850000e+00
    endloop
  endfacet
  facet normal 0.000000e+00 0.000000e+00 1.000000e+00
    outer loop
      vertex   7.237237e+00 -1.967842e+00 -6.850000e+00
      vertex   7.382834e+00 -1.320514e+00 -6.850000e+00
      vertex   7.470651e+00 -6.628508e-01 -6.850000e+00
    endloop
  endfacet
  facet normal 0.000000e+00 0.000000e+00 -1.000000e+00
    outer loop
      vertex   7.971180e+00 -6.784474e-01 -7.390000e+00
      vertex   -7.971180e+00 -6.784474e-01 -7.390000e+00
      vertex   8.000000e+00 9.797174e-16 -7.390000e+00
    endloop
  endfacet
  facet normal 0.000000e+00 0.000000e+00 -1.000000e+00
    outer loop
      vertex   8.000000e+00 9.797174e-16 -7.390000e+00
      vertex   -7.971180e+00 -6.784474e-01 -7.390000e+00
      vertex   -8.000000e+00 0.000000e+00 -7.390000e+00
    endloop
  endfacet
  facet normal -0.000000e+00 0.000000e+00 -1.000000e+00
    outer loop
      vertex   8.000000e+00 9.797174e-16 -7.390000e+00
      vertex   -8.000000e+00 0.000000e+00 -7.390000e+00
      vertex   7.971180e+00 6.784474e-01 -7.390000e+00
    endloop
  endfacet
  facet normal 0.000000e+00 0.000000e+00 -1.000000e+00
    outer loop
      vertex   7.971180e+00 6.784474e-01 -7.390000e+00
      vertex   -8.000000e+00 0.000000e+00 -7.390000e+00
      vertex   -7.971180e+00 6.784474e-01 -7.390000e+00
    endloop
  endfacet
  facet normal -0.000000e+00 0.000000e+00 -1.000000e+00
    outer loop
      vertex   7.971180e+00 6.784474e-01 -7.390000e+00
      vertex   -7.971180e+00 6.784474e-01 -7.390000e+00
      vertex   7.884927e+00 1.352007e+00 -7.390000e+00
    endloop
  endfacet
  facet normal 0.000000e+00 0.000000e+00 -1.000000e+00
    outer loop
      vertex   7.884927e+00 1.352007e+00 -7.390000e+00
      vertex   -7.971180e+00 6.784474e-01 -7.390000e+00
      vertex   -7.884927e+00 1.352007e+00 -7.390000e+00
    endloop
  endfacet
  facet normal -0.000000e+00 0.000000e+00 -1.000000e+00
    outer loop
      vertex   7.884927e+00 1.352007e+00 -7.390000e+00
      vertex   -7.884927e+00 1.352007e+00 -7.390000e+00
      vertex   7.741864e+00 2.015824e+00 -7.390000e+00
    endloop
  endfacet
  facet normal 0.000000e+00 0.000000e+00 -1.000000e+00
    outer loop
      vertex   7.741864e+00 2.015824e+00 -7.390000e+00
      vertex   -7.884927e+00 1.352007e+00 -7.390000e+00
      vertex   -7.741864e+00 2.015824e+00 -7.390000e+00
    endloop
  endfacet
  facet normal -0.000000e+00 0.000000e+00 -1.000000e+00
    outer loop
      vertex   7.741864e+00 2.015824e+00 -7.390000e+00
      vertex   -7.741864e+00 2.015824e+00 -7.390000e+00
      vertex   7.543020e+00 2.665118e+00 -7.390000e+00
    endloop
  endfacet
  facet normal 0.000000e+00 0.000000e+00 -1.000000e+00
    outer loop
      vertex   7.543020e+00 2.665118e+00 -7.390000e+00
      vertex   -7.741864e+00 2.015824e+00 -7.390000e+00
      vertex   -7.543020e+00 2.665118e+00 -7.390000e+00
    endloop
  endfacet
  facet normal -0.000000e+00 0.000000e+00 -1.000000e+00
    outer loop
      vertex   7.543020e+00 2.665118e+00 -7.390000e+00
      vertex   -7.543020e+00 2.665118e+00 -7.390000e+00
      vertex   7.289828e+00 3.295210e+00 -7.390000e+00
    endloop
  endfacet
  facet normal 0.000000e+00 0.000000e+00 -1.000000e+00
    outer loop
      vertex   7.289828e+00 3.295210e+00 -7.390000e+00
      vertex   -7.543020e+00 2.665118e+00 -7.390000e+00
      vertex   -7.289828e+00 3.295210e+00 -7.390000e+00
    endloop
  endfacet
  facet normal -0.000000e+00 0.000000e+00 -1.000000e+00
    outer loop
      vertex   7.289828e+00 3.295210e+00 -7.390000e+00
      vertex   -7.289828e+00 3.295210e+00 -7.390000e+00
      vertex   6.984113e+00 3.901560e+00 -7.390000e+00
    endloop
  endfacet
  facet normal 0.000000e+00 0.000000e+00 -1.000000e+00
    outer loop
      vertex   6.984113e+00 3.901560e+00 -7.390000e+00
      vertex   -7.289828e+00 3.295210e+00 -7.390000e+00
      vertex   -6.984113e+00 3.901560e+00 -7.390000e+00
    endloop
  endfacet
  facet normal -0.000000e+00 0.000000e+00 -1.000000e+00
    outer loop
      vertex   6.984113e+00 3.901560e+00 -7.390000e+00
      vertex   -6.984113e+00 3.901560e+00 -7.390000e+00
      vertex   6.628077e+00 4.479798e+00 -7.390000e+00
    endloop
  endfacet
  facet normal 0.000000e+00 0.000000e+00 -1.000000e+00
    outer loop
      vertex   6.628077e+00 4.479798e+00 -7.390000e+00
      vertex   -6.984113e+00 3.901560e+00 -7.390000e+00
      vertex   -6.628077e+00 4.479798e+00 -7.390000e+00
    endloop
  endfacet
  facet normal -0.000000e+00 0.000000e+00 -1.000000e+00
    outer loop
      vertex   6.628077e+00 4.479798e+00 -7.390000e+00
      vertex   -6.628077e+00 4.479798e+00 -7.390000e+00
      vertex   6.224286e+00 5.025760e+00 -7.390000e+00
    endloop
  endfacet
  facet normal -0.000000e+00 0.000000e+00 -1.000000e+00
    outer loop
      vertex   6.224286e+00 5.025760e+00 -7.390000e+00
      vertex   -6.628077e+00 4.479798e+00 -7.390000e+00
      vertex   -6.224286e+00 5.025760e+00 -7.390000e+00
    endloop
  endfacet
  facet normal 0.000000e+00 0.000000e+00 -1.000000e+00
    outer loop
      vertex   6.224286e+00 5.025760e+00 -7.390000e+00
      vertex   -6.224286e+00 5.025760e+00 -7.390000e+00
      vertex   5.775649e+00 5.535511e+00 -7.390000e+00
    endloop
  endfacet
  facet normal 0.000000e+00 0.000000e+00 -1.000000e+00
    outer loop
      vertex   5.775649e+00 5.535511e+00 -7.390000e+00
      vertex   -6.224286e+00 5.025760e+00 -7.390000e+00
      vertex   -5.775649e+00 5.535511e+00 -7.390000e+00
    endloop
  endfacet
  facet normal -0.000000e+00 0.000000e+00 -1.000000e+00
    outer loop
      vertex   5.775649e+00 5.535511e+00 -7.390000e+00
      vertex   -5.775649e+00 5.535511e+00 -7.390000e+00
      vertex   5.285398e+00 6.005378e+00 -7.390000e+00
    endloop
  endfacet
  facet normal 0.000000e+00 0.000000e+00 -1.000000e+00
    outer loop
      vertex   5.285398e+00 6.005378e+00 -7.390000e+00
      vertex   -5.775649e+00 5.535511e+00 -7.390000e+00
      vertex   -5.285398e+00 6.005378e+00 -7.390000e+00
    endloop
  endfacet
  facet normal -0.000000e+00 0.000000e+00 -1.000000e+00
    outer loop
      vertex   5.285398e+00 6.005378e+00 -7.390000e+00
      vertex   -5.285398e+00 6.005378e+00 -7.390000e+00
      vertex   4.757065e+00 6.431977e+00 -7.390000e+00
    endloop
  endfacet
  facet normal 0.000000e+00 0.000000e+00 -1.000000e+00
    outer loop
      vertex   4.757065e+00 6.431977e+00 -7.390000e+00
      vertex   -5.285398e+00 6.005378e+00 -7.390000e+00
      vertex   -4.757065e+00 6.431977e+00 -7.390000e+00
    endloop
  endfacet
  facet normal -0.000000e+00 0.000000e+00 -1.000000e+00
    outer loop
      vertex   4.757065e+00 6.431977e+00 -7.390000e+00
      vertex   -4.757065e+00 6.431977e+00 -7.390000e+00
      vertex   4.194458e+00 6.812233e+00 -7.390000e+00
    endloop
  endfacet
  facet normal 0.000000e+00 0.000000e+00 -1.000000e+00
    outer loop
      vertex   4.194458e+00 6.812233e+00 -7.390000e+00
      vertex   -4.757065e+00 6.431977e+00 -7.390000e+00
      vertex   -4.194458e+00 6.812233e+00 -7.390000e+00
    endloop
  endfacet
  facet normal -0.000000e+00 0.000000e+00 -1.000000e+00
    outer loop
      vertex   4.194458e+00 6.812233e+00 -7.390000e+00
      vertex   -4.194458e+00 6.812233e+00 -7.390000e+00
      vertex   3.601630e+00 7.143407e+00 -7.390000e+00
    endloop
  endfacet
  facet normal 0.000000e+00 0.000000e+00 -1.000000e+00
    outer loop
      vertex   3.601630e+00 7.143407e+00 -7.390000e+00
      vertex   -4.194458e+00 6.812233e+00 -7.390000e+00
      vertex   -3.601630e+00 7.143407e+00 -7.390000e+00
    endloop
  endfacet
  facet normal -0.000000e+00 0.000000e+00 -1.000000e+00
    outer loop
      vertex   3.601630e+00 7.143407e+00 -7.390000e+00
      vertex   -3.601630e+00 7.143407e+00 -7.390000e+00
      vertex   2.982852e+00 7.423112e+00 -7.390000e+00
    endloop
  endfacet
  facet normal -0.000000e+00 0.000000e+00 -1.000000e+00
    outer loop
      vertex   2.982852e+00 7.423112e+00 -7.390000e+00
      vertex   -3.601630e+00 7.143407e+00 -7.390000e+00
      vertex   -2.982852e+00 7.423112e+00 -7.390000e+00
    endloop
  endfacet
  facet normal 0.000000e+00 0.000000e+00 -1.000000e+00
    outer loop
      vertex   2.982852e+00 7.423112e+00 -7.390000e+00
      vertex   -2.982852e+00 7.423112e+00 -7.390000e+00
      vertex   2.342582e+00 7.649334e+00 -7.390000e+00
    endloop
  endfacet
  facet normal -0.000000e+00 0.000000e+00 -1.000000e+00
    outer loop
      vertex   2.342582e+00 7.649334e+00 -7.390000e+00
      vertex   -2.982852e+00 7.423112e+00 -7.390000e+00
      vertex   -2.342582e+00 7.649334e+00 -7.390000e+00
    endloop
  endfacet
  facet normal 0.000000e+00 0.000000e+00 -1.000000e+00
    outer loop
      vertex   2.342582e+00 7.649334e+00 -7.390000e+00
      vertex   -2.342582e+00 7.649334e+00 -7.390000e+00
      vertex   1.685434e+00 7.820442e+00 -7.390000e+00
    endloop
  endfacet
  facet normal 0.000000e+00 0.000000e+00 -1.000000e+00
    outer loop
      vertex   1.685434e+00 7.820442e+00 -7.390000e+00
      vertex   -2.342582e+00 7.649334e+00 -7.390000e+00
      vertex   -1.685434e+00 7.820442e+00 -7.390000e+00
    endloop
  endfacet
  facet normal -0.000000e+00 0.000000e+00 -1.000000e+00
    outer loop
      vertex   1.685434e+00 7.820442e+00 -7.390000e+00
      vertex   -1.685434e+00 7.820442e+00 -7.390000e+00
      vertex   1.016143e+00 7.935203e+00 -7.390000e+00
    endloop
  endfacet
  facet normal -0.000000e+00 0.000000e+00 -1.000000e+00
    outer loop
      vertex   1.016143e+00 7.935203e+00 -7.390000e+00
      vertex   -1.685434e+00 7.820442e+00 -7.390000e+00
      vertex   -1.016143e+00 7.935203e+00 -7.390000e+00
    endloop
  endfacet
  facet normal 0.000000e+00 0.000000e+00 -1.000000e+00
    outer loop
      vertex   1.016143e+00 7.935203e+00 -7.390000e+00
      vertex   -1.016143e+00 7.935203e+00 -7.390000e+00
      vertex   3.395296e-01 7.992792e+00 -7.390000e+00
    endloop
  endfacet
  facet normal -0.000000e+00 0.000000e+00 -1.000000e+00
    outer loop
      vertex   3.395296e-01 7.992792e+00 -7.390000e+00
      vertex   -1.016143e+00 7.935203e+00 -7.390000e+00
      vertex   -3.395296e-01 7.992792e+00 -7.390000e+00
    endloop
  endfacet
  facet normal 0.000000e+00 0.000000e+00 -1.000000e+00
    outer loop
      vertex   -7.971180e+00 -6.784474e-01 -7.390000e+00
      vertex   7.971180e+00 -6.784474e-01 -7.390000e+00
      vertex   -7.884927e+00 -1.352007e+00 -7.390000e+00
    endloop
  endfacet
  facet normal 0.000000e+00 0.000000e+00 -1.000000e+00
    outer loop
      vertex   -7.884927e+00 -1.352007e+00 -7.390000e+00
      vertex   7.971180e+00 -6.784474e-01 -7.390000e+00
      vertex   7.884927e+00 -1.352007e+00 -7.390000e+00
    endloop
  endfacet
  facet normal 0.000000e+00 0.000000e+00 -1.000000e+00
    outer loop
      vertex   -7.884927e+00 -1.352007e+00 -7.390000e+00
      vertex   7.884927e+00 -1.352007e+00 -7.390000e+00
      vertex   -7.741864e+00 -2.015824e+00 -7.390000e+00
    endloop
  endfacet
  facet normal 0.000000e+00 0.000000e+00 -1.000000e+00
    outer loop
      vertex   -7.741864e+00 -2.015824e+00 -7.390000e+00
      vertex   7.884927e+00 -1.352007e+00 -7.390000e+00
      vertex   7.741864e+00 -2.015824e+00 -7.390000e+00
    endloop
  endfacet
  facet normal 0.000000e+00 0.000000e+00 -1.000000e+00
    outer loop
      vertex   -7.741864e+00 -2.015824e+00 -7.390000e+00
      vertex   7.741864e+00 -2.015824e+00 -7.390000e+00
      vertex   -7.543020e+00 -2.665118e+00 -7.390000e+00
    endloop
  endfacet
  facet normal 0.000000e+00 0.000000e+00 -1.000000e+00
    outer loop
      vertex   -7.543020e+00 -2.665118e+00 -7.390000e+00
      vertex   7.741864e+00 -2.015824e+00 -7.390000e+00
      vertex   7.543020e+00 -2.665118e+00 -7.390000e+00
    endloop
  endfacet
  facet normal 0.000000e+00 0.000000e+00 -1.000000e+00
    outer loop
      vertex   -7.543020e+00 -2.665118e+00 -7.390000e+00
      vertex   7.543020e+00 -2.665118e+00 -7.390000e+00
      vertex   -7.289828e+00 -3.295210e+00 -7.390000e+00
    endloop
  endfacet
  facet normal 0.000000e+00 0.000000e+00 -1.000000e+00
    outer loop
      vertex   -7.289828e+00 -3.295210e+00 -7.390000e+00
      vertex   7.543020e+00 -2.665118e+00 -7.390000e+00
      vertex   7.289828e+00 -3.295210e+00 -7.390000e+00
    endloop
  endfacet
  facet normal 0.000000e+00 0.000000e+00 -1.000000e+00
    outer loop
      vertex   -7.289828e+00 -3.295210e+00 -7.390000e+00
      vertex   7.289828e+00 -3.295210e+00 -7.390000e+00
      vertex   -6.984113e+00 -3.901560e+00 -7.390000e+00
    endloop
  endfacet
  facet normal 0.000000e+00 0.000000e+00 -1.000000e+00
    outer loop
      vertex   -6.984113e+00 -3.901560e+00 -7.390000e+00
      vertex   7.289828e+00 -3.295210e+00 -7.390000e+00
      vertex   6.984113e+00 -3.901560e+00 -7.390000e+00
    endloop
  endfacet
  facet normal 0.000000e+00 0.000000e+00 -1.000000e+00
    outer loop
      vertex   -6.984113e+00 -3.901560e+00 -7.390000e+00
      vertex   6.984113e+00 -3.901560e+00 -7.390000e+00
      vertex   -6.628077e+00 -4.479798e+00 -7.390000e+00
    endloop
  endfacet
  facet normal 0.000000e+00 0.000000e+00 -1.000000e+00
    outer loop
      vertex   -6.628077e+00 -4.479798e+00 -7.390000e+00
      vertex   6.984113e+00 -3.901560e+00 -7.390000e+00
      vertex   6.628077e+00 -4.479798e+00 -7.390000e+00
    endloop
  endfacet
  facet normal 0.000000e+00 0.000000e+00 -1.000000e+00
    outer loop
      vertex   -6.628077e+00 -4.479798e+00 -7.390000e+00
      vertex   6.628077e+00 -4.479798e+00 -7.390000e+00
      vertex   -6.224286e+00 -5.025760e+00 -7.390000e+00
    endloop
  endfacet
  facet normal 0.000000e+00 0.000000e+00 -1.000000e+00
    outer loop
      vertex   -6.224286e+00 -5.025760e+00 -7.390000e+00
      vertex   6.628077e+00 -4.479798e+00 -7.390000e+00
      vertex   6.224286e+00 -5.025760e+00 -7.390000e+00
    endloop
  endfacet
  facet normal 0.000000e+00 0.000000e+00 -1.000000e+00
    outer loop
      vertex   -6.224286e+00 -5.025760e+00 -7.390000e+00
      vertex   6.224286e+00 -5.025760e+00 -7.390000e+00
      vertex   -5.775649e+00 -5.535511e+00 -7.390000e+00
    endloop
  endfacet
  facet normal 0.000000e+00 0.000000e+00 -1.000000e+00
    outer loop
      vertex   -5.775649e+00 -5.535511e+00 -7.390000e+00
      vertex   6.224286e+00 -5.025760e+00 -7.390000e+00
      vertex   5.775649e+00 -5.535511e+00 -7.390000e+00
    endloop
  endfacet
  facet normal 0.000000e+00 0.000000e+00 -1.000000e+00
    outer loop
      vertex   -5.775649e+00 -5.535511e+00 -7.390000e+00
      vertex   5.775649e+00 -5.535511e+00 -7.390000e+00
      vertex   -5.285398e+00 -6.005378e+00 -7.390000e+00
    endloop
  endfacet
  facet normal 0.000000e+00 0.000000e+00 -1.000000e+00
    outer loop
      vertex   -5.285398e+00 -6.005378e+00 -7.390000e+00
      vertex   5.775649e+00 -5.535511e+00 -7.390000e+00
      vertex   5.285398e+00 -6.005378e+00 -7.390000e+00
    endloop
  endfacet
  facet normal 0.000000e+00 0.000000e+00 -1.000000e+00
    outer loop
      vertex   -5.285398e+00 -6.005378e+00 -7.390000e+00
      vertex   5.285398e+00 -6.005378e+00 -7.390000e+00
      vertex   -4.757065e+00 -6.431977e+00 -7.390000e+00
    endloop
  endfacet
  facet normal 0.000000e+00 0.000000e+00 -1.000000e+00
    outer loop
      vertex   -4.757065e+00 -6.431977e+00 -7.390000e+00
      vertex   5.285398e+00 -6.005378e+00 -7.390000e+00
      vertex   4.757065e+00 -6.431977e+00 -7.390000e+00
    endloop
  endfacet
  facet normal 0.000000e+00 0.000000e+00 -1.000000e+00
    outer loop
      vertex   -4.757065e+00 -6.431977e+00 -7.390000e+00
      vertex   4.757065e+00 -6.431977e+00 -7.390000e+00
      vertex   -4.194458e+00 -6.812233e+00 -7.390000e+00
    endloop
  endfacet
  facet normal 0.000000e+00 0.000000e+00 -1.000000e+00
    outer loop
      vertex   -4.194458e+00 -6.812233e+00 -7.390000e+00
      vertex   4.757065e+00 -6.431977e+00 -7.390000e+00
      vertex   4.194458e+00 -6.812233e+00 -7.390000e+00
    endloop
  endfacet
  facet normal 0.000000e+00 0.000000e+00 -1.000000e+00
    outer loop
      vertex   -4.194458e+00 -6.812233e+00 -7.390000e+00
      vertex   4.194458e+00 -6.812233e+00 -7.390000e+00
      vertex   -3.601630e+00 -7.143407e+00 -7.390000e+00
    endloop
  endfacet
  facet normal 0.000000e+00 0.000000e+00 -1.000000e+00
    outer loop
      vertex   -3.601630e+00 -7.143407e+00 -7.390000e+00
      vertex   4.194458e+00 -6.812233e+00 -7.390000e+00
      vertex   3.601630e+00 -7.143407e+00 -7.390000e+00
    endloop
  endfacet
  facet normal 0.000000e+00 0.000000e+00 -1.000000e+00
    outer loop
      vertex   -3.601630e+00 -7.143407e+00 -7.390000e+00
      vertex   3.601630e+00 -7.143407e+00 -7.390000e+00
      vertex   -2.982852e+00 -7.423112e+00 -7.390000e+00
    endloop
  endfacet
  facet normal 0.000000e+00 0.000000e+00 -1.000000e+00
    outer loop
      vertex   -2.982852e+00 -7.423112e+00 -7.390000e+00
      vertex   3.601630e+00 -7.143407e+00 -7.390000e+00
      vertex   2.982852e+00 -7.423112e+00 -7.390000e+00
    endloop
  endfacet
  facet normal 0.000000e+00 0.000000e+00 -1.000000e+00
    outer loop
      vertex   -2.982852e+00 -7.423112e+00 -7.390000e+00
      vertex   2.982852e+00 -7.423112e+00 -7.390000e+00
      vertex   -2.342582e+00 -7.649334e+00 -7.390000e+00
    endloop
  endfacet
  facet normal 0.000000e+00 0.000000e+00 -1.000000e+00
    outer loop
      vertex   -2.342582e+00 -7.649334e+00 -7.390000e+00
      vertex   2.982852e+00 -7.423112e+00 -7.390000e+00
      vertex   2.342582e+00 -7.649334e+00 -7.390000e+00
    endloop
  endfacet
  facet normal 0.000000e+00 0.000000e+00 -1.000000e+00
    outer loop
      vertex   -2.342582e+00 -7.649334e+00 -7.390000e+00
      vertex   2.342582e+00 -7.649334e+00 -7.390000e+00
      vertex   -1.685434e+00 -7.820442e+00 -7.390000e+00
    endloop
  endfacet
  facet normal 0.000000e+00 0.000000e+00 -1.000000e+00
    outer loop
      vertex   -1.685434e+00 -7.820442e+00 -7.390000e+00
      vertex   2.342582e+00 -7.649334e+00 -7.390000e+00
      vertex   1.685434e+00 -7.820442e+00 -7.390000e+00
    endloop
  endfacet
  facet normal 0.000000e+00 0.000000e+00 -1.000000e+00
    outer loop
      vertex   -1.685434e+00 -7.820442e+00 -7.390000e+00
      vertex   1.685434e+00 -7.820442e+00 -7.390000e+00
      vertex   -1.016143e+00 -7.935203e+00 -7.390000e+00
    endloop
  endfacet
  facet normal 0.000000e+00 0.000000e+00 -1.000000e+00
    outer loop
      vertex   -1.016143e+00 -7.935203e+00 -7.390000e+00
      vertex   1.685434e+00 -7.820442e+00 -7.390000e+00
      vertex   1.016143e+00 -7.935203e+00 -7.390000e+00
    endloop
  endfacet
  facet normal 0.000000e+00 0.000000e+00 -1.000000e+00
    outer loop
      vertex   -1.016143e+00 -7.935203e+00 -7.390000e+00
      vertex   1.016143e+00 -7.935203e+00 -7.390000e+00
      vertex   -3.395296e-01 -7.992792e+00 -7.390000e+00
    endloop
  endfacet
  facet normal 0.000000e+00 0.000000e+00 -1.000000e+00
    outer loop
      vertex   -3.395296e-01 -7.992792e+00 -7.390000e+00
      vertex   1.016143e+00 -7.935203e+00 -7.390000e+00
      vertex   3.395296e-01 -7.992792e+00 -7.390000e+00
    endloop
  endfacet
endsolid
