solid ASCII
  facet normal -9.983082e-01 -5.814483e-02 -1.468208e-19
    outer loop
      vertex   7.945907e+00 9.287433e-01 -6.500000e+00
      vertex   8.000000e+00 9.797174e-16 -6.500000e+00
      vertex   8.000000e+00 9.797174e-16 1.350000e+01
    endloop
  endfacet
  facet normal -9.983082e-01 5.814483e-02 0.000000e+00
    outer loop
      vertex   8.000000e+00 9.797174e-16 1.350000e+01
      vertex   8.000000e+00 9.797174e-16 -6.500000e+00
      vertex   7.945907e+00 -9.287433e-01 -6.500000e+00
    endloop
  endfacet
  facet normal -9.982437e-01 5.924063e-02 -5.106005e-05
    outer loop
      vertex   8.000000e+00 9.797174e-16 1.350000e+01
      vertex   7.945907e+00 -9.287433e-01 -6.500000e+00
      vertex   7.943849e+00 -9.461854e-01 1.350000e+01
    endloop
  endfacet
  facet normal -9.848078e-01 1.736482e-01 5.009771e-05
    outer loop
      vertex   7.943849e+00 -9.461854e-01 1.350000e+01
      vertex   7.945907e+00 -9.287433e-01 -6.500000e+00
      vertex   7.784359e+00 -1.844927e+00 -6.500000e+00
    endloop
  endfacet
  facet normal -9.842306e-01 1.768903e-01 -1.001954e-04
    outer loop
      vertex   7.943849e+00 -9.461854e-01 1.350000e+01
      vertex   7.784359e+00 -1.844927e+00 -6.500000e+00
      vertex   7.776183e+00 -1.879088e+00 1.350000e+01
    endloop
  endfacet
  facet normal -9.579895e-01 2.868032e-01 9.827056e-05
    outer loop
      vertex   7.776183e+00 -1.879088e+00 1.350000e+01
      vertex   7.784359e+00 -1.844927e+00 -6.500000e+00
      vertex   7.517541e+00 -2.736161e+00 -6.500000e+00
    endloop
  endfacet
  facet normal -9.564010e-01 2.920568e-01 -1.474057e-04
    outer loop
      vertex   7.776183e+00 -1.879088e+00 1.350000e+01
      vertex   7.517541e+00 -2.736161e+00 -6.500000e+00
      vertex   7.499357e+00 -2.785613e+00 1.350000e+01
    endloop
  endfacet
  facet normal -9.182161e-01 3.960798e-01 1.445183e-04
    outer loop
      vertex   7.499357e+00 -2.785613e+00 1.350000e+01
      vertex   7.517541e+00 -2.736161e+00 -6.500000e+00
      vertex   7.149061e+00 -3.590393e+00 -6.500000e+00
    endloop
  endfacet
  facet normal -9.151456e-01 4.031234e-01 -1.926908e-04
    outer loop
      vertex   7.499357e+00 -2.785613e+00 1.350000e+01
      vertex   7.149061e+00 -3.590393e+00 -6.500000e+00
      vertex   7.117257e+00 -3.653034e+00 1.350000e+01
    endloop
  endfacet
  facet normal -8.660254e-01 5.000000e-01 1.888408e-04
    outer loop
      vertex   7.117257e+00 -3.653034e+00 1.350000e+01
      vertex   7.149061e+00 -3.590393e+00 -6.500000e+00
      vertex   6.683902e+00 -4.396072e+00 -6.500000e+00
    endloop
  endfacet
  facet normal -8.610436e-01 5.085311e-01 -2.360505e-04
    outer loop
      vertex   7.117257e+00 -3.653034e+00 1.350000e+01
      vertex   6.683902e+00 -4.396072e+00 -6.500000e+00
      vertex   6.635245e+00 -4.469174e+00 1.350000e+01
    endloop
  endfacet
  facet normal -8.021232e-01 5.971586e-01 2.312377e-04
    outer loop
      vertex   6.635245e+00 -4.469174e+00 1.350000e+01
      vertex   6.683902e+00 -4.396072e+00 -6.500000e+00
      vertex   6.128356e+00 -5.142301e+00 -6.500000e+00
    endloop
  endfacet
  facet normal -7.948544e-01 6.068001e-01 -2.774846e-04
    outer loop
      vertex   6.635245e+00 -4.469174e+00 1.350000e+01
      vertex   6.128356e+00 -5.142301e+00 -6.500000e+00
      vertex   6.060090e+00 -5.222577e+00 1.350000e+01
    endloop
  endfacet
  facet normal -7.273736e-01 6.862416e-01 2.717088e-04
    outer loop
      vertex   6.060090e+00 -5.222577e+00 1.350000e+01
      vertex   6.128356e+00 -5.142301e+00 -6.500000e+00
      vertex   5.489933e+00 -5.818989e+00 -6.500000e+00
    endloop
  endfacet
  facet normal -7.175072e-01 6.965510e-01 -3.169928e-04
    outer loop
      vertex   6.060090e+00 -5.222577e+00 1.350000e+01
      vertex   5.489933e+00 -5.818989e+00 -6.500000e+00
      vertex   5.399864e+00 -5.902666e+00 1.350000e+01
    endloop
  endfacet
  facet normal -6.427876e-01 7.660444e-01 3.102541e-04
    outer loop
      vertex   5.399864e+00 -5.902666e+00 1.350000e+01
      vertex   5.489933e+00 -5.818989e+00 -6.500000e+00
      vertex   4.777269e+00 -6.416986e+00 -6.500000e+00
    endloop
  endfacet
  facet normal -6.300878e-01 7.765238e-01 -3.545750e-04
    outer loop
      vertex   5.399864e+00 -5.902666e+00 1.350000e+01
      vertex   4.777269e+00 -6.416986e+00 -6.500000e+00
      vertex   4.663836e+00 -6.499895e+00 1.350000e+01
    endloop
  endfacet
  facet normal -5.495089e-01 8.354878e-01 3.468732e-04
    outer loop
      vertex   4.663836e+00 -6.499895e+00 1.350000e+01
      vertex   4.777269e+00 -6.416986e+00 -6.500000e+00
      vertex   4.000000e+00 -6.928203e+00 -6.500000e+00
    endloop
  endfacet
  facet normal -5.338233e-01 8.455959e-01 -3.902310e-04
    outer loop
      vertex   4.663836e+00 -6.499895e+00 1.350000e+01
      vertex   4.000000e+00 -6.928203e+00 -6.500000e+00
      vertex   3.862338e+00 -7.005880e+00 1.350000e+01
    endloop
  endfacet
  facet normal -4.487991e-01 8.936326e-01 3.815660e-04
    outer loop
      vertex   3.862338e+00 -7.005880e+00 1.350000e+01
      vertex   4.000000e+00 -6.928203e+00 -6.500000e+00
      vertex   3.168638e+00 -7.345729e+00 -6.500000e+00
    endloop
  endfacet
  facet normal -4.300652e-01 9.027977e-01 -4.239606e-04
    outer loop
      vertex   3.862338e+00 -7.005880e+00 1.350000e+01
      vertex   3.168638e+00 -7.345729e+00 -6.500000e+00
      vertex   3.006621e+00 -7.413517e+00 1.350000e+01
    endloop
  endfacet
  facet normal -3.420201e-01 9.396925e-01 4.143324e-04
    outer loop
      vertex   3.006621e+00 -7.413517e+00 1.350000e+01
      vertex   3.168638e+00 -7.345729e+00 -6.500000e+00
      vertex   2.294426e+00 -7.663916e+00 -6.500000e+00
    endloop
  endfacet
  facet normal -3.202698e-01 9.473263e-01 -4.557637e-04
    outer loop
      vertex   3.006621e+00 -7.413517e+00 1.350000e+01
      vertex   2.294426e+00 -7.663916e+00 -6.500000e+00
      vertex   2.108697e+00 -7.717085e+00 1.350000e+01
    endloop
  endfacet
  facet normal -2.306158e-01 9.730448e-01 4.451722e-04
    outer loop
      vertex   2.108697e+00 -7.717085e+00 1.350000e+01
      vertex   2.294426e+00 -7.663916e+00 -6.500000e+00
      vertex   1.389185e+00 -7.878462e+00 -6.500000e+00
    endloop
  endfacet
  facet normal -2.059786e-01 9.785564e-01 -4.856401e-04
    outer loop
      vertex   2.108697e+00 -7.717085e+00 1.350000e+01
      vertex   1.389185e+00 -7.878462e+00 -6.500000e+00
      vertex   1.181173e+00 -7.912321e+00 1.350000e+01
    endloop
  endfacet
  facet normal -1.160929e-01 9.932382e-01 4.740851e-04
    outer loop
      vertex   1.181173e+00 -7.912321e+00 1.350000e+01
      vertex   1.389185e+00 -7.878462e+00 -6.500000e+00
      vertex   4.651586e-01 -7.986465e+00 -6.500000e+00
    endloop
  endfacet
  facet normal -8.879588e-02 9.960497e-01 -5.135897e-04
    outer loop
      vertex   1.181173e+00 -7.912321e+00 1.350000e+01
      vertex   4.651586e-01 -7.986465e+00 -6.500000e+00
      vertex   2.370666e-01 -7.996487e+00 1.350000e+01
    endloop
  endfacet
  facet normal 0.000000e+00 9.999999e-01 5.010712e-04
    outer loop
      vertex   2.370666e-01 -7.996487e+00 1.350000e+01
      vertex   4.651586e-01 -7.986465e+00 -6.500000e+00
      vertex   -4.651586e-01 -7.986465e+00 -6.500000e+00
    endloop
  endfacet
  facet normal 2.963332e-02 9.995607e-01 -5.396122e-04
    outer loop
      vertex   2.370666e-01 -7.996487e+00 1.350000e+01
      vertex   -4.651586e-01 -7.986465e+00 -6.500000e+00
      vertex   -7.103672e-01 -7.968399e+00 1.350000e+01
    endloop
  endfacet
  facet normal 1.160929e-01 9.932382e-01 5.261303e-04
    outer loop
      vertex   -7.103672e-01 -7.968399e+00 1.350000e+01
      vertex   -4.651586e-01 -7.986465e+00 -6.500000e+00
      vertex   -1.389185e+00 -7.878462e+00 -6.500000e+00
    endloop
  endfacet
  facet normal 1.476465e-01 9.890400e-01 -5.637077e-04
    outer loop
      vertex   -7.103672e-01 -7.968399e+00 1.350000e+01
      vertex   -1.389185e+00 -7.878462e+00 -6.500000e+00
      vertex   -1.647829e+00 -7.828452e+00 1.350000e+01
    endloop
  endfacet
  facet normal 2.306158e-01 9.730447e-01 5.492622e-04
    outer loop
      vertex   -1.647829e+00 -7.828452e+00 1.350000e+01
      vertex   -1.389185e+00 -7.878462e+00 -6.500000e+00
      vertex   -2.294426e+00 -7.663916e+00 -6.500000e+00
    endloop
  endfacet
  facet normal 2.635871e-01 9.646354e-01 -5.858760e-04
    outer loop
      vertex   -1.647829e+00 -7.828452e+00 1.350000e+01
      vertex   -2.294426e+00 -7.663916e+00 -6.500000e+00
      vertex   -2.562159e+00 -7.578611e+00 1.350000e+01
    endloop
  endfacet
  facet normal 3.420201e-01 9.396925e-01 5.704668e-04
    outer loop
      vertex   -2.562159e+00 -7.578611e+00 1.350000e+01
      vertex   -2.294426e+00 -7.663916e+00 -6.500000e+00
      vertex   -3.168638e+00 -7.345729e+00 -6.500000e+00
    endloop
  endfacet
  facet normal 3.758275e-01 9.266894e-01 -6.061169e-04
    outer loop
      vertex   -2.562159e+00 -7.578611e+00 1.350000e+01
      vertex   -3.168638e+00 -7.345729e+00 -6.500000e+00
      vertex   -3.440522e+00 -7.222383e+00 1.350000e+01
    endloop
  endfacet
  facet normal 4.487991e-01 8.936325e-01 5.897441e-04
    outer loop
      vertex   -3.440522e+00 -7.222383e+00 1.350000e+01
      vertex   -3.168638e+00 -7.345729e+00 -6.500000e+00
      vertex   -4.000000e+00 -6.928203e+00 -6.500000e+00
    endloop
  endfacet
  facet normal 4.827921e-01 8.757348e-01 -6.244305e-04
    outer loop
      vertex   -3.440522e+00 -7.222383e+00 1.350000e+01
      vertex   -4.000000e+00 -6.928203e+00 -6.500000e+00
      vertex   -4.270587e+00 -6.764768e+00 1.350000e+01
    endloop
  endfacet
  facet normal 5.495089e-01 8.354877e-01 6.070939e-04
    outer loop
      vertex   -4.270587e+00 -6.764768e+00 1.350000e+01
      vertex   -4.000000e+00 -6.928203e+00 -6.500000e+00
      vertex   -4.777269e+00 -6.416986e+00 -6.500000e+00
    endloop
  endfacet
  facet normal 5.829794e-01 8.124867e-01 -6.408165e-04
    outer loop
      vertex   -4.270587e+00 -6.764768e+00 1.350000e+01
      vertex   -4.777269e+00 -6.416986e+00 -6.500000e+00
      vertex   -5.040703e+00 -6.212191e+00 1.350000e+01
    endloop
  endfacet
  facet normal 6.427875e-01 7.660443e-01 6.225161e-04
    outer loop
      vertex   -5.040703e+00 -6.212191e+00 1.350000e+01
      vertex   -4.777269e+00 -6.416986e+00 -6.500000e+00
      vertex   -5.489933e+00 -5.818989e+00 -6.500000e+00
    endloop
  endfacet
  facet normal 6.749829e-01 7.378331e-01 -6.552750e-04
    outer loop
      vertex   -5.040703e+00 -6.212191e+00 1.350000e+01
      vertex   -5.489933e+00 -5.818989e+00 -6.500000e+00
      vertex   -5.740058e+00 -5.572408e+00 1.350000e+01
    endloop
  endfacet
  facet normal 7.273735e-01 6.862415e-01 6.360107e-04
    outer loop
      vertex   -5.740058e+00 -5.572408e+00 1.350000e+01
      vertex   -5.489933e+00 -5.818989e+00 -6.500000e+00
      vertex   -6.128356e+00 -5.142301e+00 -6.500000e+00
    endloop
  endfacet
  facet normal 7.575111e-01 6.528220e-01 -6.678058e-04
    outer loop
      vertex   -5.740058e+00 -5.572408e+00 1.350000e+01
      vertex   -6.128356e+00 -5.142301e+00 -6.500000e+00
      vertex   -6.358836e+00 -4.854401e+00 1.350000e+01
    endloop
  endfacet
  facet normal 8.021230e-01 5.971585e-01 6.475777e-04
    outer loop
      vertex   -6.358836e+00 -4.854401e+00 1.350000e+01
      vertex   -6.128356e+00 -5.142301e+00 -6.500000e+00
      vertex   -6.683902e+00 -4.396072e+00 -6.500000e+00
    endloop
  endfacet
  facet normal 8.294055e-01 5.586466e-01 -6.784089e-04
    outer loop
      vertex   -6.358836e+00 -4.854401e+00 1.350000e+01
      vertex   -6.683902e+00 -4.396072e+00 -6.500000e+00
      vertex   -6.888349e+00 -4.068249e+00 1.350000e+01
    endloop
  endfacet
  facet normal 8.660252e-01 4.999999e-01 6.572169e-04
    outer loop
      vertex   -6.888349e+00 -4.068249e+00 1.350000e+01
      vertex   -6.683902e+00 -4.396072e+00 -6.500000e+00
      vertex   -7.149061e+00 -3.590393e+00 -6.500000e+00
    endloop
  endfacet
  facet normal 8.896569e-01 4.566291e-01 -6.870842e-04
    outer loop
      vertex   -6.888349e+00 -4.068249e+00 1.350000e+01
      vertex   -7.149061e+00 -3.590393e+00 -6.500000e+00
      vertex   -7.321165e+00 -3.224987e+00 1.350000e+01
    endloop
  endfacet
  facet normal 9.182159e-01 3.960797e-01 6.649283e-04
    outer loop
      vertex   -7.321165e+00 -3.224987e+00 1.350000e+01
      vertex   -7.149061e+00 -3.590393e+00 -6.500000e+00
      vertex   -7.517541e+00 -2.736161e+00 -6.500000e+00
    endloop
  endfacet
  facet normal 9.374194e-01 3.482016e-01 -6.938317e-04
    outer loop
      vertex   -7.321165e+00 -3.224987e+00 1.350000e+01
      vertex   -7.517541e+00 -2.736161e+00 -6.500000e+00
      vertex   -7.651208e+00 -2.336454e+00 1.350000e+01
    endloop
  endfacet
  facet normal 9.579893e-01 2.868032e-01 6.707119e-04
    outer loop
      vertex   -7.651208e+00 -2.336454e+00 1.350000e+01
      vertex   -7.517541e+00 -2.736161e+00 -6.500000e+00
      vertex   -7.784359e+00 -1.844927e+00 -6.500000e+00
    endloop
  endfacet
  facet normal 9.720227e-01 2.348860e-01 -6.986514e-04
    outer loop
      vertex   -7.651208e+00 -2.336454e+00 1.350000e+01
      vertex   -7.784359e+00 -1.844927e+00 -6.500000e+00
      vertex   -7.873845e+00 -1.415122e+00 1.350000e+01
    endloop
  endfacet
  facet normal 9.848075e-01 1.736481e-01 6.745677e-04
    outer loop
      vertex   -7.873845e+00 -1.415122e+00 1.350000e+01
      vertex   -7.784359e+00 -1.844927e+00 -6.500000e+00
      vertex   -7.945907e+00 -9.287433e-01 -6.500000e+00
    endloop
  endfacet
  facet normal 9.929809e-01 1.182731e-01 -7.015432e-04
    outer loop
      vertex   -7.873845e+00 -1.415122e+00 1.350000e+01
      vertex   -7.945907e+00 -9.287433e-01 -6.500000e+00
      vertex   -7.985950e+00 -4.739250e-01 1.350000e+01
    endloop
  endfacet
  facet normal 9.983079e-01 5.814482e-02 6.764956e-04
    outer loop
      vertex   -7.985950e+00 -4.739250e-01 1.350000e+01
      vertex   -7.945907e+00 -9.287433e-01 -6.500000e+00
      vertex   -8.000000e+00 0.000000e+00 -6.500000e+00
    endloop
  endfacet
  facet normal 9.999998e-01 -1.874090e-15 -7.025071e-04
    outer loop
      vertex   -7.985950e+00 -4.739250e-01 1.350000e+01
      vertex   -8.000000e+00 0.000000e+00 -6.500000e+00
      vertex   -7.985950e+00 4.739250e-01 1.350000e+01
    endloop
  endfacet
  facet normal 9.983079e-01 -5.814482e-02 6.764956e-04
    outer loop
      vertex   -7.985950e+00 4.739250e-01 1.350000e+01
      vertex   -8.000000e+00 0.000000e+00 -6.500000e+00
      vertex   -7.945907e+00 9.287433e-01 -6.500000e+00
    endloop
  endfacet
  facet normal 9.929809e-01 -1.182731e-01 -7.015432e-04
    outer loop
      vertex   -7.985950e+00 4.739250e-01 1.350000e+01
      vertex   -7.945907e+00 9.287433e-01 -6.500000e+00
      vertex   -7.873845e+00 1.415122e+00 1.350000e+01
    endloop
  endfacet
  facet normal 9.848075e-01 -1.736481e-01 6.745677e-04
    outer loop
      vertex   -7.873845e+00 1.415122e+00 1.350000e+01
      vertex   -7.945907e+00 9.287433e-01 -6.500000e+00
      vertex   -7.784359e+00 1.844927e+00 -6.500000e+00
    endloop
  endfacet
  facet normal 9.720227e-01 -2.348860e-01 -6.986514e-04
    outer loop
      vertex   -7.873845e+00 1.415122e+00 1.350000e+01
      vertex   -7.784359e+00 1.844927e+00 -6.500000e+00
      vertex   -7.651208e+00 2.336454e+00 1.350000e+01
    endloop
  endfacet
  facet normal 9.579893e-01 -2.868032e-01 6.707119e-04
    outer loop
      vertex   -7.651208e+00 2.336454e+00 1.350000e+01
      vertex   -7.784359e+00 1.844927e+00 -6.500000e+00
      vertex   -7.517541e+00 2.736161e+00 -6.500000e+00
    endloop
  endfacet
  facet normal 9.374194e-01 -3.482016e-01 -6.938317e-04
    outer loop
      vertex   -7.651208e+00 2.336454e+00 1.350000e+01
      vertex   -7.517541e+00 2.736161e+00 -6.500000e+00
      vertex   -7.321165e+00 3.224987e+00 1.350000e+01
    endloop
  endfacet
  facet normal 9.182159e-01 -3.960797e-01 6.649283e-04
    outer loop
      vertex   -7.321165e+00 3.224987e+00 1.350000e+01
      vertex   -7.517541e+00 2.736161e+00 -6.500000e+00
      vertex   -7.149061e+00 3.590393e+00 -6.500000e+00
    endloop
  endfacet
  facet normal 8.896569e-01 -4.566291e-01 -6.870842e-04
    outer loop
      vertex   -7.321165e+00 3.224987e+00 1.350000e+01
      vertex   -7.149061e+00 3.590393e+00 -6.500000e+00
      vertex   -6.888349e+00 4.068249e+00 1.350000e+01
    endloop
  endfacet
  facet normal 8.660252e-01 -4.999999e-01 6.572169e-04
    outer loop
      vertex   -6.888349e+00 4.068249e+00 1.350000e+01
      vertex   -7.149061e+00 3.590393e+00 -6.500000e+00
      vertex   -6.683902e+00 4.396072e+00 -6.500000e+00
    endloop
  endfacet
  facet normal 8.294055e-01 -5.586466e-01 -6.784089e-04
    outer loop
      vertex   -6.888349e+00 4.068249e+00 1.350000e+01
      vertex   -6.683902e+00 4.396072e+00 -6.500000e+00
      vertex   -6.358836e+00 4.854401e+00 1.350000e+01
    endloop
  endfacet
  facet normal 8.021230e-01 -5.971585e-01 6.475777e-04
    outer loop
      vertex   -6.358836e+00 4.854401e+00 1.350000e+01
      vertex   -6.683902e+00 4.396072e+00 -6.500000e+00
      vertex   -6.128356e+00 5.142301e+00 -6.500000e+00
    endloop
  endfacet
  facet normal 7.575111e-01 -6.528220e-01 -6.678058e-04
    outer loop
      vertex   -6.358836e+00 4.854401e+00 1.350000e+01
      vertex   -6.128356e+00 5.142301e+00 -6.500000e+00
      vertex   -5.740058e+00 5.572408e+00 1.350000e+01
    endloop
  endfacet
  facet normal 7.273735e-01 -6.862415e-01 6.360107e-04
    outer loop
      vertex   -5.740058e+00 5.572408e+00 1.350000e+01
      vertex   -6.128356e+00 5.142301e+00 -6.500000e+00
      vertex   -5.489933e+00 5.818989e+00 -6.500000e+00
    endloop
  endfacet
  facet normal 6.749829e-01 -7.378331e-01 -6.552750e-04
    outer loop
      vertex   -5.740058e+00 5.572408e+00 1.350000e+01
      vertex   -5.489933e+00 5.818989e+00 -6.500000e+00
      vertex   -5.040703e+00 6.212191e+00 1.350000e+01
    endloop
  endfacet
  facet normal 6.427875e-01 -7.660443e-01 6.225161e-04
    outer loop
      vertex   -5.040703e+00 6.212191e+00 1.350000e+01
      vertex   -5.489933e+00 5.818989e+00 -6.500000e+00
      vertex   -4.777269e+00 6.416986e+00 -6.500000e+00
    endloop
  endfacet
  facet normal 5.829794e-01 -8.124867e-01 -6.408165e-04
    outer loop
      vertex   -5.040703e+00 6.212191e+00 1.350000e+01
      vertex   -4.777269e+00 6.416986e+00 -6.500000e+00
      vertex   -4.270587e+00 6.764768e+00 1.350000e+01
    endloop
  endfacet
  facet normal 5.495089e-01 -8.354877e-01 6.070939e-04
    outer loop
      vertex   -4.270587e+00 6.764768e+00 1.350000e+01
      vertex   -4.777269e+00 6.416986e+00 -6.500000e+00
      vertex   -4.000000e+00 6.928203e+00 -6.500000e+00
    endloop
  endfacet
  facet normal 4.827921e-01 -8.757348e-01 -6.244305e-04
    outer loop
      vertex   -4.270587e+00 6.764768e+00 1.350000e+01
      vertex   -4.000000e+00 6.928203e+00 -6.500000e+00
      vertex   -3.440522e+00 7.222383e+00 1.350000e+01
    endloop
  endfacet
  facet normal 4.487991e-01 -8.936325e-01 5.897441e-04
    outer loop
      vertex   -3.440522e+00 7.222383e+00 1.350000e+01
      vertex   -4.000000e+00 6.928203e+00 -6.500000e+00
      vertex   -3.168638e+00 7.345729e+00 -6.500000e+00
    endloop
  endfacet
  facet normal 3.758275e-01 -9.266894e-01 -6.061169e-04
    outer loop
      vertex   -3.440522e+00 7.222383e+00 1.350000e+01
      vertex   -3.168638e+00 7.345729e+00 -6.500000e+00
      vertex   -2.562159e+00 7.578611e+00 1.350000e+01
    endloop
  endfacet
  facet normal 3.420201e-01 -9.396925e-01 5.704668e-04
    outer loop
      vertex   -2.562159e+00 7.578611e+00 1.350000e+01
      vertex   -3.168638e+00 7.345729e+00 -6.500000e+00
      vertex   -2.294426e+00 7.663916e+00 -6.500000e+00
    endloop
  endfacet
  facet normal 2.635871e-01 -9.646354e-01 -5.858760e-04
    outer loop
      vertex   -2.562159e+00 7.578611e+00 1.350000e+01
      vertex   -2.294426e+00 7.663916e+00 -6.500000e+00
      vertex   -1.647829e+00 7.828452e+00 1.350000e+01
    endloop
  endfacet
  facet normal 2.306158e-01 -9.730447e-01 5.492622e-04
    outer loop
      vertex   -1.647829e+00 7.828452e+00 1.350000e+01
      vertex   -2.294426e+00 7.663916e+00 -6.500000e+00
      vertex   -1.389185e+00 7.878462e+00 -6.500000e+00
    endloop
  endfacet
  facet normal 1.476465e-01 -9.890400e-01 -5.637077e-04
    outer loop
      vertex   -1.647829e+00 7.828452e+00 1.350000e+01
      vertex   -1.389185e+00 7.878462e+00 -6.500000e+00
      vertex   -7.103672e-01 7.968399e+00 1.350000e+01
    endloop
  endfacet
  facet normal 1.160929e-01 -9.932382e-01 5.261303e-04
    outer loop
      vertex   -7.103672e-01 7.968399e+00 1.350000e+01
      vertex   -1.389185e+00 7.878462e+00 -6.500000e+00
      vertex   -4.651586e-01 7.986465e+00 -6.500000e+00
    endloop
  endfacet
  facet normal 2.963332e-02 -9.995607e-01 -5.396122e-04
    outer loop
      vertex   -7.103672e-01 7.968399e+00 1.350000e+01
      vertex   -4.651586e-01 7.986465e+00 -6.500000e+00
      vertex   2.370666e-01 7.996487e+00 1.350000e+01
    endloop
  endfacet
  facet normal 0.000000e+00 -9.999999e-01 5.010712e-04
    outer loop
      vertex   2.370666e-01 7.996487e+00 1.350000e+01
      vertex   -4.651586e-01 7.986465e+00 -6.500000e+00
      vertex   4.651586e-01 7.986465e+00 -6.500000e+00
    endloop
  endfacet
  facet normal -8.879588e-02 -9.960497e-01 -5.135897e-04
    outer loop
      vertex   2.370666e-01 7.996487e+00 1.350000e+01
      vertex   4.651586e-01 7.986465e+00 -6.500000e+00
      vertex   1.181173e+00 7.912321e+00 1.350000e+01
    endloop
  endfacet
  facet normal -1.160929e-01 -9.932382e-01 4.740851e-04
    outer loop
      vertex   1.181173e+00 7.912321e+00 1.350000e+01
      vertex   4.651586e-01 7.986465e+00 -6.500000e+00
      vertex   1.389185e+00 7.878462e+00 -6.500000e+00
    endloop
  endfacet
  facet normal -2.059786e-01 -9.785564e-01 -4.856401e-04
    outer loop
      vertex   1.181173e+00 7.912321e+00 1.350000e+01
      vertex   1.389185e+00 7.878462e+00 -6.500000e+00
      vertex   2.108697e+00 7.717085e+00 1.350000e+01
    endloop
  endfacet
  facet normal -2.306158e-01 -9.730448e-01 4.451722e-04
    outer loop
      vertex   2.108697e+00 7.717085e+00 1.350000e+01
      vertex   1.389185e+00 7.878462e+00 -6.500000e+00
      vertex   2.294426e+00 7.663916e+00 -6.500000e+00
    endloop
  endfacet
  facet normal -3.202698e-01 -9.473263e-01 -4.557637e-04
    outer loop
      vertex   2.108697e+00 7.717085e+00 1.350000e+01
      vertex   2.294426e+00 7.663916e+00 -6.500000e+00
      vertex   3.006621e+00 7.413517e+00 1.350000e+01
    endloop
  endfacet
  facet normal -3.420201e-01 -9.396925e-01 4.143324e-04
    outer loop
      vertex   3.006621e+00 7.413517e+00 1.350000e+01
      vertex   2.294426e+00 7.663916e+00 -6.500000e+00
      vertex   3.168638e+00 7.345729e+00 -6.500000e+00
    endloop
  endfacet
  facet normal -4.300652e-01 -9.027977e-01 -4.239606e-04
    outer loop
      vertex   3.006621e+00 7.413517e+00 1.350000e+01
      vertex   3.168638e+00 7.345729e+00 -6.500000e+00
      vertex   3.862338e+00 7.005880e+00 1.350000e+01
    endloop
  endfacet
  facet normal -4.487991e-01 -8.936326e-01 3.815660e-04
    outer loop
      vertex   3.862338e+00 7.005880e+00 1.350000e+01
      vertex   3.168638e+00 7.345729e+00 -6.500000e+00
      vertex   4.000000e+00 6.928203e+00 -6.500000e+00
    endloop
  endfacet
  facet normal -5.338233e-01 -8.455959e-01 -3.902310e-04
    outer loop
      vertex   3.862338e+00 7.005880e+00 1.350000e+01
      vertex   4.000000e+00 6.928203e+00 -6.500000e+00
      vertex   4.663836e+00 6.499895e+00 1.350000e+01
    endloop
  endfacet
  facet normal -5.495089e-01 -8.354878e-01 3.468732e-04
    outer loop
      vertex   4.663836e+00 6.499895e+00 1.350000e+01
      vertex   4.000000e+00 6.928203e+00 -6.500000e+00
      vertex   4.777269e+00 6.416986e+00 -6.500000e+00
    endloop
  endfacet
  facet normal -6.300878e-01 -7.765238e-01 -3.545750e-04
    outer loop
      vertex   4.663836e+00 6.499895e+00 1.350000e+01
      vertex   4.777269e+00 6.416986e+00 -6.500000e+00
      vertex   5.399864e+00 5.902666e+00 1.350000e+01
    endloop
  endfacet
  facet normal -6.427876e-01 -7.660444e-01 3.102541e-04
    outer loop
      vertex   5.399864e+00 5.902666e+00 1.350000e+01
      vertex   4.777269e+00 6.416986e+00 -6.500000e+00
      vertex   5.489933e+00 5.818989e+00 -6.500000e+00
    endloop
  endfacet
  facet normal -7.175072e-01 -6.965510e-01 -3.169928e-04
    outer loop
      vertex   5.399864e+00 5.902666e+00 1.350000e+01
      vertex   5.489933e+00 5.818989e+00 -6.500000e+00
      vertex   6.060090e+00 5.222577e+00 1.350000e+01
    endloop
  endfacet
  facet normal -7.273736e-01 -6.862416e-01 2.717088e-04
    outer loop
      vertex   6.060090e+00 5.222577e+00 1.350000e+01
      vertex   5.489933e+00 5.818989e+00 -6.500000e+00
      vertex   6.128356e+00 5.142301e+00 -6.500000e+00
    endloop
  endfacet
  facet normal -7.948544e-01 -6.068001e-01 -2.774846e-04
    outer loop
      vertex   6.060090e+00 5.222577e+00 1.350000e+01
      vertex   6.128356e+00 5.142301e+00 -6.500000e+00
      vertex   6.635245e+00 4.469174e+00 1.350000e+01
    endloop
  endfacet
  facet normal -8.021232e-01 -5.971586e-01 2.312377e-04
    outer loop
      vertex   6.635245e+00 4.469174e+00 1.350000e+01
      vertex   6.128356e+00 5.142301e+00 -6.500000e+00
      vertex   6.683902e+00 4.396072e+00 -6.500000e+00
    endloop
  endfacet
  facet normal -8.610436e-01 -5.085311e-01 -2.360505e-04
    outer loop
      vertex   6.635245e+00 4.469174e+00 1.350000e+01
      vertex   6.683902e+00 4.396072e+00 -6.500000e+00
      vertex   7.117257e+00 3.653034e+00 1.350000e+01
    endloop
  endfacet
  facet normal -8.660254e-01 -5.000000e-01 1.888408e-04
    outer loop
      vertex   7.117257e+00 3.653034e+00 1.350000e+01
      vertex   6.683902e+00 4.396072e+00 -6.500000e+00
      vertex   7.149061e+00 3.590393e+00 -6.500000e+00
    endloop
  endfacet
  facet normal -9.151456e-01 -4.031234e-01 -1.926908e-04
    outer loop
      vertex   7.117257e+00 3.653034e+00 1.350000e+01
      vertex   7.149061e+00 3.590393e+00 -6.500000e+00
      vertex   7.499357e+00 2.785613e+00 1.350000e+01
    endloop
  endfacet
  facet normal -9.182161e-01 -3.960798e-01 1.445183e-04
    outer loop
      vertex   7.499357e+00 2.785613e+00 1.350000e+01
      vertex   7.149061e+00 3.590393e+00 -6.500000e+00
      vertex   7.517541e+00 2.736161e+00 -6.500000e+00
    endloop
  endfacet
  facet normal -9.564010e-01 -2.920568e-01 -1.474057e-04
    outer loop
      vertex   7.499357e+00 2.785613e+00 1.350000e+01
      vertex   7.517541e+00 2.736161e+00 -6.500000e+00
      vertex   7.776183e+00 1.879088e+00 1.350000e+01
    endloop
  endfacet
  facet normal -9.579895e-01 -2.868032e-01 9.827056e-05
    outer loop
      vertex   7.776183e+00 1.879088e+00 1.350000e+01
      vertex   7.517541e+00 2.736161e+00 -6.500000e+00
      vertex   7.784359e+00 1.844927e+00 -6.500000e+00
    endloop
  endfacet
  facet normal -9.842306e-01 -1.768903e-01 -1.001954e-04
    outer loop
      vertex   7.776183e+00 1.879088e+00 1.350000e+01
      vertex   7.784359e+00 1.844927e+00 -6.500000e+00
      vertex   7.943849e+00 9.461854e-01 1.350000e+01
    endloop
  endfacet
  facet normal -9.848078e-01 -1.736482e-01 5.009771e-05
    outer loop
      vertex   7.943849e+00 9.461854e-01 1.350000e+01
      vertex   7.784359e+00 1.844927e+00 -6.500000e+00
      vertex   7.945907e+00 9.287433e-01 -6.500000e+00
    endloop
  endfacet
  facet normal -9.982437e-01 -5.924063e-02 -5.106005e-05
    outer loop
      vertex   7.943849e+00 9.461854e-01 1.350000e+01
      vertex   7.945907e+00 9.287433e-01 -6.500000e+00
      vertex   8.000000e+00 9.797174e-16 1.350000e+01
    endloop
  endfacet
  facet normal -9.983082e-01 5.814483e-02 -7.357424e-20
    outer loop
      vertex   7.945907e+00 -9.287433e-01 3.350000e+01
      vertex   8.000000e+00 9.797174e-16 3.350000e+01
      vertex   8.000000e+00 9.797174e-16 1.350000e+01
    endloop
  endfacet
  facet normal -9.983082e-01 -5.814483e-02 0.000000e+00
    outer loop
      vertex   8.000000e+00 9.797174e-16 1.350000e+01
      vertex   8.000000e+00 9.797174e-16 3.350000e+01
      vertex   7.945907e+00 9.287433e-01 3.350000e+01
    endloop
  endfacet
  facet normal -9.982437e-01 -5.924063e-02 5.106005e-05
    outer loop
      vertex   8.000000e+00 9.797174e-16 1.350000e+01
      vertex   7.945907e+00 9.287433e-01 3.350000e+01
      vertex   7.943849e+00 9.461854e-01 1.350000e+01
    endloop
  endfacet
  facet normal -9.848078e-01 -1.736482e-01 -5.009771e-05
    outer loop
      vertex   7.943849e+00 9.461854e-01 1.350000e+01
      vertex   7.945907e+00 9.287433e-01 3.350000e+01
      vertex   7.784359e+00 1.844927e+00 3.350000e+01
    endloop
  endfacet
  facet normal -9.842306e-01 -1.768903e-01 1.001954e-04
    outer loop
      vertex   7.943849e+00 9.461854e-01 1.350000e+01
      vertex   7.784359e+00 1.844927e+00 3.350000e+01
      vertex   7.776183e+00 1.879088e+00 1.350000e+01
    endloop
  endfacet
  facet normal -9.579895e-01 -2.868032e-01 -9.827056e-05
    outer loop
      vertex   7.776183e+00 1.879088e+00 1.350000e+01
      vertex   7.784359e+00 1.844927e+00 3.350000e+01
      vertex   7.517541e+00 2.736161e+00 3.350000e+01
    endloop
  endfacet
  facet normal -9.564010e-01 -2.920568e-01 1.474057e-04
    outer loop
      vertex   7.776183e+00 1.879088e+00 1.350000e+01
      vertex   7.517541e+00 2.736161e+00 3.350000e+01
      vertex   7.499357e+00 2.785613e+00 1.350000e+01
    endloop
  endfacet
  facet normal -9.182161e-01 -3.960798e-01 -1.445183e-04
    outer loop
      vertex   7.499357e+00 2.785613e+00 1.350000e+01
      vertex   7.517541e+00 2.736161e+00 3.350000e+01
      vertex   7.149061e+00 3.590393e+00 3.350000e+01
    endloop
  endfacet
  facet normal -9.151456e-01 -4.031234e-01 1.926908e-04
    outer loop
      vertex   7.499357e+00 2.785613e+00 1.350000e+01
      vertex   7.149061e+00 3.590393e+00 3.350000e+01
      vertex   7.117257e+00 3.653034e+00 1.350000e+01
    endloop
  endfacet
  facet normal -8.660254e-01 -5.000000e-01 -1.888408e-04
    outer loop
      vertex   7.117257e+00 3.653034e+00 1.350000e+01
      vertex   7.149061e+00 3.590393e+00 3.350000e+01
      vertex   6.683902e+00 4.396072e+00 3.350000e+01
    endloop
  endfacet
  facet normal -8.610436e-01 -5.085311e-01 2.360505e-04
    outer loop
      vertex   7.117257e+00 3.653034e+00 1.350000e+01
      vertex   6.683902e+00 4.396072e+00 3.350000e+01
      vertex   6.635245e+00 4.469174e+00 1.350000e+01
    endloop
  endfacet
  facet normal -8.021232e-01 -5.971586e-01 -2.312377e-04
    outer loop
      vertex   6.635245e+00 4.469174e+00 1.350000e+01
      vertex   6.683902e+00 4.396072e+00 3.350000e+01
      vertex   6.128356e+00 5.142301e+00 3.350000e+01
    endloop
  endfacet
  facet normal -7.948544e-01 -6.068001e-01 2.774846e-04
    outer loop
      vertex   6.635245e+00 4.469174e+00 1.350000e+01
      vertex   6.128356e+00 5.142301e+00 3.350000e+01
      vertex   6.060090e+00 5.222577e+00 1.350000e+01
    endloop
  endfacet
  facet normal -7.273736e-01 -6.862416e-01 -2.717088e-04
    outer loop
      vertex   6.060090e+00 5.222577e+00 1.350000e+01
      vertex   6.128356e+00 5.142301e+00 3.350000e+01
      vertex   5.489933e+00 5.818989e+00 3.350000e+01
    endloop
  endfacet
  facet normal -7.175072e-01 -6.965510e-01 3.169928e-04
    outer loop
      vertex   6.060090e+00 5.222577e+00 1.350000e+01
      vertex   5.489933e+00 5.818989e+00 3.350000e+01
      vertex   5.399864e+00 5.902666e+00 1.350000e+01
    endloop
  endfacet
  facet normal -6.427876e-01 -7.660444e-01 -3.102541e-04
    outer loop
      vertex   5.399864e+00 5.902666e+00 1.350000e+01
      vertex   5.489933e+00 5.818989e+00 3.350000e+01
      vertex   4.777269e+00 6.416986e+00 3.350000e+01
    endloop
  endfacet
  facet normal -6.300878e-01 -7.765238e-01 3.545750e-04
    outer loop
      vertex   5.399864e+00 5.902666e+00 1.350000e+01
      vertex   4.777269e+00 6.416986e+00 3.350000e+01
      vertex   4.663836e+00 6.499895e+00 1.350000e+01
    endloop
  endfacet
  facet normal -5.495089e-01 -8.354878e-01 -3.468732e-04
    outer loop
      vertex   4.663836e+00 6.499895e+00 1.350000e+01
      vertex   4.777269e+00 6.416986e+00 3.350000e+01
      vertex   4.000000e+00 6.928203e+00 3.350000e+01
    endloop
  endfacet
  facet normal -5.338233e-01 -8.455959e-01 3.902310e-04
    outer loop
      vertex   4.663836e+00 6.499895e+00 1.350000e+01
      vertex   4.000000e+00 6.928203e+00 3.350000e+01
      vertex   3.862338e+00 7.005880e+00 1.350000e+01
    endloop
  endfacet
  facet normal -4.487991e-01 -8.936326e-01 -3.815660e-04
    outer loop
      vertex   3.862338e+00 7.005880e+00 1.350000e+01
      vertex   4.000000e+00 6.928203e+00 3.350000e+01
      vertex   3.168638e+00 7.345729e+00 3.350000e+01
    endloop
  endfacet
  facet normal -4.300652e-01 -9.027977e-01 4.239606e-04
    outer loop
      vertex   3.862338e+00 7.005880e+00 1.350000e+01
      vertex   3.168638e+00 7.345729e+00 3.350000e+01
      vertex   3.006621e+00 7.413517e+00 1.350000e+01
    endloop
  endfacet
  facet normal -3.420201e-01 -9.396925e-01 -4.143324e-04
    outer loop
      vertex   3.006621e+00 7.413517e+00 1.350000e+01
      vertex   3.168638e+00 7.345729e+00 3.350000e+01
      vertex   2.294426e+00 7.663916e+00 3.350000e+01
    endloop
  endfacet
  facet normal -3.202698e-01 -9.473263e-01 4.557637e-04
    outer loop
      vertex   3.006621e+00 7.413517e+00 1.350000e+01
      vertex   2.294426e+00 7.663916e+00 3.350000e+01
      vertex   2.108697e+00 7.717085e+00 1.350000e+01
    endloop
  endfacet
  facet normal -2.306158e-01 -9.730448e-01 -4.451722e-04
    outer loop
      vertex   2.108697e+00 7.717085e+00 1.350000e+01
      vertex   2.294426e+00 7.663916e+00 3.350000e+01
      vertex   1.389185e+00 7.878462e+00 3.350000e+01
    endloop
  endfacet
  facet normal -2.059786e-01 -9.785564e-01 4.856401e-04
    outer loop
      vertex   2.108697e+00 7.717085e+00 1.350000e+01
      vertex   1.389185e+00 7.878462e+00 3.350000e+01
      vertex   1.181173e+00 7.912321e+00 1.350000e+01
    endloop
  endfacet
  facet normal -1.160929e-01 -9.932382e-01 -4.740851e-04
    outer loop
      vertex   1.181173e+00 7.912321e+00 1.350000e+01
      vertex   1.389185e+00 7.878462e+00 3.350000e+01
      vertex   4.651586e-01 7.986465e+00 3.350000e+01
    endloop
  endfacet
  facet normal -8.879588e-02 -9.960497e-01 5.135897e-04
    outer loop
      vertex   1.181173e+00 7.912321e+00 1.350000e+01
      vertex   4.651586e-01 7.986465e+00 3.350000e+01
      vertex   2.370666e-01 7.996487e+00 1.350000e+01
    endloop
  endfacet
  facet normal 0.000000e+00 -9.999999e-01 -5.010712e-04
    outer loop
      vertex   2.370666e-01 7.996487e+00 1.350000e+01
      vertex   4.651586e-01 7.986465e+00 3.350000e+01
      vertex   -4.651586e-01 7.986465e+00 3.350000e+01
    endloop
  endfacet
  facet normal 2.963332e-02 -9.995607e-01 5.396122e-04
    outer loop
      vertex   2.370666e-01 7.996487e+00 1.350000e+01
      vertex   -4.651586e-01 7.986465e+00 3.350000e+01
      vertex   -7.103672e-01 7.968399e+00 1.350000e+01
    endloop
  endfacet
  facet normal 1.160929e-01 -9.932382e-01 -5.261303e-04
    outer loop
      vertex   -7.103672e-01 7.968399e+00 1.350000e+01
      vertex   -4.651586e-01 7.986465e+00 3.350000e+01
      vertex   -1.389185e+00 7.878462e+00 3.350000e+01
    endloop
  endfacet
  facet normal 1.476465e-01 -9.890400e-01 5.637077e-04
    outer loop
      vertex   -7.103672e-01 7.968399e+00 1.350000e+01
      vertex   -1.389185e+00 7.878462e+00 3.350000e+01
      vertex   -1.647829e+00 7.828452e+00 1.350000e+01
    endloop
  endfacet
  facet normal 2.306158e-01 -9.730447e-01 -5.492622e-04
    outer loop
      vertex   -1.647829e+00 7.828452e+00 1.350000e+01
      vertex   -1.389185e+00 7.878462e+00 3.350000e+01
      vertex   -2.294426e+00 7.663916e+00 3.350000e+01
    endloop
  endfacet
  facet normal 2.635871e-01 -9.646354e-01 5.858760e-04
    outer loop
      vertex   -1.647829e+00 7.828452e+00 1.350000e+01
      vertex   -2.294426e+00 7.663916e+00 3.350000e+01
      vertex   -2.562159e+00 7.578611e+00 1.350000e+01
    endloop
  endfacet
  facet normal 3.420201e-01 -9.396925e-01 -5.704668e-04
    outer loop
      vertex   -2.562159e+00 7.578611e+00 1.350000e+01
      vertex   -2.294426e+00 7.663916e+00 3.350000e+01
      vertex   -3.168638e+00 7.345729e+00 3.350000e+01
    endloop
  endfacet
  facet normal 3.758275e-01 -9.266894e-01 6.061169e-04
    outer loop
      vertex   -2.562159e+00 7.578611e+00 1.350000e+01
      vertex   -3.168638e+00 7.345729e+00 3.350000e+01
      vertex   -3.440522e+00 7.222383e+00 1.350000e+01
    endloop
  endfacet
  facet normal 4.487991e-01 -8.936325e-01 -5.897441e-04
    outer loop
      vertex   -3.440522e+00 7.222383e+00 1.350000e+01
      vertex   -3.168638e+00 7.345729e+00 3.350000e+01
      vertex   -4.000000e+00 6.928203e+00 3.350000e+01
    endloop
  endfacet
  facet normal 4.827921e-01 -8.757348e-01 6.244305e-04
    outer loop
      vertex   -3.440522e+00 7.222383e+00 1.350000e+01
      vertex   -4.000000e+00 6.928203e+00 3.350000e+01
      vertex   -4.270587e+00 6.764768e+00 1.350000e+01
    endloop
  endfacet
  facet normal 5.495089e-01 -8.354877e-01 -6.070939e-04
    outer loop
      vertex   -4.270587e+00 6.764768e+00 1.350000e+01
      vertex   -4.000000e+00 6.928203e+00 3.350000e+01
      vertex   -4.777269e+00 6.416986e+00 3.350000e+01
    endloop
  endfacet
  facet normal 5.829794e-01 -8.124867e-01 6.408165e-04
    outer loop
      vertex   -4.270587e+00 6.764768e+00 1.350000e+01
      vertex   -4.777269e+00 6.416986e+00 3.350000e+01
      vertex   -5.040703e+00 6.212191e+00 1.350000e+01
    endloop
  endfacet
  facet normal 6.427875e-01 -7.660443e-01 -6.225161e-04
    outer loop
      vertex   -5.040703e+00 6.212191e+00 1.350000e+01
      vertex   -4.777269e+00 6.416986e+00 3.350000e+01
      vertex   -5.489933e+00 5.818989e+00 3.350000e+01
    endloop
  endfacet
  facet normal 6.749829e-01 -7.378331e-01 6.552750e-04
    outer loop
      vertex   -5.040703e+00 6.212191e+00 1.350000e+01
      vertex   -5.489933e+00 5.818989e+00 3.350000e+01
      vertex   -5.740058e+00 5.572408e+00 1.350000e+01
    endloop
  endfacet
  facet normal 7.273735e-01 -6.862415e-01 -6.360107e-04
    outer loop
      vertex   -5.740058e+00 5.572408e+00 1.350000e+01
      vertex   -5.489933e+00 5.818989e+00 3.350000e+01
      vertex   -6.128356e+00 5.142301e+00 3.350000e+01
    endloop
  endfacet
  facet normal 7.575111e-01 -6.528220e-01 6.678058e-04
    outer loop
      vertex   -5.740058e+00 5.572408e+00 1.350000e+01
      vertex   -6.128356e+00 5.142301e+00 3.350000e+01
      vertex   -6.358836e+00 4.854401e+00 1.350000e+01
    endloop
  endfacet
  facet normal 8.021230e-01 -5.971585e-01 -6.475777e-04
    outer loop
      vertex   -6.358836e+00 4.854401e+00 1.350000e+01
      vertex   -6.128356e+00 5.142301e+00 3.350000e+01
      vertex   -6.683902e+00 4.396072e+00 3.350000e+01
    endloop
  endfacet
  facet normal 8.294055e-01 -5.586466e-01 6.784089e-04
    outer loop
      vertex   -6.358836e+00 4.854401e+00 1.350000e+01
      vertex   -6.683902e+00 4.396072e+00 3.350000e+01
      vertex   -6.888349e+00 4.068249e+00 1.350000e+01
    endloop
  endfacet
  facet normal 8.660252e-01 -4.999999e-01 -6.572169e-04
    outer loop
      vertex   -6.888349e+00 4.068249e+00 1.350000e+01
      vertex   -6.683902e+00 4.396072e+00 3.350000e+01
      vertex   -7.149061e+00 3.590393e+00 3.350000e+01
    endloop
  endfacet
  facet normal 8.896569e-01 -4.566291e-01 6.870842e-04
    outer loop
      vertex   -6.888349e+00 4.068249e+00 1.350000e+01
      vertex   -7.149061e+00 3.590393e+00 3.350000e+01
      vertex   -7.321165e+00 3.224987e+00 1.350000e+01
    endloop
  endfacet
  facet normal 9.182159e-01 -3.960797e-01 -6.649283e-04
    outer loop
      vertex   -7.321165e+00 3.224987e+00 1.350000e+01
      vertex   -7.149061e+00 3.590393e+00 3.350000e+01
      vertex   -7.517541e+00 2.736161e+00 3.350000e+01
    endloop
  endfacet
  facet normal 9.374194e-01 -3.482016e-01 6.938317e-04
    outer loop
      vertex   -7.321165e+00 3.224987e+00 1.350000e+01
      vertex   -7.517541e+00 2.736161e+00 3.350000e+01
      vertex   -7.651208e+00 2.336454e+00 1.350000e+01
    endloop
  endfacet
  facet normal 9.579893e-01 -2.868032e-01 -6.707119e-04
    outer loop
      vertex   -7.651208e+00 2.336454e+00 1.350000e+01
      vertex   -7.517541e+00 2.736161e+00 3.350000e+01
      vertex   -7.784359e+00 1.844927e+00 3.350000e+01
    endloop
  endfacet
  facet normal 9.720227e-01 -2.348860e-01 6.986514e-04
    outer loop
      vertex   -7.651208e+00 2.336454e+00 1.350000e+01
      vertex   -7.784359e+00 1.844927e+00 3.350000e+01
      vertex   -7.873845e+00 1.415122e+00 1.350000e+01
    endloop
  endfacet
  facet normal 9.848075e-01 -1.736481e-01 -6.745677e-04
    outer loop
      vertex   -7.873845e+00 1.415122e+00 1.350000e+01
      vertex   -7.784359e+00 1.844927e+00 3.350000e+01
      vertex   -7.945907e+00 9.287433e-01 3.350000e+01
    endloop
  endfacet
  facet normal 9.929809e-01 -1.182731e-01 7.015432e-04
    outer loop
      vertex   -7.873845e+00 1.415122e+00 1.350000e+01
      vertex   -7.945907e+00 9.287433e-01 3.350000e+01
      vertex   -7.985950e+00 4.739250e-01 1.350000e+01
    endloop
  endfacet
  facet normal 9.983079e-01 -5.814482e-02 -6.764956e-04
    outer loop
      vertex   -7.985950e+00 4.739250e-01 1.350000e+01
      vertex   -7.945907e+00 9.287433e-01 3.350000e+01
      vertex   -8.000000e+00 0.000000e+00 3.350000e+01
    endloop
  endfacet
  facet normal 9.999998e-01 -1.874090e-15 7.025071e-04
    outer loop
      vertex   -7.985950e+00 4.739250e-01 1.350000e+01
      vertex   -8.000000e+00 0.000000e+00 3.350000e+01
      vertex   -7.985950e+00 -4.739250e-01 1.350000e+01
    endloop
  endfacet
  facet normal 9.983079e-01 5.814482e-02 -6.764956e-04
    outer loop
      vertex   -7.985950e+00 -4.739250e-01 1.350000e+01
      vertex   -8.000000e+00 0.000000e+00 3.350000e+01
      vertex   -7.945907e+00 -9.287433e-01 3.350000e+01
    endloop
  endfacet
  facet normal 9.929809e-01 1.182731e-01 7.015432e-04
    outer loop
      vertex   -7.985950e+00 -4.739250e-01 1.350000e+01
      vertex   -7.945907e+00 -9.287433e-01 3.350000e+01
      vertex   -7.873845e+00 -1.415122e+00 1.350000e+01
    endloop
  endfacet
  facet normal 9.848075e-01 1.736481e-01 -6.745677e-04
    outer loop
      vertex   -7.873845e+00 -1.415122e+00 1.350000e+01
      vertex   -7.945907e+00 -9.287433e-01 3.350000e+01
      vertex   -7.784359e+00 -1.844927e+00 3.350000e+01
    endloop
  endfacet
  facet normal 9.720227e-01 2.348860e-01 6.986514e-04
    outer loop
      vertex   -7.873845e+00 -1.415122e+00 1.350000e+01
      vertex   -7.784359e+00 -1.844927e+00 3.350000e+01
      vertex   -7.651208e+00 -2.336454e+00 1.350000e+01
    endloop
  endfacet
  facet normal 9.579893e-01 2.868032e-01 -6.707119e-04
    outer loop
      vertex   -7.651208e+00 -2.336454e+00 1.350000e+01
      vertex   -7.784359e+00 -1.844927e+00 3.350000e+01
      vertex   -7.517541e+00 -2.736161e+00 3.350000e+01
    endloop
  endfacet
  facet normal 9.374194e-01 3.482016e-01 6.938317e-04
    outer loop
      vertex   -7.651208e+00 -2.336454e+00 1.350000e+01
      vertex   -7.517541e+00 -2.736161e+00 3.350000e+01
      vertex   -7.321165e+00 -3.224987e+00 1.350000e+01
    endloop
  endfacet
  facet normal 9.182159e-01 3.960797e-01 -6.649283e-04
    outer loop
      vertex   -7.321165e+00 -3.224987e+00 1.350000e+01
      vertex   -7.517541e+00 -2.736161e+00 3.350000e+01
      vertex   -7.149061e+00 -3.590393e+00 3.350000e+01
    endloop
  endfacet
  facet normal 8.896569e-01 4.566291e-01 6.870842e-04
    outer loop
      vertex   -7.321165e+00 -3.224987e+00 1.350000e+01
      vertex   -7.149061e+00 -3.590393e+00 3.350000e+01
      vertex   -6.888349e+00 -4.068249e+00 1.350000e+01
    endloop
  endfacet
  facet normal 8.660252e-01 4.999999e-01 -6.572169e-04
    outer loop
      vertex   -6.888349e+00 -4.068249e+00 1.350000e+01
      vertex   -7.149061e+00 -3.590393e+00 3.350000e+01
      vertex   -6.683902e+00 -4.396072e+00 3.350000e+01
    endloop
  endfacet
  facet normal 8.294055e-01 5.586466e-01 6.784089e-04
    outer loop
      vertex   -6.888349e+00 -4.068249e+00 1.350000e+01
      vertex   -6.683902e+00 -4.396072e+00 3.350000e+01
      vertex   -6.358836e+00 -4.854401e+00 1.350000e+01
    endloop
  endfacet
  facet normal 8.021230e-01 5.971585e-01 -6.475777e-04
    outer loop
      vertex   -6.358836e+00 -4.854401e+00 1.350000e+01
      vertex   -6.683902e+00 -4.396072e+00 3.350000e+01
      vertex   -6.128356e+00 -5.142301e+00 3.350000e+01
    endloop
  endfacet
  facet normal 7.575111e-01 6.528220e-01 6.678058e-04
    outer loop
      vertex   -6.358836e+00 -4.854401e+00 1.350000e+01
      vertex   -6.128356e+00 -5.142301e+00 3.350000e+01
      vertex   -5.740058e+00 -5.572408e+00 1.350000e+01
    endloop
  endfacet
  facet normal 7.273735e-01 6.862415e-01 -6.360107e-04
    outer loop
      vertex   -5.740058e+00 -5.572408e+00 1.350000e+01
      vertex   -6.128356e+00 -5.142301e+00 3.350000e+01
      vertex   -5.489933e+00 -5.818989e+00 3.350000e+01
    endloop
  endfacet
  facet normal 6.749829e-01 7.378331e-01 6.552750e-04
    outer loop
      vertex   -5.740058e+00 -5.572408e+00 1.350000e+01
      vertex   -5.489933e+00 -5.818989e+00 3.350000e+01
      vertex   -5.040703e+00 -6.212191e+00 1.350000e+01
    endloop
  endfacet
  facet normal 6.427875e-01 7.660443e-01 -6.225161e-04
    outer loop
      vertex   -5.040703e+00 -6.212191e+00 1.350000e+01
      vertex   -5.489933e+00 -5.818989e+00 3.350000e+01
      vertex   -4.777269e+00 -6.416986e+00 3.350000e+01
    endloop
  endfacet
  facet normal 5.829794e-01 8.124867e-01 6.408165e-04
    outer loop
      vertex   -5.040703e+00 -6.212191e+00 1.350000e+01
      vertex   -4.777269e+00 -6.416986e+00 3.350000e+01
      vertex   -4.270587e+00 -6.764768e+00 1.350000e+01
    endloop
  endfacet
  facet normal 5.495089e-01 8.354877e-01 -6.070939e-04
    outer loop
      vertex   -4.270587e+00 -6.764768e+00 1.350000e+01
      vertex   -4.777269e+00 -6.416986e+00 3.350000e+01
      vertex   -4.000000e+00 -6.928203e+00 3.350000e+01
    endloop
  endfacet
  facet normal 4.827921e-01 8.757348e-01 6.244305e-04
    outer loop
      vertex   -4.270587e+00 -6.764768e+00 1.350000e+01
      vertex   -4.000000e+00 -6.928203e+00 3.350000e+01
      vertex   -3.440522e+00 -7.222383e+00 1.350000e+01
    endloop
  endfacet
  facet normal 4.487991e-01 8.936325e-01 -5.897441e-04
    outer loop
      vertex   -3.440522e+00 -7.222383e+00 1.350000e+01
      vertex   -4.000000e+00 -6.928203e+00 3.350000e+01
      vertex   -3.168638e+00 -7.345729e+00 3.350000e+01
    endloop
  endfacet
  facet normal 3.758275e-01 9.266894e-01 6.061169e-04
    outer loop
      vertex   -3.440522e+00 -7.222383e+00 1.350000e+01
      vertex   -3.168638e+00 -7.345729e+00 3.350000e+01
      vertex   -2.562159e+00 -7.578611e+00 1.350000e+01
    endloop
  endfacet
  facet normal 3.420201e-01 9.396925e-01 -5.704668e-04
    outer loop
      vertex   -2.562159e+00 -7.578611e+00 1.350000e+01
      vertex   -3.168638e+00 -7.345729e+00 3.350000e+01
      vertex   -2.294426e+00 -7.663916e+00 3.350000e+01
    endloop
  endfacet
  facet normal 2.635871e-01 9.646354e-01 5.858760e-04
    outer loop
      vertex   -2.562159e+00 -7.578611e+00 1.350000e+01
      vertex   -2.294426e+00 -7.663916e+00 3.350000e+01
      vertex   -1.647829e+00 -7.828452e+00 1.350000e+01
    endloop
  endfacet
  facet normal 2.306158e-01 9.730447e-01 -5.492622e-04
    outer loop
      vertex   -1.647829e+00 -7.828452e+00 1.350000e+01
      vertex   -2.294426e+00 -7.663916e+00 3.350000e+01
      vertex   -1.389185e+00 -7.878462e+00 3.350000e+01
    endloop
  endfacet
  facet normal 1.476465e-01 9.890400e-01 5.637077e-04
    outer loop
      vertex   -1.647829e+00 -7.828452e+00 1.350000e+01
      vertex   -1.389185e+00 -7.878462e+00 3.350000e+01
      vertex   -7.103672e-01 -7.968399e+00 1.350000e+01
    endloop
  endfacet
  facet normal 1.160929e-01 9.932382e-01 -5.261303e-04
    outer loop
      vertex   -7.103672e-01 -7.968399e+00 1.350000e+01
      vertex   -1.389185e+00 -7.878462e+00 3.350000e+01
      vertex   -4.651586e-01 -7.986465e+00 3.350000e+01
    endloop
  endfacet
  facet normal 2.963332e-02 9.995607e-01 5.396122e-04
    outer loop
      vertex   -7.103672e-01 -7.968399e+00 1.350000e+01
      vertex   -4.651586e-01 -7.986465e+00 3.350000e+01
      vertex   2.370666e-01 -7.996487e+00 1.350000e+01
    endloop
  endfacet
  facet normal 0.000000e+00 9.999999e-01 -5.010712e-04
    outer loop
      vertex   2.370666e-01 -7.996487e+00 1.350000e+01
      vertex   -4.651586e-01 -7.986465e+00 3.350000e+01
      vertex   4.651586e-01 -7.986465e+00 3.350000e+01
    endloop
  endfacet
  facet normal -8.879588e-02 9.960497e-01 5.135897e-04
    outer loop
      vertex   2.370666e-01 -7.996487e+00 1.350000e+01
      vertex   4.651586e-01 -7.986465e+00 3.350000e+01
      vertex   1.181173e+00 -7.912321e+00 1.350000e+01
    endloop
  endfacet
  facet normal -1.160929e-01 9.932382e-01 -4.740851e-04
    outer loop
      vertex   1.181173e+00 -7.912321e+00 1.350000e+01
      vertex   4.651586e-01 -7.986465e+00 3.350000e+01
      vertex   1.389185e+00 -7.878462e+00 3.350000e+01
    endloop
  endfacet
  facet normal -2.059786e-01 9.785564e-01 4.856401e-04
    outer loop
      vertex   1.181173e+00 -7.912321e+00 1.350000e+01
      vertex   1.389185e+00 -7.878462e+00 3.350000e+01
      vertex   2.108697e+00 -7.717085e+00 1.350000e+01
    endloop
  endfacet
  facet normal -2.306158e-01 9.730448e-01 -4.451722e-04
    outer loop
      vertex   2.108697e+00 -7.717085e+00 1.350000e+01
      vertex   1.389185e+00 -7.878462e+00 3.350000e+01
      vertex   2.294426e+00 -7.663916e+00 3.350000e+01
    endloop
  endfacet
  facet normal -3.202698e-01 9.473263e-01 4.557637e-04
    outer loop
      vertex   2.108697e+00 -7.717085e+00 1.350000e+01
      vertex   2.294426e+00 -7.663916e+00 3.350000e+01
      vertex   3.006621e+00 -7.413517e+00 1.350000e+01
    endloop
  endfacet
  facet normal -3.420201e-01 9.396925e-01 -4.143324e-04
    outer loop
      vertex   3.006621e+00 -7.413517e+00 1.350000e+01
      vertex   2.294426e+00 -7.663916e+00 3.350000e+01
      vertex   3.168638e+00 -7.345729e+00 3.350000e+01
    endloop
  endfacet
  facet normal -4.300652e-01 9.027977e-01 4.239606e-04
    outer loop
      vertex   3.006621e+00 -7.413517e+00 1.350000e+01
      vertex   3.168638e+00 -7.345729e+00 3.350000e+01
      vertex   3.862338e+00 -7.005880e+00 1.350000e+01
    endloop
  endfacet
  facet normal -4.487991e-01 8.936326e-01 -3.815660e-04
    outer loop
      vertex   3.862338e+00 -7.005880e+00 1.350000e+01
      vertex   3.168638e+00 -7.345729e+00 3.350000e+01
      vertex   4.000000e+00 -6.928203e+00 3.350000e+01
    endloop
  endfacet
  facet normal -5.338233e-01 8.455959e-01 3.902310e-04
    outer loop
      vertex   3.862338e+00 -7.005880e+00 1.350000e+01
      vertex   4.000000e+00 -6.928203e+00 3.350000e+01
      vertex   4.663836e+00 -6.499895e+00 1.350000e+01
    endloop
  endfacet
  facet normal -5.495089e-01 8.354878e-01 -3.468732e-04
    outer loop
      vertex   4.663836e+00 -6.499895e+00 1.350000e+01
      vertex   4.000000e+00 -6.928203e+00 3.350000e+01
      vertex   4.777269e+00 -6.416986e+00 3.350000e+01
    endloop
  endfacet
  facet normal -6.300878e-01 7.765238e-01 3.545750e-04
    outer loop
      vertex   4.663836e+00 -6.499895e+00 1.350000e+01
      vertex   4.777269e+00 -6.416986e+00 3.350000e+01
      vertex   5.399864e+00 -5.902666e+00 1.350000e+01
    endloop
  endfacet
  facet normal -6.427876e-01 7.660444e-01 -3.102541e-04
    outer loop
      vertex   5.399864e+00 -5.902666e+00 1.350000e+01
      vertex   4.777269e+00 -6.416986e+00 3.350000e+01
      vertex   5.489933e+00 -5.818989e+00 3.350000e+01
    endloop
  endfacet
  facet normal -7.175072e-01 6.965510e-01 3.169928e-04
    outer loop
      vertex   5.399864e+00 -5.902666e+00 1.350000e+01
      vertex   5.489933e+00 -5.818989e+00 3.350000e+01
      vertex   6.060090e+00 -5.222577e+00 1.350000e+01
    endloop
  endfacet
  facet normal -7.273736e-01 6.862416e-01 -2.717088e-04
    outer loop
      vertex   6.060090e+00 -5.222577e+00 1.350000e+01
      vertex   5.489933e+00 -5.818989e+00 3.350000e+01
      vertex   6.128356e+00 -5.142301e+00 3.350000e+01
    endloop
  endfacet
  facet normal -7.948544e-01 6.068001e-01 2.774846e-04
    outer loop
      vertex   6.060090e+00 -5.222577e+00 1.350000e+01
      vertex   6.128356e+00 -5.142301e+00 3.350000e+01
      vertex   6.635245e+00 -4.469174e+00 1.350000e+01
    endloop
  endfacet
  facet normal -8.021232e-01 5.971586e-01 -2.312377e-04
    outer loop
      vertex   6.635245e+00 -4.469174e+00 1.350000e+01
      vertex   6.128356e+00 -5.142301e+00 3.350000e+01
      vertex   6.683902e+00 -4.396072e+00 3.350000e+01
    endloop
  endfacet
  facet normal -8.610436e-01 5.085311e-01 2.360505e-04
    outer loop
      vertex   6.635245e+00 -4.469174e+00 1.350000e+01
      vertex   6.683902e+00 -4.396072e+00 3.350000e+01
      vertex   7.117257e+00 -3.653034e+00 1.350000e+01
    endloop
  endfacet
  facet normal -8.660254e-01 5.000000e-01 -1.888408e-04
    outer loop
      vertex   7.117257e+00 -3.653034e+00 1.350000e+01
      vertex   6.683902e+00 -4.396072e+00 3.350000e+01
      vertex   7.149061e+00 -3.590393e+00 3.350000e+01
    endloop
  endfacet
  facet normal -9.151456e-01 4.031234e-01 1.926908e-04
    outer loop
      vertex   7.117257e+00 -3.653034e+00 1.350000e+01
      vertex   7.149061e+00 -3.590393e+00 3.350000e+01
      vertex   7.499357e+00 -2.785613e+00 1.350000e+01
    endloop
  endfacet
  facet normal -9.182161e-01 3.960798e-01 -1.445183e-04
    outer loop
      vertex   7.499357e+00 -2.785613e+00 1.350000e+01
      vertex   7.149061e+00 -3.590393e+00 3.350000e+01
      vertex   7.517541e+00 -2.736161e+00 3.350000e+01
    endloop
  endfacet
  facet normal -9.564010e-01 2.920568e-01 1.474057e-04
    outer loop
      vertex   7.499357e+00 -2.785613e+00 1.350000e+01
      vertex   7.517541e+00 -2.736161e+00 3.350000e+01
      vertex   7.776183e+00 -1.879088e+00 1.350000e+01
    endloop
  endfacet
  facet normal -9.579895e-01 2.868032e-01 -9.827056e-05
    outer loop
      vertex   7.776183e+00 -1.879088e+00 1.350000e+01
      vertex   7.517541e+00 -2.736161e+00 3.350000e+01
      vertex   7.784359e+00 -1.844927e+00 3.350000e+01
    endloop
  endfacet
  facet normal -9.842306e-01 1.768903e-01 1.001954e-04
    outer loop
      vertex   7.776183e+00 -1.879088e+00 1.350000e+01
      vertex   7.784359e+00 -1.844927e+00 3.350000e+01
      vertex   7.943849e+00 -9.461854e-01 1.350000e+01
    endloop
  endfacet
  facet normal -9.848078e-01 1.736482e-01 -5.009771e-05
    outer loop
      vertex   7.943849e+00 -9.461854e-01 1.350000e+01
      vertex   7.784359e+00 -1.844927e+00 3.350000e+01
      vertex   7.945907e+00 -9.287433e-01 3.350000e+01
    endloop
  endfacet
  facet normal -9.982437e-01 5.924063e-02 5.106005e-05
    outer loop
      vertex   7.943849e+00 -9.461854e-01 1.350000e+01
      vertex   7.945907e+00 -9.287433e-01 3.350000e+01
      vertex   8.000000e+00 9.797174e-16 1.350000e+01
    endloop
  endfacet
  facet normal 0.000000e+00 0.000000e+00 1.000000e+00
    outer loop
      vertex   7.945907e+00 9.287433e-01 -6.500000e+00
      vertex   -7.945907e+00 9.287433e-01 -6.500000e+00
      vertex   8.000000e+00 9.797174e-16 -6.500000e+00
    endloop
  endfacet
  facet normal 0.000000e+00 0.000000e+00 1.000000e+00
    outer loop
      vertex   8.000000e+00 9.797174e-16 -6.500000e+00
      vertex   -7.945907e+00 9.287433e-01 -6.500000e+00
      vertex   -8.000000e+00 0.000000e+00 -6.500000e+00
    endloop
  endfacet
  facet normal 0.000000e+00 0.000000e+00 1.000000e+00
    outer loop
      vertex   8.000000e+00 9.797174e-16 -6.500000e+00
      vertex   -8.000000e+00 0.000000e+00 -6.500000e+00
      vertex   7.945907e+00 -9.287433e-01 -6.500000e+00
    endloop
  endfacet
  facet normal 0.000000e+00 0.000000e+00 1.000000e+00
    outer loop
      vertex   7.945907e+00 -9.287433e-01 -6.500000e+00
      vertex   -8.000000e+00 0.000000e+00 -6.500000e+00
      vertex   -7.945907e+00 -9.287433e-01 -6.500000e+00
    endloop
  endfacet
  facet normal 0.000000e+00 0.000000e+00 1.000000e+00
    outer loop
      vertex   7.945907e+00 -9.287433e-01 -6.500000e+00
      vertex   -7.945907e+00 -9.287433e-01 -6.500000e+00
      vertex   7.784359e+00 -1.844927e+00 -6.500000e+00
    endloop
  endfacet
  facet normal 0.000000e+00 0.000000e+00 1.000000e+00
    outer loop
      vertex   7.784359e+00 -1.844927e+00 -6.500000e+00
      vertex   -7.945907e+00 -9.287433e-01 -6.500000e+00
      vertex   -7.784359e+00 -1.844927e+00 -6.500000e+00
    endloop
  endfacet
  facet normal 0.000000e+00 0.000000e+00 1.000000e+00
    outer loop
      vertex   7.784359e+00 -1.844927e+00 -6.500000e+00
      vertex   -7.784359e+00 -1.844927e+00 -6.500000e+00
      vertex   7.517541e+00 -2.736161e+00 -6.500000e+00
    endloop
  endfacet
  facet normal 0.000000e+00 0.000000e+00 1.000000e+00
    outer loop
      vertex   7.517541e+00 -2.736161e+00 -6.500000e+00
      vertex   -7.784359e+00 -1.844927e+00 -6.500000e+00
      vertex   -7.517541e+00 -2.736161e+00 -6.500000e+00
    endloop
  endfacet
  facet normal 0.000000e+00 0.000000e+00 1.000000e+00
    outer loop
      vertex   7.517541e+00 -2.736161e+00 -6.500000e+00
      vertex   -7.517541e+00 -2.736161e+00 -6.500000e+00
      vertex   7.149061e+00 -3.590393e+00 -6.500000e+00
    endloop
  endfacet
  facet normal 0.000000e+00 0.000000e+00 1.000000e+00
    outer loop
      vertex   7.149061e+00 -3.590393e+00 -6.500000e+00
      vertex   -7.517541e+00 -2.736161e+00 -6.500000e+00
      vertex   -7.149061e+00 -3.590393e+00 -6.500000e+00
    endloop
  endfacet
  facet normal 0.000000e+00 0.000000e+00 1.000000e+00
    outer loop
      vertex   7.149061e+00 -3.590393e+00 -6.500000e+00
      vertex   -7.149061e+00 -3.590393e+00 -6.500000e+00
      vertex   6.683902e+00 -4.396072e+00 -6.500000e+00
    endloop
  endfacet
  facet normal 0.000000e+00 0.000000e+00 1.000000e+00
    outer loop
      vertex   6.683902e+00 -4.396072e+00 -6.500000e+00
      vertex   -7.149061e+00 -3.590393e+00 -6.500000e+00
      vertex   -6.683902e+00 -4.396072e+00 -6.500000e+00
    endloop
  endfacet
  facet normal 0.000000e+00 0.000000e+00 1.000000e+00
    outer loop
      vertex   6.683902e+00 -4.396072e+00 -6.500000e+00
      vertex   -6.683902e+00 -4.396072e+00 -6.500000e+00
      vertex   6.128356e+00 -5.142301e+00 -6.500000e+00
    endloop
  endfacet
  facet normal 0.000000e+00 0.000000e+00 1.000000e+00
    outer loop
      vertex   6.128356e+00 -5.142301e+00 -6.500000e+00
      vertex   -6.683902e+00 -4.396072e+00 -6.500000e+00
      vertex   -6.128356e+00 -5.142301e+00 -6.500000e+00
    endloop
  endfacet
  facet normal 0.000000e+00 0.000000e+00 1.000000e+00
    outer loop
      vertex   6.128356e+00 -5.142301e+00 -6.500000e+00
      vertex   -6.128356e+00 -5.142301e+00 -6.500000e+00
      vertex   5.489933e+00 -5.818989e+00 -6.500000e+00
    endloop
  endfacet
  facet normal 0.000000e+00 0.000000e+00 1.000000e+00
    outer loop
      vertex   5.489933e+00 -5.818989e+00 -6.500000e+00
      vertex   -6.128356e+00 -5.142301e+00 -6.500000e+00
      vertex   -5.489933e+00 -5.818989e+00 -6.500000e+00
    endloop
  endfacet
  facet normal 0.000000e+00 0.000000e+00 1.000000e+00
    outer loop
      vertex   5.489933e+00 -5.818989e+00 -6.500000e+00
      vertex   -5.489933e+00 -5.818989e+00 -6.500000e+00
      vertex   4.777269e+00 -6.416986e+00 -6.500000e+00
    endloop
  endfacet
  facet normal 0.000000e+00 0.000000e+00 1.000000e+00
    outer loop
      vertex   4.777269e+00 -6.416986e+00 -6.500000e+00
      vertex   -5.489933e+00 -5.818989e+00 -6.500000e+00
      vertex   -4.777269e+00 -6.416986e+00 -6.500000e+00
    endloop
  endfacet
  facet normal 0.000000e+00 0.000000e+00 1.000000e+00
    outer loop
      vertex   4.777269e+00 -6.416986e+00 -6.500000e+00
      vertex   -4.777269e+00 -6.416986e+00 -6.500000e+00
      vertex   4.000000e+00 -6.928203e+00 -6.500000e+00
    endloop
  endfacet
  facet normal 0.000000e+00 0.000000e+00 1.000000e+00
    outer loop
      vertex   4.000000e+00 -6.928203e+00 -6.500000e+00
      vertex   -4.777269e+00 -6.416986e+00 -6.500000e+00
      vertex   -4.000000e+00 -6.928203e+00 -6.500000e+00
    endloop
  endfacet
  facet normal 0.000000e+00 0.000000e+00 1.000000e+00
    outer loop
      vertex   4.000000e+00 -6.928203e+00 -6.500000e+00
      vertex   -4.000000e+00 -6.928203e+00 -6.500000e+00
      vertex   3.168638e+00 -7.345729e+00 -6.500000e+00
    endloop
  endfacet
  facet normal 0.000000e+00 0.000000e+00 1.000000e+00
    outer loop
      vertex   3.168638e+00 -7.345729e+00 -6.500000e+00
      vertex   -4.000000e+00 -6.928203e+00 -6.500000e+00
      vertex   -3.168638e+00 -7.345729e+00 -6.500000e+00
    endloop
  endfacet
  facet normal 0.000000e+00 0.000000e+00 1.000000e+00
    outer loop
      vertex   3.168638e+00 -7.345729e+00 -6.500000e+00
      vertex   -3.168638e+00 -7.345729e+00 -6.500000e+00
      vertex   2.294426e+00 -7.663916e+00 -6.500000e+00
    endloop
  endfacet
  facet normal 0.000000e+00 0.000000e+00 1.000000e+00
    outer loop
      vertex   2.294426e+00 -7.663916e+00 -6.500000e+00
      vertex   -3.168638e+00 -7.345729e+00 -6.500000e+00
      vertex   -2.294426e+00 -7.663916e+00 -6.500000e+00
    endloop
  endfacet
  facet normal 0.000000e+00 0.000000e+00 1.000000e+00
    outer loop
      vertex   2.294426e+00 -7.663916e+00 -6.500000e+00
      vertex   -2.294426e+00 -7.663916e+00 -6.500000e+00
      vertex   1.389185e+00 -7.878462e+00 -6.500000e+00
    endloop
  endfacet
  facet normal 0.000000e+00 0.000000e+00 1.000000e+00
    outer loop
      vertex   1.389185e+00 -7.878462e+00 -6.500000e+00
      vertex   -2.294426e+00 -7.663916e+00 -6.500000e+00
      vertex   -1.389185e+00 -7.878462e+00 -6.500000e+00
    endloop
  endfacet
  facet normal 0.000000e+00 0.000000e+00 1.000000e+00
    outer loop
      vertex   1.389185e+00 -7.878462e+00 -6.500000e+00
      vertex   -1.389185e+00 -7.878462e+00 -6.500000e+00
      vertex   4.651586e-01 -7.986465e+00 -6.500000e+00
    endloop
  endfacet
  facet normal 0.000000e+00 0.000000e+00 1.000000e+00
    outer loop
      vertex   4.651586e-01 -7.986465e+00 -6.500000e+00
      vertex   -1.389185e+00 -7.878462e+00 -6.500000e+00
      vertex   -4.651586e-01 -7.986465e+00 -6.500000e+00
    endloop
  endfacet
  facet normal -0.000000e+00 0.000000e+00 1.000000e+00
    outer loop
      vertex   -7.945907e+00 9.287433e-01 -6.500000e+00
      vertex   7.945907e+00 9.287433e-01 -6.500000e+00
      vertex   -7.784359e+00 1.844927e+00 -6.500000e+00
    endloop
  endfacet
  facet normal -0.000000e+00 0.000000e+00 1.000000e+00
    outer loop
      vertex   -7.784359e+00 1.844927e+00 -6.500000e+00
      vertex   7.945907e+00 9.287433e-01 -6.500000e+00
      vertex   7.784359e+00 1.844927e+00 -6.500000e+00
    endloop
  endfacet
  facet normal 0.000000e+00 0.000000e+00 1.000000e+00
    outer loop
      vertex   -7.784359e+00 1.844927e+00 -6.500000e+00
      vertex   7.784359e+00 1.844927e+00 -6.500000e+00
      vertex   -7.517541e+00 2.736161e+00 -6.500000e+00
    endloop
  endfacet
  facet normal 0.000000e+00 0.000000e+00 1.000000e+00
    outer loop
      vertex   -7.517541e+00 2.736161e+00 -6.500000e+00
      vertex   7.784359e+00 1.844927e+00 -6.500000e+00
      vertex   7.517541e+00 2.736161e+00 -6.500000e+00
    endloop
  endfacet
  facet normal -0.000000e+00 0.000000e+00 1.000000e+00
    outer loop
      vertex   -7.517541e+00 2.736161e+00 -6.500000e+00
      vertex   7.517541e+00 2.736161e+00 -6.500000e+00
      vertex   -7.149061e+00 3.590393e+00 -6.500000e+00
    endloop
  endfacet
  facet normal -0.000000e+00 0.000000e+00 1.000000e+00
    outer loop
      vertex   -7.149061e+00 3.590393e+00 -6.500000e+00
      vertex   7.517541e+00 2.736161e+00 -6.500000e+00
      vertex   7.149061e+00 3.590393e+00 -6.500000e+00
    endloop
  endfacet
  facet normal 0.000000e+00 0.000000e+00 1.000000e+00
    outer loop
      vertex   -7.149061e+00 3.590393e+00 -6.500000e+00
      vertex   7.149061e+00 3.590393e+00 -6.500000e+00
      vertex   -6.683902e+00 4.396072e+00 -6.500000e+00
    endloop
  endfacet
  facet normal 0.000000e+00 0.000000e+00 1.000000e+00
    outer loop
      vertex   -6.683902e+00 4.396072e+00 -6.500000e+00
      vertex   7.149061e+00 3.590393e+00 -6.500000e+00
      vertex   6.683902e+00 4.396072e+00 -6.500000e+00
    endloop
  endfacet
  facet normal -0.000000e+00 0.000000e+00 1.000000e+00
    outer loop
      vertex   -6.683902e+00 4.396072e+00 -6.500000e+00
      vertex   6.683902e+00 4.396072e+00 -6.500000e+00
      vertex   -6.128356e+00 5.142301e+00 -6.500000e+00
    endloop
  endfacet
  facet normal -0.000000e+00 0.000000e+00 1.000000e+00
    outer loop
      vertex   -6.128356e+00 5.142301e+00 -6.500000e+00
      vertex   6.683902e+00 4.396072e+00 -6.500000e+00
      vertex   6.128356e+00 5.142301e+00 -6.500000e+00
    endloop
  endfacet
  facet normal 0.000000e+00 0.000000e+00 1.000000e+00
    outer loop
      vertex   -6.128356e+00 5.142301e+00 -6.500000e+00
      vertex   6.128356e+00 5.142301e+00 -6.500000e+00
      vertex   -5.489933e+00 5.818989e+00 -6.500000e+00
    endloop
  endfacet
  facet normal 0.000000e+00 0.000000e+00 1.000000e+00
    outer loop
      vertex   -5.489933e+00 5.818989e+00 -6.500000e+00
      vertex   6.128356e+00 5.142301e+00 -6.500000e+00
      vertex   5.489933e+00 5.818989e+00 -6.500000e+00
    endloop
  endfacet
  facet normal -0.000000e+00 0.000000e+00 1.000000e+00
    outer loop
      vertex   -5.489933e+00 5.818989e+00 -6.500000e+00
      vertex   5.489933e+00 5.818989e+00 -6.500000e+00
      vertex   -4.777269e+00 6.416986e+00 -6.500000e+00
    endloop
  endfacet
  facet normal -0.000000e+00 0.000000e+00 1.000000e+00
    outer loop
      vertex   -4.777269e+00 6.416986e+00 -6.500000e+00
      vertex   5.489933e+00 5.818989e+00 -6.500000e+00
      vertex   4.777269e+00 6.416986e+00 -6.500000e+00
    endloop
  endfacet
  facet normal 0.000000e+00 0.000000e+00 1.000000e+00
    outer loop
      vertex   -4.777269e+00 6.416986e+00 -6.500000e+00
      vertex   4.777269e+00 6.416986e+00 -6.500000e+00
      vertex   -4.000000e+00 6.928203e+00 -6.500000e+00
    endloop
  endfacet
  facet normal -0.000000e+00 0.000000e+00 1.000000e+00
    outer loop
      vertex   -4.000000e+00 6.928203e+00 -6.500000e+00
      vertex   4.777269e+00 6.416986e+00 -6.500000e+00
      vertex   4.000000e+00 6.928203e+00 -6.500000e+00
    endloop
  endfacet
  facet normal 0.000000e+00 0.000000e+00 1.000000e+00
    outer loop
      vertex   -4.000000e+00 6.928203e+00 -6.500000e+00
      vertex   4.000000e+00 6.928203e+00 -6.500000e+00
      vertex   -3.168638e+00 7.345729e+00 -6.500000e+00
    endloop
  endfacet
  facet normal -0.000000e+00 0.000000e+00 1.000000e+00
    outer loop
      vertex   -3.168638e+00 7.345729e+00 -6.500000e+00
      vertex   4.000000e+00 6.928203e+00 -6.500000e+00
      vertex   3.168638e+00 7.345729e+00 -6.500000e+00
    endloop
  endfacet
  facet normal 0.000000e+00 0.000000e+00 1.000000e+00
    outer loop
      vertex   -3.168638e+00 7.345729e+00 -6.500000e+00
      vertex   3.168638e+00 7.345729e+00 -6.500000e+00
      vertex   -2.294426e+00 7.663916e+00 -6.500000e+00
    endloop
  endfacet
  facet normal -0.000000e+00 0.000000e+00 1.000000e+00
    outer loop
      vertex   -2.294426e+00 7.663916e+00 -6.500000e+00
      vertex   3.168638e+00 7.345729e+00 -6.500000e+00
      vertex   2.294426e+00 7.663916e+00 -6.500000e+00
    endloop
  endfacet
  facet normal 0.000000e+00 0.000000e+00 1.000000e+00
    outer loop
      vertex   -2.294426e+00 7.663916e+00 -6.500000e+00
      vertex   2.294426e+00 7.663916e+00 -6.500000e+00
      vertex   -1.389185e+00 7.878462e+00 -6.500000e+00
    endloop
  endfacet
  facet normal -0.000000e+00 0.000000e+00 1.000000e+00
    outer loop
      vertex   -1.389185e+00 7.878462e+00 -6.500000e+00
      vertex   2.294426e+00 7.663916e+00 -6.500000e+00
      vertex   1.389185e+00 7.878462e+00 -6.500000e+00
    endloop
  endfacet
  facet normal 0.000000e+00 0.000000e+00 1.000000e+00
    outer loop
      vertex   -1.389185e+00 7.878462e+00 -6.500000e+00
      vertex   1.389185e+00 7.878462e+00 -6.500000e+00
      vertex   -4.651586e-01 7.986465e+00 -6.500000e+00
    endloop
  endfacet
  facet normal -0.000000e+00 0.000000e+00 1.000000e+00
    outer loop
      vertex   -4.651586e-01 7.986465e+00 -6.500000e+00
      vertex   1.389185e+00 7.878462e+00 -6.500000e+00
      vertex   4.651586e-01 7.986465e+00 -6.500000e+00
    endloop
  endfacet
  facet normal -9.994533e-01 3.306337e-02 0.000000e+00
    outer loop
      vertex   -2.544425e+01 1.685310e+00 3.350000e+01
      vertex   -2.544425e+01 1.685310e+00 8.000000e+00
      vertex   -2.550000e+01 -3.122849e-15 3.350000e+01
    endloop
  endfacet
  facet normal -9.994533e-01 3.306337e-02 0.000000e+00
    outer loop
      vertex   -2.550000e+01 -3.122849e-15 3.350000e+01
      vertex   -2.544425e+01 1.685310e+00 8.000000e+00
      vertex   -2.550000e+01 -3.122849e-15 8.000000e+00
    endloop
  endfacet
  facet normal -9.994533e-01 -3.306337e-02 -0.000000e+00
    outer loop
      vertex   -2.550000e+01 -3.122849e-15 3.350000e+01
      vertex   -2.550000e+01 -3.122849e-15 8.000000e+00
      vertex   -2.544425e+01 -1.685310e+00 3.350000e+01
    endloop
  endfacet
  facet normal -9.994533e-01 -3.306337e-02 -0.000000e+00
    outer loop
      vertex   -2.544425e+01 -1.685310e+00 3.350000e+01
      vertex   -2.550000e+01 -3.122849e-15 8.000000e+00
      vertex   -2.544425e+01 -1.685310e+00 8.000000e+00
    endloop
  endfacet
  facet normal -9.950829e-01 -9.904553e-02 -0.000000e+00
    outer loop
      vertex   -2.544425e+01 -1.685310e+00 3.350000e+01
      vertex   -2.544425e+01 -1.685310e+00 8.000000e+00
      vertex   -2.527723e+01 -3.363250e+00 3.350000e+01
    endloop
  endfacet
  facet normal -9.950829e-01 -9.904553e-02 -0.000000e+00
    outer loop
      vertex   -2.527723e+01 -3.363250e+00 3.350000e+01
      vertex   -2.544425e+01 -1.685310e+00 8.000000e+00
      vertex   -2.527723e+01 -3.363250e+00 8.000000e+00
    endloop
  endfacet
  facet normal -9.863613e-01 -1.645946e-01 -0.000000e+00
    outer loop
      vertex   -2.527723e+01 -3.363250e+00 3.350000e+01
      vertex   -2.527723e+01 -3.363250e+00 8.000000e+00
      vertex   -2.499969e+01 -5.026484e+00 3.350000e+01
    endloop
  endfacet
  facet normal -9.863613e-01 -1.645946e-01 -0.000000e+00
    outer loop
      vertex   -2.499969e+01 -5.026484e+00 3.350000e+01
      vertex   -2.527723e+01 -3.363250e+00 8.000000e+00
      vertex   -2.499969e+01 -5.026484e+00 8.000000e+00
    endloop
  endfacet
  facet normal -9.733266e-01 -2.294239e-01 -0.000000e+00
    outer loop
      vertex   -2.499969e+01 -5.026484e+00 3.350000e+01
      vertex   -2.499969e+01 -5.026484e+00 8.000000e+00
      vertex   -2.461283e+01 -6.667738e+00 3.350000e+01
    endloop
  endfacet
  facet normal -9.733266e-01 -2.294239e-01 -0.000000e+00
    outer loop
      vertex   -2.461283e+01 -6.667738e+00 3.350000e+01
      vertex   -2.499969e+01 -5.026484e+00 8.000000e+00
      vertex   -2.461283e+01 -6.667738e+00 8.000000e+00
    endloop
  endfacet
  facet normal -9.560358e-01 -2.932500e-01 -0.000000e+00
    outer loop
      vertex   -2.461283e+01 -6.667738e+00 3.350000e+01
      vertex   -2.461283e+01 -6.667738e+00 8.000000e+00
      vertex   -2.411834e+01 -8.279836e+00 3.350000e+01
    endloop
  endfacet
  facet normal -9.560358e-01 -2.932500e-01 -0.000000e+00
    outer loop
      vertex   -2.411834e+01 -8.279836e+00 3.350000e+01
      vertex   -2.461283e+01 -6.667738e+00 8.000000e+00
      vertex   -2.411834e+01 -8.279836e+00 8.000000e+00
    endloop
  endfacet
  facet normal -9.345645e-01 -3.557938e-01 -0.000000e+00
    outer loop
      vertex   -2.411834e+01 -8.279836e+00 3.350000e+01
      vertex   -2.411834e+01 -8.279836e+00 8.000000e+00
      vertex   -2.351839e+01 -9.855729e+00 3.350000e+01
    endloop
  endfacet
  facet normal -9.345645e-01 -3.557938e-01 -0.000000e+00
    outer loop
      vertex   -2.351839e+01 -9.855729e+00 3.350000e+01
      vertex   -2.411834e+01 -8.279836e+00 8.000000e+00
      vertex   -2.351839e+01 -9.855729e+00 8.000000e+00
    endloop
  endfacet
  facet normal -9.090065e-01 -4.167819e-01 -0.000000e+00
    outer loop
      vertex   -2.351839e+01 -9.855729e+00 3.350000e+01
      vertex   -2.351839e+01 -9.855729e+00 8.000000e+00
      vertex   -2.281560e+01 -1.138852e+01 3.350000e+01
    endloop
  endfacet
  facet normal -9.090065e-01 -4.167819e-01 -0.000000e+00
    outer loop
      vertex   -2.281560e+01 -1.138852e+01 3.350000e+01
      vertex   -2.351839e+01 -9.855729e+00 8.000000e+00
      vertex   -2.281560e+01 -1.138852e+01 8.000000e+00
    endloop
  endfacet
  facet normal -8.794738e-01 -4.759474e-01 -0.000000e+00
    outer loop
      vertex   -2.281560e+01 -1.138852e+01 3.350000e+01
      vertex   -2.281560e+01 -1.138852e+01 8.000000e+00
      vertex   -2.201304e+01 -1.287152e+01 3.350000e+01
    endloop
  endfacet
  facet normal -8.794738e-01 -4.759474e-01 -0.000000e+00
    outer loop
      vertex   -2.201304e+01 -1.287152e+01 3.350000e+01
      vertex   -2.281560e+01 -1.138852e+01 8.000000e+00
      vertex   -2.201304e+01 -1.287152e+01 8.000000e+00
    endloop
  endfacet
  facet normal -8.460953e-01 -5.330317e-01 -0.000000e+00
    outer loop
      vertex   -2.201304e+01 -1.287152e+01 3.350000e+01
      vertex   -2.201304e+01 -1.287152e+01 8.000000e+00
      vertex   -2.111423e+01 -1.429823e+01 3.350000e+01
    endloop
  endfacet
  facet normal -8.460953e-01 -5.330317e-01 -0.000000e+00
    outer loop
      vertex   -2.111423e+01 -1.429823e+01 3.350000e+01
      vertex   -2.201304e+01 -1.287152e+01 8.000000e+00
      vertex   -2.111423e+01 -1.429823e+01 8.000000e+00
    endloop
  endfacet
  facet normal -8.090170e-01 -5.877853e-01 -0.000000e+00
    outer loop
      vertex   -2.111423e+01 -1.429823e+01 3.350000e+01
      vertex   -2.111423e+01 -1.429823e+01 8.000000e+00
      vertex   -2.012308e+01 -1.566242e+01 3.350000e+01
    endloop
  endfacet
  facet normal -8.090170e-01 -5.877853e-01 -0.000000e+00
    outer loop
      vertex   -2.012308e+01 -1.566242e+01 3.350000e+01
      vertex   -2.111423e+01 -1.429823e+01 8.000000e+00
      vertex   -2.012308e+01 -1.566242e+01 8.000000e+00
    endloop
  endfacet
  facet normal -7.684011e-01 -6.399685e-01 -0.000000e+00
    outer loop
      vertex   -2.012308e+01 -1.566242e+01 3.350000e+01
      vertex   -2.012308e+01 -1.566242e+01 8.000000e+00
      vertex   -1.904395e+01 -1.695813e+01 3.350000e+01
    endloop
  endfacet
  facet normal -7.684011e-01 -6.399685e-01 -0.000000e+00
    outer loop
      vertex   -1.904395e+01 -1.695813e+01 3.350000e+01
      vertex   -2.012308e+01 -1.566242e+01 8.000000e+00
      vertex   -1.904395e+01 -1.695813e+01 8.000000e+00
    endloop
  endfacet
  facet normal -7.244252e-01 -6.893534e-01 -0.000000e+00
    outer loop
      vertex   -1.904395e+01 -1.695813e+01 3.350000e+01
      vertex   -1.904395e+01 -1.695813e+01 8.000000e+00
      vertex   -1.788154e+01 -1.817968e+01 3.350000e+01
    endloop
  endfacet
  facet normal -7.244252e-01 -6.893534e-01 -0.000000e+00
    outer loop
      vertex   -1.788154e+01 -1.817968e+01 3.350000e+01
      vertex   -1.904395e+01 -1.695813e+01 8.000000e+00
      vertex   -1.788154e+01 -1.817968e+01 8.000000e+00
    endloop
  endfacet
  facet normal -6.772816e-01 -7.357239e-01 -0.000000e+00
    outer loop
      vertex   -1.788154e+01 -1.817968e+01 3.350000e+01
      vertex   -1.788154e+01 -1.817968e+01 8.000000e+00
      vertex   -1.664094e+01 -1.932173e+01 3.350000e+01
    endloop
  endfacet
  facet normal -6.772816e-01 -7.357239e-01 -0.000000e+00
    outer loop
      vertex   -1.664094e+01 -1.932173e+01 3.350000e+01
      vertex   -1.788154e+01 -1.817968e+01 8.000000e+00
      vertex   -1.664094e+01 -1.932173e+01 8.000000e+00
    endloop
  endfacet
  facet normal -6.271764e-01 -7.788773e-01 -0.000000e+00
    outer loop
      vertex   -1.664094e+01 -1.932173e+01 3.350000e+01
      vertex   -1.664094e+01 -1.932173e+01 8.000000e+00
      vertex   -1.532757e+01 -2.037929e+01 3.350000e+01
    endloop
  endfacet
  facet normal -6.271764e-01 -7.788773e-01 -0.000000e+00
    outer loop
      vertex   -1.532757e+01 -2.037929e+01 3.350000e+01
      vertex   -1.664094e+01 -1.932173e+01 8.000000e+00
      vertex   -1.532757e+01 -2.037929e+01 8.000000e+00
    endloop
  endfacet
  facet normal -5.743287e-01 -8.186248e-01 -0.000000e+00
    outer loop
      vertex   -1.532757e+01 -2.037929e+01 3.350000e+01
      vertex   -1.532757e+01 -2.037929e+01 8.000000e+00
      vertex   -1.394718e+01 -2.134775e+01 3.350000e+01
    endloop
  endfacet
  facet normal -5.743287e-01 -8.186248e-01 -0.000000e+00
    outer loop
      vertex   -1.394718e+01 -2.134775e+01 3.350000e+01
      vertex   -1.532757e+01 -2.037929e+01 8.000000e+00
      vertex   -1.394718e+01 -2.134775e+01 8.000000e+00
    endloop
  endfacet
  facet normal -5.189696e-01 -8.547927e-01 -0.000000e+00
    outer loop
      vertex   -1.394718e+01 -2.134775e+01 3.350000e+01
      vertex   -1.394718e+01 -2.134775e+01 8.000000e+00
      vertex   -1.250580e+01 -2.222285e+01 3.350000e+01
    endloop
  endfacet
  facet normal -5.189696e-01 -8.547927e-01 -0.000000e+00
    outer loop
      vertex   -1.250580e+01 -2.222285e+01 3.350000e+01
      vertex   -1.394718e+01 -2.134775e+01 8.000000e+00
      vertex   -1.250580e+01 -2.222285e+01 8.000000e+00
    endloop
  endfacet
  facet normal -4.613412e-01 -8.872228e-01 -0.000000e+00
    outer loop
      vertex   -1.250580e+01 -2.222285e+01 3.350000e+01
      vertex   -1.250580e+01 -2.222285e+01 8.000000e+00
      vertex   -1.100974e+01 -2.300078e+01 3.350000e+01
    endloop
  endfacet
  facet normal -4.613412e-01 -8.872228e-01 -0.000000e+00
    outer loop
      vertex   -1.100974e+01 -2.300078e+01 3.350000e+01
      vertex   -1.250580e+01 -2.222285e+01 8.000000e+00
      vertex   -1.100974e+01 -2.300078e+01 8.000000e+00
    endloop
  endfacet
  facet normal -4.016954e-01 -9.157733e-01 -0.000000e+00
    outer loop
      vertex   -1.100974e+01 -2.300078e+01 3.350000e+01
      vertex   -1.100974e+01 -2.300078e+01 8.000000e+00
      vertex   -9.465530e+00 -2.367813e+01 3.350000e+01
    endloop
  endfacet
  facet normal -4.016954e-01 -9.157733e-01 -0.000000e+00
    outer loop
      vertex   -9.465530e+00 -2.367813e+01 3.350000e+01
      vertex   -1.100974e+01 -2.300078e+01 8.000000e+00
      vertex   -9.465530e+00 -2.367813e+01 8.000000e+00
    endloop
  endfacet
  facet normal -3.402932e-01 -9.403194e-01 -0.000000e+00
    outer loop
      vertex   -9.465530e+00 -2.367813e+01 3.350000e+01
      vertex   -9.465530e+00 -2.367813e+01 8.000000e+00
      vertex   -7.879933e+00 -2.425194e+01 3.350000e+01
    endloop
  endfacet
  facet normal -3.402932e-01 -9.403194e-01 -0.000000e+00
    outer loop
      vertex   -7.879933e+00 -2.425194e+01 3.350000e+01
      vertex   -9.465530e+00 -2.367813e+01 8.000000e+00
      vertex   -7.879933e+00 -2.425194e+01 8.000000e+00
    endloop
  endfacet
  facet normal -2.774029e-01 -9.607537e-01 -0.000000e+00
    outer loop
      vertex   -7.879933e+00 -2.425194e+01 3.350000e+01
      vertex   -7.879933e+00 -2.425194e+01 8.000000e+00
      vertex   -6.259880e+00 -2.471971e+01 3.350000e+01
    endloop
  endfacet
  facet normal -2.774029e-01 -9.607537e-01 -0.000000e+00
    outer loop
      vertex   -6.259880e+00 -2.471971e+01 3.350000e+01
      vertex   -7.879933e+00 -2.425194e+01 8.000000e+00
      vertex   -6.259880e+00 -2.471971e+01 8.000000e+00
    endloop
  endfacet
  facet normal -2.132996e-01 -9.769868e-01 -0.000000e+00
    outer loop
      vertex   -6.259880e+00 -2.471971e+01 3.350000e+01
      vertex   -6.259880e+00 -2.471971e+01 8.000000e+00
      vertex   -4.612454e+00 -2.507938e+01 3.350000e+01
    endloop
  endfacet
  facet normal -2.132996e-01 -9.769868e-01 -0.000000e+00
    outer loop
      vertex   -4.612454e+00 -2.507938e+01 3.350000e+01
      vertex   -6.259880e+00 -2.471971e+01 8.000000e+00
      vertex   -4.612454e+00 -2.507938e+01 8.000000e+00
    endloop
  endfacet
  facet normal -1.482636e-01 -9.889479e-01 -0.000000e+00
    outer loop
      vertex   -4.612454e+00 -2.507938e+01 3.350000e+01
      vertex   -4.612454e+00 -2.507938e+01 8.000000e+00
      vertex   -2.944858e+00 -2.532939e+01 3.350000e+01
    endloop
  endfacet
  facet normal -1.482636e-01 -9.889479e-01 -0.000000e+00
    outer loop
      vertex   -2.944858e+00 -2.532939e+01 3.350000e+01
      vertex   -4.612454e+00 -2.507938e+01 8.000000e+00
      vertex   -2.944858e+00 -2.532939e+01 8.000000e+00
    endloop
  endfacet
  facet normal -8.257935e-02 -9.965845e-01 -0.000000e+00
    outer loop
      vertex   -2.944858e+00 -2.532939e+01 3.350000e+01
      vertex   -2.944858e+00 -2.532939e+01 8.000000e+00
      vertex   -1.264386e+00 -2.546863e+01 3.350000e+01
    endloop
  endfacet
  facet normal -8.257935e-02 -9.965845e-01 -0.000000e+00
    outer loop
      vertex   -1.264386e+00 -2.546863e+01 3.350000e+01
      vertex   -2.944858e+00 -2.532939e+01 8.000000e+00
      vertex   -1.264386e+00 -2.546863e+01 8.000000e+00
    endloop
  endfacet
  facet normal -1.653394e-02 -9.998633e-01 -0.000000e+00
    outer loop
      vertex   -1.264386e+00 -2.546863e+01 3.350000e+01
      vertex   -1.264386e+00 -2.546863e+01 8.000000e+00
      vertex   4.216156e-01 -2.549651e+01 3.350000e+01
    endloop
  endfacet
  facet normal -1.653394e-02 -9.998633e-01 -0.000000e+00
    outer loop
      vertex   4.216156e-01 -2.549651e+01 3.350000e+01
      vertex   -1.264386e+00 -2.546863e+01 8.000000e+00
      vertex   4.216156e-01 -2.549651e+01 8.000000e+00
    endloop
  endfacet
  facet normal 4.958375e-02 -9.987700e-01 0.000000e+00
    outer loop
      vertex   4.216156e-01 -2.549651e+01 3.350000e+01
      vertex   4.216156e-01 -2.549651e+01 8.000000e+00
      vertex   2.105773e+00 -2.541290e+01 3.350000e+01
    endloop
  endfacet
  facet normal 4.958375e-02 -9.987700e-01 0.000000e+00
    outer loop
      vertex   2.105773e+00 -2.541290e+01 3.350000e+01
      vertex   4.216156e-01 -2.549651e+01 8.000000e+00
      vertex   2.105773e+00 -2.541290e+01 8.000000e+00
    endloop
  endfacet
  facet normal 1.154846e-01 -9.933093e-01 0.000000e+00
    outer loop
      vertex   2.105773e+00 -2.541290e+01 3.350000e+01
      vertex   2.105773e+00 -2.541290e+01 8.000000e+00
      vertex   3.780723e+00 -2.521817e+01 3.350000e+01
    endloop
  endfacet
  facet normal 1.154846e-01 -9.933093e-01 0.000000e+00
    outer loop
      vertex   3.780723e+00 -2.521817e+01 3.350000e+01
      vertex   2.105773e+00 -2.541290e+01 8.000000e+00
      vertex   3.780723e+00 -2.521817e+01 8.000000e+00
    endloop
  endfacet
  facet normal 1.808805e-01 -9.835051e-01 0.000000e+00
    outer loop
      vertex   3.780723e+00 -2.521817e+01 3.350000e+01
      vertex   3.780723e+00 -2.521817e+01 8.000000e+00
      vertex   5.439141e+00 -2.491316e+01 3.350000e+01
    endloop
  endfacet
  facet normal 1.808805e-01 -9.835051e-01 0.000000e+00
    outer loop
      vertex   5.439141e+00 -2.491316e+01 3.350000e+01
      vertex   3.780723e+00 -2.521817e+01 8.000000e+00
      vertex   5.439141e+00 -2.491316e+01 8.000000e+00
    endloop
  endfacet
  facet normal 2.454855e-01 -9.694003e-01 0.000000e+00
    outer loop
      vertex   5.439141e+00 -2.491316e+01 3.350000e+01
      vertex   5.439141e+00 -2.491316e+01 8.000000e+00
      vertex   7.073774e+00 -2.449922e+01 3.350000e+01
    endloop
  endfacet
  facet normal 2.454855e-01 -9.694003e-01 0.000000e+00
    outer loop
      vertex   7.073774e+00 -2.449922e+01 3.350000e+01
      vertex   5.439141e+00 -2.491316e+01 8.000000e+00
      vertex   7.073774e+00 -2.449922e+01 8.000000e+00
    endloop
  endfacet
  facet normal 3.090170e-01 -9.510565e-01 0.000000e+00
    outer loop
      vertex   7.073774e+00 -2.449922e+01 3.350000e+01
      vertex   7.073774e+00 -2.449922e+01 8.000000e+00
      vertex   8.677476e+00 -2.397814e+01 3.350000e+01
    endloop
  endfacet
  facet normal 3.090170e-01 -9.510565e-01 0.000000e+00
    outer loop
      vertex   8.677476e+00 -2.397814e+01 3.350000e+01
      vertex   7.073774e+00 -2.449922e+01 8.000000e+00
      vertex   8.677476e+00 -2.397814e+01 8.000000e+00
    endloop
  endfacet
  facet normal 3.711972e-01 -9.285540e-01 0.000000e+00
    outer loop
      vertex   8.677476e+00 -2.397814e+01 3.350000e+01
      vertex   8.677476e+00 -2.397814e+01 8.000000e+00
      vertex   1.024323e+01 -2.335222e+01 3.350000e+01
    endloop
  endfacet
  facet normal 3.711972e-01 -9.285540e-01 0.000000e+00
    outer loop
      vertex   1.024323e+01 -2.335222e+01 3.350000e+01
      vertex   8.677476e+00 -2.397814e+01 8.000000e+00
      vertex   1.024323e+01 -2.335222e+01 8.000000e+00
    endloop
  endfacet
  facet normal 4.317544e-01 -9.019912e-01 0.000000e+00
    outer loop
      vertex   1.024323e+01 -2.335222e+01 3.350000e+01
      vertex   1.024323e+01 -2.335222e+01 8.000000e+00
      vertex   1.176420e+01 -2.262418e+01 3.350000e+01
    endloop
  endfacet
  facet normal 4.317544e-01 -9.019912e-01 0.000000e+00
    outer loop
      vertex   1.176420e+01 -2.262418e+01 3.350000e+01
      vertex   1.024323e+01 -2.335222e+01 8.000000e+00
      vertex   1.176420e+01 -2.262418e+01 8.000000e+00
    endloop
  endfacet
  facet normal 4.904235e-01 -8.714842e-01 0.000000e+00
    outer loop
      vertex   1.176420e+01 -2.262418e+01 3.350000e+01
      vertex   1.176420e+01 -2.262418e+01 8.000000e+00
      vertex   1.323372e+01 -2.179721e+01 3.350000e+01
    endloop
  endfacet
  facet normal 4.904235e-01 -8.714842e-01 0.000000e+00
    outer loop
      vertex   1.323372e+01 -2.179721e+01 3.350000e+01
      vertex   1.176420e+01 -2.262418e+01 8.000000e+00
      vertex   1.323372e+01 -2.179721e+01 8.000000e+00
    endloop
  endfacet
  facet normal 5.469482e-01 -8.371665e-01 0.000000e+00
    outer loop
      vertex   1.323372e+01 -2.179721e+01 3.350000e+01
      vertex   1.323372e+01 -2.179721e+01 8.000000e+00
      vertex   1.464538e+01 -2.087493e+01 3.350000e+01
    endloop
  endfacet
  facet normal 5.469482e-01 -8.371665e-01 0.000000e+00
    outer loop
      vertex   1.464538e+01 -2.087493e+01 3.350000e+01
      vertex   1.323372e+01 -2.179721e+01 8.000000e+00
      vertex   1.464538e+01 -2.087493e+01 8.000000e+00
    endloop
  endfacet
  facet normal 6.010811e-01 -7.991880e-01 0.000000e+00
    outer loop
      vertex   1.464538e+01 -2.087493e+01 3.350000e+01
      vertex   1.464538e+01 -2.087493e+01 8.000000e+00
      vertex   1.599300e+01 -1.986137e+01 3.350000e+01
    endloop
  endfacet
  facet normal 6.010811e-01 -7.991880e-01 0.000000e+00
    outer loop
      vertex   1.599300e+01 -1.986137e+01 3.350000e+01
      vertex   1.464538e+01 -2.087493e+01 8.000000e+00
      vertex   1.599300e+01 -1.986137e+01 8.000000e+00
    endloop
  endfacet
  facet normal 6.525858e-01 -7.577149e-01 0.000000e+00
    outer loop
      vertex   1.599300e+01 -1.986137e+01 3.350000e+01
      vertex   1.599300e+01 -1.986137e+01 8.000000e+00
      vertex   1.727068e+01 -1.876096e+01 3.350000e+01
    endloop
  endfacet
  facet normal 6.525858e-01 -7.577149e-01 0.000000e+00
    outer loop
      vertex   1.727068e+01 -1.876096e+01 3.350000e+01
      vertex   1.599300e+01 -1.986137e+01 8.000000e+00
      vertex   1.727068e+01 -1.876096e+01 8.000000e+00
    endloop
  endfacet
  facet normal 7.012368e-01 -7.129284e-01 0.000000e+00
    outer loop
      vertex   1.727068e+01 -1.876096e+01 3.350000e+01
      vertex   1.727068e+01 -1.876096e+01 8.000000e+00
      vertex   1.847284e+01 -1.757851e+01 3.350000e+01
    endloop
  endfacet
  facet normal 7.012368e-01 -7.129284e-01 0.000000e+00
    outer loop
      vertex   1.847284e+01 -1.757851e+01 3.350000e+01
      vertex   1.727068e+01 -1.876096e+01 8.000000e+00
      vertex   1.847284e+01 -1.757851e+01 8.000000e+00
    endloop
  endfacet
  facet normal 7.468215e-01 -6.650246e-01 0.000000e+00
    outer loop
      vertex   1.847284e+01 -1.757851e+01 3.350000e+01
      vertex   1.847284e+01 -1.757851e+01 8.000000e+00
      vertex   1.959423e+01 -1.631920e+01 3.350000e+01
    endloop
  endfacet
  facet normal 7.468215e-01 -6.650246e-01 0.000000e+00
    outer loop
      vertex   1.959423e+01 -1.631920e+01 3.350000e+01
      vertex   1.847284e+01 -1.757851e+01 8.000000e+00
      vertex   1.959423e+01 -1.631920e+01 8.000000e+00
    endloop
  endfacet
  facet normal 7.891405e-01 -6.142127e-01 0.000000e+00
    outer loop
      vertex   1.959423e+01 -1.631920e+01 3.350000e+01
      vertex   1.959423e+01 -1.631920e+01 8.000000e+00
      vertex   2.062993e+01 -1.498852e+01 3.350000e+01
    endloop
  endfacet
  facet normal 7.891405e-01 -6.142127e-01 0.000000e+00
    outer loop
      vertex   2.062993e+01 -1.498852e+01 3.350000e+01
      vertex   1.959423e+01 -1.631920e+01 8.000000e+00
      vertex   2.062993e+01 -1.498852e+01 8.000000e+00
    endloop
  endfacet
  facet normal 8.280088e-01 -5.607151e-01 0.000000e+00
    outer loop
      vertex   2.062993e+01 -1.498852e+01 3.350000e+01
      vertex   2.062993e+01 -1.498852e+01 8.000000e+00
      vertex   2.157543e+01 -1.359231e+01 3.350000e+01
    endloop
  endfacet
  facet normal 8.280088e-01 -5.607151e-01 0.000000e+00
    outer loop
      vertex   2.157543e+01 -1.359231e+01 3.350000e+01
      vertex   2.062993e+01 -1.498852e+01 8.000000e+00
      vertex   2.157543e+01 -1.359231e+01 8.000000e+00
    endloop
  endfacet
  facet normal 8.632565e-01 -5.047655e-01 0.000000e+00
    outer loop
      vertex   2.157543e+01 -1.359231e+01 3.350000e+01
      vertex   2.157543e+01 -1.359231e+01 8.000000e+00
      vertex   2.242658e+01 -1.213666e+01 3.350000e+01
    endloop
  endfacet
  facet normal 8.632565e-01 -5.047655e-01 0.000000e+00
    outer loop
      vertex   2.242658e+01 -1.213666e+01 3.350000e+01
      vertex   2.157543e+01 -1.359231e+01 8.000000e+00
      vertex   2.242658e+01 -1.213666e+01 8.000000e+00
    endloop
  endfacet
  facet normal 8.947293e-01 -4.466088e-01 0.000000e+00
    outer loop
      vertex   2.242658e+01 -1.213666e+01 3.350000e+01
      vertex   2.242658e+01 -1.213666e+01 8.000000e+00
      vertex   2.317967e+01 -1.062794e+01 3.350000e+01
    endloop
  endfacet
  facet normal 8.947293e-01 -4.466088e-01 0.000000e+00
    outer loop
      vertex   2.317967e+01 -1.062794e+01 3.350000e+01
      vertex   2.242658e+01 -1.213666e+01 8.000000e+00
      vertex   2.317967e+01 -1.062794e+01 8.000000e+00
    endloop
  endfacet
  facet normal 9.222898e-01 -3.864992e-01 0.000000e+00
    outer loop
      vertex   2.317967e+01 -1.062794e+01 3.350000e+01
      vertex   2.317967e+01 -1.062794e+01 8.000000e+00
      vertex   2.383139e+01 -9.072743e+00 3.350000e+01
    endloop
  endfacet
  facet normal 9.222898e-01 -3.864992e-01 0.000000e+00
    outer loop
      vertex   2.383139e+01 -9.072743e+00 3.350000e+01
      vertex   2.317967e+01 -1.062794e+01 8.000000e+00
      vertex   2.383139e+01 -9.072743e+00 8.000000e+00
    endloop
  endfacet
  facet normal 9.458172e-01 -3.246995e-01 0.000000e+00
    outer loop
      vertex   2.383139e+01 -9.072743e+00 3.350000e+01
      vertex   2.383139e+01 -9.072743e+00 8.000000e+00
      vertex   2.437891e+01 -7.477876e+00 3.350000e+01
    endloop
  endfacet
  facet normal 9.458172e-01 -3.246995e-01 0.000000e+00
    outer loop
      vertex   2.437891e+01 -7.477876e+00 3.350000e+01
      vertex   2.383139e+01 -9.072743e+00 8.000000e+00
      vertex   2.437891e+01 -7.477876e+00 8.000000e+00
    endloop
  endfacet
  facet normal 9.652089e-01 -2.614799e-01 0.000000e+00
    outer loop
      vertex   2.437891e+01 -7.477876e+00 3.350000e+01
      vertex   2.437891e+01 -7.477876e+00 8.000000e+00
      vertex   2.481983e+01 -5.850310e+00 3.350000e+01
    endloop
  endfacet
  facet normal 9.652089e-01 -2.614799e-01 9.107484e-18
    outer loop
      vertex   2.481983e+01 -5.850310e+00 3.350000e+01
      vertex   2.437891e+01 -7.477876e+00 8.000000e+00
      vertex   2.481983e+01 -5.850310e+00 8.000000e+00
    endloop
  endfacet
  facet normal 9.803800e-01 -1.971170e-01 6.865690e-18
    outer loop
      vertex   2.481983e+01 -5.850310e+00 3.350000e+01
      vertex   2.481983e+01 -5.850310e+00 8.000000e+00
      vertex   2.515221e+01 -4.197162e+00 3.350000e+01
    endloop
  endfacet
  facet normal 9.803800e-01 -1.971170e-01 0.000000e+00
    outer loop
      vertex   2.515221e+01 -4.197162e+00 3.350000e+01
      vertex   2.481983e+01 -5.850310e+00 8.000000e+00
      vertex   2.515221e+01 -4.197162e+00 8.000000e+00
    endloop
  endfacet
  facet normal 9.912641e-01 -1.318922e-01 0.000000e+00
    outer loop
      vertex   2.515221e+01 -4.197162e+00 3.350000e+01
      vertex   2.515221e+01 -4.197162e+00 8.000000e+00
      vertex   2.537461e+01 -2.525661e+00 3.350000e+01
    endloop
  endfacet
  facet normal 9.912641e-01 -1.318922e-01 2.296937e-18
    outer loop
      vertex   2.537461e+01 -2.525661e+00 3.350000e+01
      vertex   2.515221e+01 -4.197162e+00 8.000000e+00
      vertex   2.537461e+01 -2.525661e+00 8.000000e+00
    endloop
  endfacet
  facet normal 9.978136e-01 -6.609058e-02 1.150985e-18
    outer loop
      vertex   2.537461e+01 -2.525661e+00 3.350000e+01
      vertex   2.537461e+01 -2.525661e+00 8.000000e+00
      vertex   2.548606e+01 -8.431159e-01 3.350000e+01
    endloop
  endfacet
  facet normal 9.978136e-01 -6.609058e-02 0.000000e+00
    outer loop
      vertex   2.548606e+01 -8.431159e-01 3.350000e+01
      vertex   2.537461e+01 -2.525661e+00 8.000000e+00
      vertex   2.548606e+01 -8.431159e-01 8.000000e+00
    endloop
  endfacet
  facet normal 1.000000e+00 -0.000000e+00 0.000000e+00
    outer loop
      vertex   2.548606e+01 -8.431159e-01 3.350000e+01
      vertex   2.548606e+01 -8.431159e-01 8.000000e+00
      vertex   2.548606e+01 8.431159e-01 3.350000e+01
    endloop
  endfacet
  facet normal 1.000000e+00 0.000000e+00 0.000000e+00
    outer loop
      vertex   2.548606e+01 8.431159e-01 3.350000e+01
      vertex   2.548606e+01 -8.431159e-01 8.000000e+00
      vertex   2.548606e+01 8.431159e-01 8.000000e+00
    endloop
  endfacet
  facet normal 9.978136e-01 6.609058e-02 0.000000e+00
    outer loop
      vertex   2.548606e+01 8.431159e-01 3.350000e+01
      vertex   2.548606e+01 8.431159e-01 8.000000e+00
      vertex   2.537461e+01 2.525661e+00 3.350000e+01
    endloop
  endfacet
  facet normal 9.978136e-01 6.609058e-02 0.000000e+00
    outer loop
      vertex   2.537461e+01 2.525661e+00 3.350000e+01
      vertex   2.548606e+01 8.431159e-01 8.000000e+00
      vertex   2.537461e+01 2.525661e+00 8.000000e+00
    endloop
  endfacet
  facet normal 9.912641e-01 1.318922e-01 0.000000e+00
    outer loop
      vertex   2.537461e+01 2.525661e+00 3.350000e+01
      vertex   2.537461e+01 2.525661e+00 8.000000e+00
      vertex   2.515221e+01 4.197162e+00 3.350000e+01
    endloop
  endfacet
  facet normal 9.912641e-01 1.318922e-01 0.000000e+00
    outer loop
      vertex   2.515221e+01 4.197162e+00 3.350000e+01
      vertex   2.537461e+01 2.525661e+00 8.000000e+00
      vertex   2.515221e+01 4.197162e+00 8.000000e+00
    endloop
  endfacet
  facet normal 9.803800e-01 1.971170e-01 0.000000e+00
    outer loop
      vertex   2.515221e+01 4.197162e+00 3.350000e+01
      vertex   2.515221e+01 4.197162e+00 8.000000e+00
      vertex   2.481983e+01 5.850310e+00 3.350000e+01
    endloop
  endfacet
  facet normal 9.803800e-01 1.971170e-01 0.000000e+00
    outer loop
      vertex   2.481983e+01 5.850310e+00 3.350000e+01
      vertex   2.515221e+01 4.197162e+00 8.000000e+00
      vertex   2.481983e+01 5.850310e+00 8.000000e+00
    endloop
  endfacet
  facet normal 9.652089e-01 2.614799e-01 0.000000e+00
    outer loop
      vertex   2.481983e+01 5.850310e+00 3.350000e+01
      vertex   2.481983e+01 5.850310e+00 8.000000e+00
      vertex   2.437891e+01 7.477876e+00 3.350000e+01
    endloop
  endfacet
  facet normal 9.652089e-01 2.614799e-01 1.821497e-17
    outer loop
      vertex   2.437891e+01 7.477876e+00 3.350000e+01
      vertex   2.481983e+01 5.850310e+00 8.000000e+00
      vertex   2.437891e+01 7.477876e+00 8.000000e+00
    endloop
  endfacet
  facet normal 9.458172e-01 3.246995e-01 2.261891e-17
    outer loop
      vertex   2.437891e+01 7.477876e+00 3.350000e+01
      vertex   2.437891e+01 7.477876e+00 8.000000e+00
      vertex   2.383139e+01 9.072743e+00 3.350000e+01
    endloop
  endfacet
  facet normal 9.458172e-01 3.246995e-01 0.000000e+00
    outer loop
      vertex   2.383139e+01 9.072743e+00 3.350000e+01
      vertex   2.437891e+01 7.477876e+00 8.000000e+00
      vertex   2.383139e+01 9.072743e+00 8.000000e+00
    endloop
  endfacet
  facet normal 9.222898e-01 3.864992e-01 0.000000e+00
    outer loop
      vertex   2.383139e+01 9.072743e+00 3.350000e+01
      vertex   2.383139e+01 9.072743e+00 8.000000e+00
      vertex   2.317967e+01 1.062794e+01 3.350000e+01
    endloop
  endfacet
  facet normal 9.222898e-01 3.864992e-01 0.000000e+00
    outer loop
      vertex   2.317967e+01 1.062794e+01 3.350000e+01
      vertex   2.383139e+01 9.072743e+00 8.000000e+00
      vertex   2.317967e+01 1.062794e+01 8.000000e+00
    endloop
  endfacet
  facet normal 8.947293e-01 4.466088e-01 0.000000e+00
    outer loop
      vertex   2.317967e+01 1.062794e+01 3.350000e+01
      vertex   2.317967e+01 1.062794e+01 8.000000e+00
      vertex   2.242658e+01 1.213666e+01 3.350000e+01
    endloop
  endfacet
  facet normal 8.947293e-01 4.466088e-01 0.000000e+00
    outer loop
      vertex   2.242658e+01 1.213666e+01 3.350000e+01
      vertex   2.317967e+01 1.062794e+01 8.000000e+00
      vertex   2.242658e+01 1.213666e+01 8.000000e+00
    endloop
  endfacet
  facet normal 8.632565e-01 5.047655e-01 0.000000e+00
    outer loop
      vertex   2.242658e+01 1.213666e+01 3.350000e+01
      vertex   2.242658e+01 1.213666e+01 8.000000e+00
      vertex   2.157543e+01 1.359231e+01 3.350000e+01
    endloop
  endfacet
  facet normal 8.632565e-01 5.047655e-01 0.000000e+00
    outer loop
      vertex   2.157543e+01 1.359231e+01 3.350000e+01
      vertex   2.242658e+01 1.213666e+01 8.000000e+00
      vertex   2.157543e+01 1.359231e+01 8.000000e+00
    endloop
  endfacet
  facet normal 8.280088e-01 5.607151e-01 0.000000e+00
    outer loop
      vertex   2.157543e+01 1.359231e+01 3.350000e+01
      vertex   2.157543e+01 1.359231e+01 8.000000e+00
      vertex   2.062993e+01 1.498852e+01 3.350000e+01
    endloop
  endfacet
  facet normal 8.280088e-01 5.607151e-01 -7.812000e-17
    outer loop
      vertex   2.062993e+01 1.498852e+01 3.350000e+01
      vertex   2.157543e+01 1.359231e+01 8.000000e+00
      vertex   2.062993e+01 1.498852e+01 8.000000e+00
    endloop
  endfacet
  facet normal 7.891405e-01 6.142127e-01 -8.557341e-17
    outer loop
      vertex   2.062993e+01 1.498852e+01 3.350000e+01
      vertex   2.062993e+01 1.498852e+01 8.000000e+00
      vertex   1.959423e+01 1.631920e+01 3.350000e+01
    endloop
  endfacet
  facet normal 7.891405e-01 6.142127e-01 0.000000e+00
    outer loop
      vertex   1.959423e+01 1.631920e+01 3.350000e+01
      vertex   2.062993e+01 1.498852e+01 8.000000e+00
      vertex   1.959423e+01 1.631920e+01 8.000000e+00
    endloop
  endfacet
  facet normal 7.468215e-01 6.650246e-01 0.000000e+00
    outer loop
      vertex   1.959423e+01 1.631920e+01 3.350000e+01
      vertex   1.959423e+01 1.631920e+01 8.000000e+00
      vertex   1.847284e+01 1.757851e+01 3.350000e+01
    endloop
  endfacet
  facet normal 7.468215e-01 6.650246e-01 0.000000e+00
    outer loop
      vertex   1.847284e+01 1.757851e+01 3.350000e+01
      vertex   1.959423e+01 1.631920e+01 8.000000e+00
      vertex   1.847284e+01 1.757851e+01 8.000000e+00
    endloop
  endfacet
  facet normal 7.012368e-01 7.129284e-01 0.000000e+00
    outer loop
      vertex   1.847284e+01 1.757851e+01 3.350000e+01
      vertex   1.847284e+01 1.757851e+01 8.000000e+00
      vertex   1.727068e+01 1.876096e+01 3.350000e+01
    endloop
  endfacet
  facet normal 7.012368e-01 7.129284e-01 0.000000e+00
    outer loop
      vertex   1.727068e+01 1.876096e+01 3.350000e+01
      vertex   1.847284e+01 1.757851e+01 8.000000e+00
      vertex   1.727068e+01 1.876096e+01 8.000000e+00
    endloop
  endfacet
  facet normal 6.525858e-01 7.577149e-01 0.000000e+00
    outer loop
      vertex   1.727068e+01 1.876096e+01 3.350000e+01
      vertex   1.727068e+01 1.876096e+01 8.000000e+00
      vertex   1.599300e+01 1.986137e+01 3.350000e+01
    endloop
  endfacet
  facet normal 6.525858e-01 7.577149e-01 0.000000e+00
    outer loop
      vertex   1.599300e+01 1.986137e+01 3.350000e+01
      vertex   1.727068e+01 1.876096e+01 8.000000e+00
      vertex   1.599300e+01 1.986137e+01 8.000000e+00
    endloop
  endfacet
  facet normal 6.010811e-01 7.991880e-01 0.000000e+00
    outer loop
      vertex   1.599300e+01 1.986137e+01 3.350000e+01
      vertex   1.599300e+01 1.986137e+01 8.000000e+00
      vertex   1.464538e+01 2.087493e+01 3.350000e+01
    endloop
  endfacet
  facet normal 6.010811e-01 7.991880e-01 0.000000e+00
    outer loop
      vertex   1.464538e+01 2.087493e+01 3.350000e+01
      vertex   1.599300e+01 1.986137e+01 8.000000e+00
      vertex   1.464538e+01 2.087493e+01 8.000000e+00
    endloop
  endfacet
  facet normal 5.469482e-01 8.371665e-01 0.000000e+00
    outer loop
      vertex   1.464538e+01 2.087493e+01 3.350000e+01
      vertex   1.464538e+01 2.087493e+01 8.000000e+00
      vertex   1.323372e+01 2.179721e+01 3.350000e+01
    endloop
  endfacet
  facet normal 5.469482e-01 8.371665e-01 0.000000e+00
    outer loop
      vertex   1.323372e+01 2.179721e+01 3.350000e+01
      vertex   1.464538e+01 2.087493e+01 8.000000e+00
      vertex   1.323372e+01 2.179721e+01 8.000000e+00
    endloop
  endfacet
  facet normal 4.904235e-01 8.714842e-01 0.000000e+00
    outer loop
      vertex   1.323372e+01 2.179721e+01 3.350000e+01
      vertex   1.323372e+01 2.179721e+01 8.000000e+00
      vertex   1.176420e+01 2.262418e+01 3.350000e+01
    endloop
  endfacet
  facet normal 4.904235e-01 8.714842e-01 0.000000e+00
    outer loop
      vertex   1.176420e+01 2.262418e+01 3.350000e+01
      vertex   1.323372e+01 2.179721e+01 8.000000e+00
      vertex   1.176420e+01 2.262418e+01 8.000000e+00
    endloop
  endfacet
  facet normal 4.317544e-01 9.019912e-01 0.000000e+00
    outer loop
      vertex   1.176420e+01 2.262418e+01 3.350000e+01
      vertex   1.176420e+01 2.262418e+01 8.000000e+00
      vertex   1.024323e+01 2.335222e+01 3.350000e+01
    endloop
  endfacet
  facet normal 4.317544e-01 9.019912e-01 0.000000e+00
    outer loop
      vertex   1.024323e+01 2.335222e+01 3.350000e+01
      vertex   1.176420e+01 2.262418e+01 8.000000e+00
      vertex   1.024323e+01 2.335222e+01 8.000000e+00
    endloop
  endfacet
  facet normal 3.711972e-01 9.285540e-01 0.000000e+00
    outer loop
      vertex   1.024323e+01 2.335222e+01 3.350000e+01
      vertex   1.024323e+01 2.335222e+01 8.000000e+00
      vertex   8.677476e+00 2.397814e+01 3.350000e+01
    endloop
  endfacet
  facet normal 3.711972e-01 9.285540e-01 0.000000e+00
    outer loop
      vertex   8.677476e+00 2.397814e+01 3.350000e+01
      vertex   1.024323e+01 2.335222e+01 8.000000e+00
      vertex   8.677476e+00 2.397814e+01 8.000000e+00
    endloop
  endfacet
  facet normal 3.090170e-01 9.510565e-01 0.000000e+00
    outer loop
      vertex   8.677476e+00 2.397814e+01 3.350000e+01
      vertex   8.677476e+00 2.397814e+01 8.000000e+00
      vertex   7.073774e+00 2.449922e+01 3.350000e+01
    endloop
  endfacet
  facet normal 3.090170e-01 9.510565e-01 0.000000e+00
    outer loop
      vertex   7.073774e+00 2.449922e+01 3.350000e+01
      vertex   8.677476e+00 2.397814e+01 8.000000e+00
      vertex   7.073774e+00 2.449922e+01 8.000000e+00
    endloop
  endfacet
  facet normal 2.454855e-01 9.694003e-01 0.000000e+00
    outer loop
      vertex   7.073774e+00 2.449922e+01 3.350000e+01
      vertex   7.073774e+00 2.449922e+01 8.000000e+00
      vertex   5.439141e+00 2.491316e+01 3.350000e+01
    endloop
  endfacet
  facet normal 2.454855e-01 9.694003e-01 0.000000e+00
    outer loop
      vertex   5.439141e+00 2.491316e+01 3.350000e+01
      vertex   7.073774e+00 2.449922e+01 8.000000e+00
      vertex   5.439141e+00 2.491316e+01 8.000000e+00
    endloop
  endfacet
  facet normal 1.808805e-01 9.835051e-01 0.000000e+00
    outer loop
      vertex   5.439141e+00 2.491316e+01 3.350000e+01
      vertex   5.439141e+00 2.491316e+01 8.000000e+00
      vertex   3.780723e+00 2.521817e+01 3.350000e+01
    endloop
  endfacet
  facet normal 1.808805e-01 9.835051e-01 0.000000e+00
    outer loop
      vertex   3.780723e+00 2.521817e+01 3.350000e+01
      vertex   5.439141e+00 2.491316e+01 8.000000e+00
      vertex   3.780723e+00 2.521817e+01 8.000000e+00
    endloop
  endfacet
  facet normal 1.154846e-01 9.933093e-01 0.000000e+00
    outer loop
      vertex   3.780723e+00 2.521817e+01 3.350000e+01
      vertex   3.780723e+00 2.521817e+01 8.000000e+00
      vertex   2.105773e+00 2.541290e+01 3.350000e+01
    endloop
  endfacet
  facet normal 1.154846e-01 9.933093e-01 0.000000e+00
    outer loop
      vertex   2.105773e+00 2.541290e+01 3.350000e+01
      vertex   3.780723e+00 2.521817e+01 8.000000e+00
      vertex   2.105773e+00 2.541290e+01 8.000000e+00
    endloop
  endfacet
  facet normal 4.958375e-02 9.987700e-01 0.000000e+00
    outer loop
      vertex   2.105773e+00 2.541290e+01 3.350000e+01
      vertex   2.105773e+00 2.541290e+01 8.000000e+00
      vertex   4.216156e-01 2.549651e+01 3.350000e+01
    endloop
  endfacet
  facet normal 4.958375e-02 9.987700e-01 0.000000e+00
    outer loop
      vertex   4.216156e-01 2.549651e+01 3.350000e+01
      vertex   2.105773e+00 2.541290e+01 8.000000e+00
      vertex   4.216156e-01 2.549651e+01 8.000000e+00
    endloop
  endfacet
  facet normal -1.653394e-02 9.998633e-01 0.000000e+00
    outer loop
      vertex   4.216156e-01 2.549651e+01 3.350000e+01
      vertex   4.216156e-01 2.549651e+01 8.000000e+00
      vertex   -1.264386e+00 2.546863e+01 3.350000e+01
    endloop
  endfacet
  facet normal -1.653394e-02 9.998633e-01 0.000000e+00
    outer loop
      vertex   -1.264386e+00 2.546863e+01 3.350000e+01
      vertex   4.216156e-01 2.549651e+01 8.000000e+00
      vertex   -1.264386e+00 2.546863e+01 8.000000e+00
    endloop
  endfacet
  facet normal -8.257935e-02 9.965845e-01 0.000000e+00
    outer loop
      vertex   -1.264386e+00 2.546863e+01 3.350000e+01
      vertex   -1.264386e+00 2.546863e+01 8.000000e+00
      vertex   -2.944858e+00 2.532939e+01 3.350000e+01
    endloop
  endfacet
  facet normal -8.257935e-02 9.965845e-01 0.000000e+00
    outer loop
      vertex   -2.944858e+00 2.532939e+01 3.350000e+01
      vertex   -1.264386e+00 2.546863e+01 8.000000e+00
      vertex   -2.944858e+00 2.532939e+01 8.000000e+00
    endloop
  endfacet
  facet normal -1.482636e-01 9.889479e-01 0.000000e+00
    outer loop
      vertex   -2.944858e+00 2.532939e+01 3.350000e+01
      vertex   -2.944858e+00 2.532939e+01 8.000000e+00
      vertex   -4.612454e+00 2.507938e+01 3.350000e+01
    endloop
  endfacet
  facet normal -1.482636e-01 9.889479e-01 0.000000e+00
    outer loop
      vertex   -4.612454e+00 2.507938e+01 3.350000e+01
      vertex   -2.944858e+00 2.532939e+01 8.000000e+00
      vertex   -4.612454e+00 2.507938e+01 8.000000e+00
    endloop
  endfacet
  facet normal -2.132996e-01 9.769868e-01 0.000000e+00
    outer loop
      vertex   -4.612454e+00 2.507938e+01 3.350000e+01
      vertex   -4.612454e+00 2.507938e+01 8.000000e+00
      vertex   -6.259880e+00 2.471971e+01 3.350000e+01
    endloop
  endfacet
  facet normal -2.132996e-01 9.769868e-01 0.000000e+00
    outer loop
      vertex   -6.259880e+00 2.471971e+01 3.350000e+01
      vertex   -4.612454e+00 2.507938e+01 8.000000e+00
      vertex   -6.259880e+00 2.471971e+01 8.000000e+00
    endloop
  endfacet
  facet normal -2.774029e-01 9.607537e-01 0.000000e+00
    outer loop
      vertex   -6.259880e+00 2.471971e+01 3.350000e+01
      vertex   -6.259880e+00 2.471971e+01 8.000000e+00
      vertex   -7.879933e+00 2.425194e+01 3.350000e+01
    endloop
  endfacet
  facet normal -2.774029e-01 9.607537e-01 0.000000e+00
    outer loop
      vertex   -7.879933e+00 2.425194e+01 3.350000e+01
      vertex   -6.259880e+00 2.471971e+01 8.000000e+00
      vertex   -7.879933e+00 2.425194e+01 8.000000e+00
    endloop
  endfacet
  facet normal -3.402932e-01 9.403194e-01 0.000000e+00
    outer loop
      vertex   -7.879933e+00 2.425194e+01 3.350000e+01
      vertex   -7.879933e+00 2.425194e+01 8.000000e+00
      vertex   -9.465530e+00 2.367813e+01 3.350000e+01
    endloop
  endfacet
  facet normal -3.402932e-01 9.403194e-01 0.000000e+00
    outer loop
      vertex   -9.465530e+00 2.367813e+01 3.350000e+01
      vertex   -7.879933e+00 2.425194e+01 8.000000e+00
      vertex   -9.465530e+00 2.367813e+01 8.000000e+00
    endloop
  endfacet
  facet normal -4.016954e-01 9.157733e-01 0.000000e+00
    outer loop
      vertex   -9.465530e+00 2.367813e+01 3.350000e+01
      vertex   -9.465530e+00 2.367813e+01 8.000000e+00
      vertex   -1.100974e+01 2.300078e+01 3.350000e+01
    endloop
  endfacet
  facet normal -4.016954e-01 9.157733e-01 0.000000e+00
    outer loop
      vertex   -1.100974e+01 2.300078e+01 3.350000e+01
      vertex   -9.465530e+00 2.367813e+01 8.000000e+00
      vertex   -1.100974e+01 2.300078e+01 8.000000e+00
    endloop
  endfacet
  facet normal -4.613412e-01 8.872228e-01 0.000000e+00
    outer loop
      vertex   -1.100974e+01 2.300078e+01 3.350000e+01
      vertex   -1.100974e+01 2.300078e+01 8.000000e+00
      vertex   -1.250580e+01 2.222285e+01 3.350000e+01
    endloop
  endfacet
  facet normal -4.613412e-01 8.872228e-01 0.000000e+00
    outer loop
      vertex   -1.250580e+01 2.222285e+01 3.350000e+01
      vertex   -1.100974e+01 2.300078e+01 8.000000e+00
      vertex   -1.250580e+01 2.222285e+01 8.000000e+00
    endloop
  endfacet
  facet normal -5.189696e-01 8.547927e-01 0.000000e+00
    outer loop
      vertex   -1.250580e+01 2.222285e+01 3.350000e+01
      vertex   -1.250580e+01 2.222285e+01 8.000000e+00
      vertex   -1.394718e+01 2.134775e+01 3.350000e+01
    endloop
  endfacet
  facet normal -5.189696e-01 8.547927e-01 0.000000e+00
    outer loop
      vertex   -1.394718e+01 2.134775e+01 3.350000e+01
      vertex   -1.250580e+01 2.222285e+01 8.000000e+00
      vertex   -1.394718e+01 2.134775e+01 8.000000e+00
    endloop
  endfacet
  facet normal -5.743287e-01 8.186248e-01 0.000000e+00
    outer loop
      vertex   -1.394718e+01 2.134775e+01 3.350000e+01
      vertex   -1.394718e+01 2.134775e+01 8.000000e+00
      vertex   -1.532757e+01 2.037929e+01 3.350000e+01
    endloop
  endfacet
  facet normal -5.743287e-01 8.186248e-01 0.000000e+00
    outer loop
      vertex   -1.532757e+01 2.037929e+01 3.350000e+01
      vertex   -1.394718e+01 2.134775e+01 8.000000e+00
      vertex   -1.532757e+01 2.037929e+01 8.000000e+00
    endloop
  endfacet
  facet normal -6.271764e-01 7.788773e-01 0.000000e+00
    outer loop
      vertex   -1.532757e+01 2.037929e+01 3.350000e+01
      vertex   -1.532757e+01 2.037929e+01 8.000000e+00
      vertex   -1.664094e+01 1.932173e+01 3.350000e+01
    endloop
  endfacet
  facet normal -6.271764e-01 7.788773e-01 0.000000e+00
    outer loop
      vertex   -1.664094e+01 1.932173e+01 3.350000e+01
      vertex   -1.532757e+01 2.037929e+01 8.000000e+00
      vertex   -1.664094e+01 1.932173e+01 8.000000e+00
    endloop
  endfacet
  facet normal -6.772816e-01 7.357239e-01 0.000000e+00
    outer loop
      vertex   -1.664094e+01 1.932173e+01 3.350000e+01
      vertex   -1.664094e+01 1.932173e+01 8.000000e+00
      vertex   -1.788154e+01 1.817968e+01 3.350000e+01
    endloop
  endfacet
  facet normal -6.772816e-01 7.357239e-01 0.000000e+00
    outer loop
      vertex   -1.788154e+01 1.817968e+01 3.350000e+01
      vertex   -1.664094e+01 1.932173e+01 8.000000e+00
      vertex   -1.788154e+01 1.817968e+01 8.000000e+00
    endloop
  endfacet
  facet normal -7.244252e-01 6.893534e-01 0.000000e+00
    outer loop
      vertex   -1.788154e+01 1.817968e+01 3.350000e+01
      vertex   -1.788154e+01 1.817968e+01 8.000000e+00
      vertex   -1.904395e+01 1.695813e+01 3.350000e+01
    endloop
  endfacet
  facet normal -7.244252e-01 6.893534e-01 0.000000e+00
    outer loop
      vertex   -1.904395e+01 1.695813e+01 3.350000e+01
      vertex   -1.788154e+01 1.817968e+01 8.000000e+00
      vertex   -1.904395e+01 1.695813e+01 8.000000e+00
    endloop
  endfacet
  facet normal -7.684011e-01 6.399685e-01 0.000000e+00
    outer loop
      vertex   -1.904395e+01 1.695813e+01 3.350000e+01
      vertex   -1.904395e+01 1.695813e+01 8.000000e+00
      vertex   -2.012308e+01 1.566242e+01 3.350000e+01
    endloop
  endfacet
  facet normal -7.684011e-01 6.399685e-01 0.000000e+00
    outer loop
      vertex   -2.012308e+01 1.566242e+01 3.350000e+01
      vertex   -1.904395e+01 1.695813e+01 8.000000e+00
      vertex   -2.012308e+01 1.566242e+01 8.000000e+00
    endloop
  endfacet
  facet normal -8.090170e-01 5.877853e-01 0.000000e+00
    outer loop
      vertex   -2.012308e+01 1.566242e+01 3.350000e+01
      vertex   -2.012308e+01 1.566242e+01 8.000000e+00
      vertex   -2.111423e+01 1.429823e+01 3.350000e+01
    endloop
  endfacet
  facet normal -8.090170e-01 5.877853e-01 0.000000e+00
    outer loop
      vertex   -2.111423e+01 1.429823e+01 3.350000e+01
      vertex   -2.012308e+01 1.566242e+01 8.000000e+00
      vertex   -2.111423e+01 1.429823e+01 8.000000e+00
    endloop
  endfacet
  facet normal -8.460953e-01 5.330317e-01 0.000000e+00
    outer loop
      vertex   -2.111423e+01 1.429823e+01 3.350000e+01
      vertex   -2.111423e+01 1.429823e+01 8.000000e+00
      vertex   -2.201304e+01 1.287152e+01 3.350000e+01
    endloop
  endfacet
  facet normal -8.460953e-01 5.330317e-01 0.000000e+00
    outer loop
      vertex   -2.201304e+01 1.287152e+01 3.350000e+01
      vertex   -2.111423e+01 1.429823e+01 8.000000e+00
      vertex   -2.201304e+01 1.287152e+01 8.000000e+00
    endloop
  endfacet
  facet normal -8.794738e-01 4.759474e-01 0.000000e+00
    outer loop
      vertex   -2.201304e+01 1.287152e+01 3.350000e+01
      vertex   -2.201304e+01 1.287152e+01 8.000000e+00
      vertex   -2.281560e+01 1.138852e+01 3.350000e+01
    endloop
  endfacet
  facet normal -8.794738e-01 4.759474e-01 0.000000e+00
    outer loop
      vertex   -2.281560e+01 1.138852e+01 3.350000e+01
      vertex   -2.201304e+01 1.287152e+01 8.000000e+00
      vertex   -2.281560e+01 1.138852e+01 8.000000e+00
    endloop
  endfacet
  facet normal -9.090065e-01 4.167819e-01 0.000000e+00
    outer loop
      vertex   -2.281560e+01 1.138852e+01 3.350000e+01
      vertex   -2.281560e+01 1.138852e+01 8.000000e+00
      vertex   -2.351839e+01 9.855729e+00 3.350000e+01
    endloop
  endfacet
  facet normal -9.090065e-01 4.167819e-01 0.000000e+00
    outer loop
      vertex   -2.351839e+01 9.855729e+00 3.350000e+01
      vertex   -2.281560e+01 1.138852e+01 8.000000e+00
      vertex   -2.351839e+01 9.855729e+00 8.000000e+00
    endloop
  endfacet
  facet normal -9.345645e-01 3.557938e-01 0.000000e+00
    outer loop
      vertex   -2.351839e+01 9.855729e+00 3.350000e+01
      vertex   -2.351839e+01 9.855729e+00 8.000000e+00
      vertex   -2.411834e+01 8.279836e+00 3.350000e+01
    endloop
  endfacet
  facet normal -9.345645e-01 3.557938e-01 0.000000e+00
    outer loop
      vertex   -2.411834e+01 8.279836e+00 3.350000e+01
      vertex   -2.351839e+01 9.855729e+00 8.000000e+00
      vertex   -2.411834e+01 8.279836e+00 8.000000e+00
    endloop
  endfacet
  facet normal -9.560358e-01 2.932500e-01 0.000000e+00
    outer loop
      vertex   -2.411834e+01 8.279836e+00 3.350000e+01
      vertex   -2.411834e+01 8.279836e+00 8.000000e+00
      vertex   -2.461283e+01 6.667738e+00 3.350000e+01
    endloop
  endfacet
  facet normal -9.560358e-01 2.932500e-01 0.000000e+00
    outer loop
      vertex   -2.461283e+01 6.667738e+00 3.350000e+01
      vertex   -2.411834e+01 8.279836e+00 8.000000e+00
      vertex   -2.461283e+01 6.667738e+00 8.000000e+00
    endloop
  endfacet
  facet normal -9.733266e-01 2.294239e-01 0.000000e+00
    outer loop
      vertex   -2.461283e+01 6.667738e+00 3.350000e+01
      vertex   -2.461283e+01 6.667738e+00 8.000000e+00
      vertex   -2.499969e+01 5.026484e+00 3.350000e+01
    endloop
  endfacet
  facet normal -9.733266e-01 2.294239e-01 0.000000e+00
    outer loop
      vertex   -2.499969e+01 5.026484e+00 3.350000e+01
      vertex   -2.461283e+01 6.667738e+00 8.000000e+00
      vertex   -2.499969e+01 5.026484e+00 8.000000e+00
    endloop
  endfacet
  facet normal -9.863613e-01 1.645946e-01 0.000000e+00
    outer loop
      vertex   -2.499969e+01 5.026484e+00 3.350000e+01
      vertex   -2.499969e+01 5.026484e+00 8.000000e+00
      vertex   -2.527723e+01 3.363250e+00 3.350000e+01
    endloop
  endfacet
  facet normal -9.863613e-01 1.645946e-01 0.000000e+00
    outer loop
      vertex   -2.527723e+01 3.363250e+00 3.350000e+01
      vertex   -2.499969e+01 5.026484e+00 8.000000e+00
      vertex   -2.527723e+01 3.363250e+00 8.000000e+00
    endloop
  endfacet
  facet normal -9.950829e-01 9.904553e-02 0.000000e+00
    outer loop
      vertex   -2.527723e+01 3.363250e+00 3.350000e+01
      vertex   -2.527723e+01 3.363250e+00 8.000000e+00
      vertex   -2.544425e+01 1.685310e+00 3.350000e+01
    endloop
  endfacet
  facet normal -9.950829e-01 9.904553e-02 0.000000e+00
    outer loop
      vertex   -2.544425e+01 1.685310e+00 3.350000e+01
      vertex   -2.527723e+01 3.363250e+00 8.000000e+00
      vertex   -2.544425e+01 1.685310e+00 8.000000e+00
    endloop
  endfacet
  facet normal -9.994533e-01 -3.306337e-02 0.000000e+00
    outer loop
      vertex   -2.544425e+01 -1.685310e+00 -1.750000e+01
      vertex   -2.544425e+01 -1.685310e+00 8.000000e+00
      vertex   -2.550000e+01 -3.122849e-15 -1.750000e+01
    endloop
  endfacet
  facet normal -9.994533e-01 -3.306337e-02 0.000000e+00
    outer loop
      vertex   -2.550000e+01 -3.122849e-15 -1.750000e+01
      vertex   -2.544425e+01 -1.685310e+00 8.000000e+00
      vertex   -2.550000e+01 -3.122849e-15 8.000000e+00
    endloop
  endfacet
  facet normal -9.994533e-01 3.306337e-02 0.000000e+00
    outer loop
      vertex   -2.550000e+01 -3.122849e-15 -1.750000e+01
      vertex   -2.550000e+01 -3.122849e-15 8.000000e+00
      vertex   -2.544425e+01 1.685310e+00 -1.750000e+01
    endloop
  endfacet
  facet normal -9.994533e-01 3.306337e-02 0.000000e+00
    outer loop
      vertex   -2.544425e+01 1.685310e+00 -1.750000e+01
      vertex   -2.550000e+01 -3.122849e-15 8.000000e+00
      vertex   -2.544425e+01 1.685310e+00 8.000000e+00
    endloop
  endfacet
  facet normal -9.950829e-01 9.904553e-02 0.000000e+00
    outer loop
      vertex   -2.544425e+01 1.685310e+00 -1.750000e+01
      vertex   -2.544425e+01 1.685310e+00 8.000000e+00
      vertex   -2.527723e+01 3.363250e+00 -1.750000e+01
    endloop
  endfacet
  facet normal -9.950829e-01 9.904553e-02 0.000000e+00
    outer loop
      vertex   -2.527723e+01 3.363250e+00 -1.750000e+01
      vertex   -2.544425e+01 1.685310e+00 8.000000e+00
      vertex   -2.527723e+01 3.363250e+00 8.000000e+00
    endloop
  endfacet
  facet normal -9.863613e-01 1.645946e-01 0.000000e+00
    outer loop
      vertex   -2.527723e+01 3.363250e+00 -1.750000e+01
      vertex   -2.527723e+01 3.363250e+00 8.000000e+00
      vertex   -2.499969e+01 5.026484e+00 -1.750000e+01
    endloop
  endfacet
  facet normal -9.863613e-01 1.645946e-01 0.000000e+00
    outer loop
      vertex   -2.499969e+01 5.026484e+00 -1.750000e+01
      vertex   -2.527723e+01 3.363250e+00 8.000000e+00
      vertex   -2.499969e+01 5.026484e+00 8.000000e+00
    endloop
  endfacet
  facet normal -9.733266e-01 2.294239e-01 0.000000e+00
    outer loop
      vertex   -2.499969e+01 5.026484e+00 -1.750000e+01
      vertex   -2.499969e+01 5.026484e+00 8.000000e+00
      vertex   -2.461283e+01 6.667738e+00 -1.750000e+01
    endloop
  endfacet
  facet normal -9.733266e-01 2.294239e-01 0.000000e+00
    outer loop
      vertex   -2.461283e+01 6.667738e+00 -1.750000e+01
      vertex   -2.499969e+01 5.026484e+00 8.000000e+00
      vertex   -2.461283e+01 6.667738e+00 8.000000e+00
    endloop
  endfacet
  facet normal -9.560358e-01 2.932500e-01 0.000000e+00
    outer loop
      vertex   -2.461283e+01 6.667738e+00 -1.750000e+01
      vertex   -2.461283e+01 6.667738e+00 8.000000e+00
      vertex   -2.411834e+01 8.279836e+00 -1.750000e+01
    endloop
  endfacet
  facet normal -9.560358e-01 2.932500e-01 0.000000e+00
    outer loop
      vertex   -2.411834e+01 8.279836e+00 -1.750000e+01
      vertex   -2.461283e+01 6.667738e+00 8.000000e+00
      vertex   -2.411834e+01 8.279836e+00 8.000000e+00
    endloop
  endfacet
  facet normal -9.345645e-01 3.557938e-01 0.000000e+00
    outer loop
      vertex   -2.411834e+01 8.279836e+00 -1.750000e+01
      vertex   -2.411834e+01 8.279836e+00 8.000000e+00
      vertex   -2.351839e+01 9.855729e+00 -1.750000e+01
    endloop
  endfacet
  facet normal -9.345645e-01 3.557938e-01 0.000000e+00
    outer loop
      vertex   -2.351839e+01 9.855729e+00 -1.750000e+01
      vertex   -2.411834e+01 8.279836e+00 8.000000e+00
      vertex   -2.351839e+01 9.855729e+00 8.000000e+00
    endloop
  endfacet
  facet normal -9.090065e-01 4.167819e-01 0.000000e+00
    outer loop
      vertex   -2.351839e+01 9.855729e+00 -1.750000e+01
      vertex   -2.351839e+01 9.855729e+00 8.000000e+00
      vertex   -2.281560e+01 1.138852e+01 -1.750000e+01
    endloop
  endfacet
  facet normal -9.090065e-01 4.167819e-01 0.000000e+00
    outer loop
      vertex   -2.281560e+01 1.138852e+01 -1.750000e+01
      vertex   -2.351839e+01 9.855729e+00 8.000000e+00
      vertex   -2.281560e+01 1.138852e+01 8.000000e+00
    endloop
  endfacet
  facet normal -8.794738e-01 4.759474e-01 0.000000e+00
    outer loop
      vertex   -2.281560e+01 1.138852e+01 -1.750000e+01
      vertex   -2.281560e+01 1.138852e+01 8.000000e+00
      vertex   -2.201304e+01 1.287152e+01 -1.750000e+01
    endloop
  endfacet
  facet normal -8.794738e-01 4.759474e-01 0.000000e+00
    outer loop
      vertex   -2.201304e+01 1.287152e+01 -1.750000e+01
      vertex   -2.281560e+01 1.138852e+01 8.000000e+00
      vertex   -2.201304e+01 1.287152e+01 8.000000e+00
    endloop
  endfacet
  facet normal -8.460953e-01 5.330317e-01 0.000000e+00
    outer loop
      vertex   -2.201304e+01 1.287152e+01 -1.750000e+01
      vertex   -2.201304e+01 1.287152e+01 8.000000e+00
      vertex   -2.111423e+01 1.429823e+01 -1.750000e+01
    endloop
  endfacet
  facet normal -8.460953e-01 5.330317e-01 0.000000e+00
    outer loop
      vertex   -2.111423e+01 1.429823e+01 -1.750000e+01
      vertex   -2.201304e+01 1.287152e+01 8.000000e+00
      vertex   -2.111423e+01 1.429823e+01 8.000000e+00
    endloop
  endfacet
  facet normal -8.090170e-01 5.877853e-01 0.000000e+00
    outer loop
      vertex   -2.111423e+01 1.429823e+01 -1.750000e+01
      vertex   -2.111423e+01 1.429823e+01 8.000000e+00
      vertex   -2.012308e+01 1.566242e+01 -1.750000e+01
    endloop
  endfacet
  facet normal -8.090170e-01 5.877853e-01 0.000000e+00
    outer loop
      vertex   -2.012308e+01 1.566242e+01 -1.750000e+01
      vertex   -2.111423e+01 1.429823e+01 8.000000e+00
      vertex   -2.012308e+01 1.566242e+01 8.000000e+00
    endloop
  endfacet
  facet normal -7.684011e-01 6.399685e-01 0.000000e+00
    outer loop
      vertex   -2.012308e+01 1.566242e+01 -1.750000e+01
      vertex   -2.012308e+01 1.566242e+01 8.000000e+00
      vertex   -1.904395e+01 1.695813e+01 -1.750000e+01
    endloop
  endfacet
  facet normal -7.684011e-01 6.399685e-01 0.000000e+00
    outer loop
      vertex   -1.904395e+01 1.695813e+01 -1.750000e+01
      vertex   -2.012308e+01 1.566242e+01 8.000000e+00
      vertex   -1.904395e+01 1.695813e+01 8.000000e+00
    endloop
  endfacet
  facet normal -7.244252e-01 6.893534e-01 0.000000e+00
    outer loop
      vertex   -1.904395e+01 1.695813e+01 -1.750000e+01
      vertex   -1.904395e+01 1.695813e+01 8.000000e+00
      vertex   -1.788154e+01 1.817968e+01 -1.750000e+01
    endloop
  endfacet
  facet normal -7.244252e-01 6.893534e-01 0.000000e+00
    outer loop
      vertex   -1.788154e+01 1.817968e+01 -1.750000e+01
      vertex   -1.904395e+01 1.695813e+01 8.000000e+00
      vertex   -1.788154e+01 1.817968e+01 8.000000e+00
    endloop
  endfacet
  facet normal -6.772816e-01 7.357239e-01 0.000000e+00
    outer loop
      vertex   -1.788154e+01 1.817968e+01 -1.750000e+01
      vertex   -1.788154e+01 1.817968e+01 8.000000e+00
      vertex   -1.664094e+01 1.932173e+01 -1.750000e+01
    endloop
  endfacet
  facet normal -6.772816e-01 7.357239e-01 0.000000e+00
    outer loop
      vertex   -1.664094e+01 1.932173e+01 -1.750000e+01
      vertex   -1.788154e+01 1.817968e+01 8.000000e+00
      vertex   -1.664094e+01 1.932173e+01 8.000000e+00
    endloop
  endfacet
  facet normal -6.271764e-01 7.788773e-01 0.000000e+00
    outer loop
      vertex   -1.664094e+01 1.932173e+01 -1.750000e+01
      vertex   -1.664094e+01 1.932173e+01 8.000000e+00
      vertex   -1.532757e+01 2.037929e+01 -1.750000e+01
    endloop
  endfacet
  facet normal -6.271764e-01 7.788773e-01 0.000000e+00
    outer loop
      vertex   -1.532757e+01 2.037929e+01 -1.750000e+01
      vertex   -1.664094e+01 1.932173e+01 8.000000e+00
      vertex   -1.532757e+01 2.037929e+01 8.000000e+00
    endloop
  endfacet
  facet normal -5.743287e-01 8.186248e-01 0.000000e+00
    outer loop
      vertex   -1.532757e+01 2.037929e+01 -1.750000e+01
      vertex   -1.532757e+01 2.037929e+01 8.000000e+00
      vertex   -1.394718e+01 2.134775e+01 -1.750000e+01
    endloop
  endfacet
  facet normal -5.743287e-01 8.186248e-01 0.000000e+00
    outer loop
      vertex   -1.394718e+01 2.134775e+01 -1.750000e+01
      vertex   -1.532757e+01 2.037929e+01 8.000000e+00
      vertex   -1.394718e+01 2.134775e+01 8.000000e+00
    endloop
  endfacet
  facet normal -5.189696e-01 8.547927e-01 0.000000e+00
    outer loop
      vertex   -1.394718e+01 2.134775e+01 -1.750000e+01
      vertex   -1.394718e+01 2.134775e+01 8.000000e+00
      vertex   -1.250580e+01 2.222285e+01 -1.750000e+01
    endloop
  endfacet
  facet normal -5.189696e-01 8.547927e-01 0.000000e+00
    outer loop
      vertex   -1.250580e+01 2.222285e+01 -1.750000e+01
      vertex   -1.394718e+01 2.134775e+01 8.000000e+00
      vertex   -1.250580e+01 2.222285e+01 8.000000e+00
    endloop
  endfacet
  facet normal -4.613412e-01 8.872228e-01 0.000000e+00
    outer loop
      vertex   -1.250580e+01 2.222285e+01 -1.750000e+01
      vertex   -1.250580e+01 2.222285e+01 8.000000e+00
      vertex   -1.100974e+01 2.300078e+01 -1.750000e+01
    endloop
  endfacet
  facet normal -4.613412e-01 8.872228e-01 0.000000e+00
    outer loop
      vertex   -1.100974e+01 2.300078e+01 -1.750000e+01
      vertex   -1.250580e+01 2.222285e+01 8.000000e+00
      vertex   -1.100974e+01 2.300078e+01 8.000000e+00
    endloop
  endfacet
  facet normal -4.016954e-01 9.157733e-01 0.000000e+00
    outer loop
      vertex   -1.100974e+01 2.300078e+01 -1.750000e+01
      vertex   -1.100974e+01 2.300078e+01 8.000000e+00
      vertex   -9.465530e+00 2.367813e+01 -1.750000e+01
    endloop
  endfacet
  facet normal -4.016954e-01 9.157733e-01 0.000000e+00
    outer loop
      vertex   -9.465530e+00 2.367813e+01 -1.750000e+01
      vertex   -1.100974e+01 2.300078e+01 8.000000e+00
      vertex   -9.465530e+00 2.367813e+01 8.000000e+00
    endloop
  endfacet
  facet normal -3.402932e-01 9.403194e-01 0.000000e+00
    outer loop
      vertex   -9.465530e+00 2.367813e+01 -1.750000e+01
      vertex   -9.465530e+00 2.367813e+01 8.000000e+00
      vertex   -7.879933e+00 2.425194e+01 -1.750000e+01
    endloop
  endfacet
  facet normal -3.402932e-01 9.403194e-01 0.000000e+00
    outer loop
      vertex   -7.879933e+00 2.425194e+01 -1.750000e+01
      vertex   -9.465530e+00 2.367813e+01 8.000000e+00
      vertex   -7.879933e+00 2.425194e+01 8.000000e+00
    endloop
  endfacet
  facet normal -2.774029e-01 9.607537e-01 0.000000e+00
    outer loop
      vertex   -7.879933e+00 2.425194e+01 -1.750000e+01
      vertex   -7.879933e+00 2.425194e+01 8.000000e+00
      vertex   -6.259880e+00 2.471971e+01 -1.750000e+01
    endloop
  endfacet
  facet normal -2.774029e-01 9.607537e-01 0.000000e+00
    outer loop
      vertex   -6.259880e+00 2.471971e+01 -1.750000e+01
      vertex   -7.879933e+00 2.425194e+01 8.000000e+00
      vertex   -6.259880e+00 2.471971e+01 8.000000e+00
    endloop
  endfacet
  facet normal -2.132996e-01 9.769868e-01 0.000000e+00
    outer loop
      vertex   -6.259880e+00 2.471971e+01 -1.750000e+01
      vertex   -6.259880e+00 2.471971e+01 8.000000e+00
      vertex   -4.612454e+00 2.507938e+01 -1.750000e+01
    endloop
  endfacet
  facet normal -2.132996e-01 9.769868e-01 0.000000e+00
    outer loop
      vertex   -4.612454e+00 2.507938e+01 -1.750000e+01
      vertex   -6.259880e+00 2.471971e+01 8.000000e+00
      vertex   -4.612454e+00 2.507938e+01 8.000000e+00
    endloop
  endfacet
  facet normal -1.482636e-01 9.889479e-01 0.000000e+00
    outer loop
      vertex   -4.612454e+00 2.507938e+01 -1.750000e+01
      vertex   -4.612454e+00 2.507938e+01 8.000000e+00
      vertex   -2.944858e+00 2.532939e+01 -1.750000e+01
    endloop
  endfacet
  facet normal -1.482636e-01 9.889479e-01 0.000000e+00
    outer loop
      vertex   -2.944858e+00 2.532939e+01 -1.750000e+01
      vertex   -4.612454e+00 2.507938e+01 8.000000e+00
      vertex   -2.944858e+00 2.532939e+01 8.000000e+00
    endloop
  endfacet
  facet normal -8.257935e-02 9.965845e-01 0.000000e+00
    outer loop
      vertex   -2.944858e+00 2.532939e+01 -1.750000e+01
      vertex   -2.944858e+00 2.532939e+01 8.000000e+00
      vertex   -1.264386e+00 2.546863e+01 -1.750000e+01
    endloop
  endfacet
  facet normal -8.257935e-02 9.965845e-01 0.000000e+00
    outer loop
      vertex   -1.264386e+00 2.546863e+01 -1.750000e+01
      vertex   -2.944858e+00 2.532939e+01 8.000000e+00
      vertex   -1.264386e+00 2.546863e+01 8.000000e+00
    endloop
  endfacet
  facet normal -1.653394e-02 9.998633e-01 0.000000e+00
    outer loop
      vertex   -1.264386e+00 2.546863e+01 -1.750000e+01
      vertex   -1.264386e+00 2.546863e+01 8.000000e+00
      vertex   4.216156e-01 2.549651e+01 -1.750000e+01
    endloop
  endfacet
  facet normal -1.653394e-02 9.998633e-01 0.000000e+00
    outer loop
      vertex   4.216156e-01 2.549651e+01 -1.750000e+01
      vertex   -1.264386e+00 2.546863e+01 8.000000e+00
      vertex   4.216156e-01 2.549651e+01 8.000000e+00
    endloop
  endfacet
  facet normal 4.958375e-02 9.987700e-01 -0.000000e+00
    outer loop
      vertex   4.216156e-01 2.549651e+01 -1.750000e+01
      vertex   4.216156e-01 2.549651e+01 8.000000e+00
      vertex   2.105773e+00 2.541290e+01 -1.750000e+01
    endloop
  endfacet
  facet normal 4.958375e-02 9.987700e-01 -0.000000e+00
    outer loop
      vertex   2.105773e+00 2.541290e+01 -1.750000e+01
      vertex   4.216156e-01 2.549651e+01 8.000000e+00
      vertex   2.105773e+00 2.541290e+01 8.000000e+00
    endloop
  endfacet
  facet normal 1.154846e-01 9.933093e-01 -0.000000e+00
    outer loop
      vertex   2.105773e+00 2.541290e+01 -1.750000e+01
      vertex   2.105773e+00 2.541290e+01 8.000000e+00
      vertex   3.780723e+00 2.521817e+01 -1.750000e+01
    endloop
  endfacet
  facet normal 1.154846e-01 9.933093e-01 -0.000000e+00
    outer loop
      vertex   3.780723e+00 2.521817e+01 -1.750000e+01
      vertex   2.105773e+00 2.541290e+01 8.000000e+00
      vertex   3.780723e+00 2.521817e+01 8.000000e+00
    endloop
  endfacet
  facet normal 1.808805e-01 9.835051e-01 -0.000000e+00
    outer loop
      vertex   3.780723e+00 2.521817e+01 -1.750000e+01
      vertex   3.780723e+00 2.521817e+01 8.000000e+00
      vertex   5.439141e+00 2.491316e+01 -1.750000e+01
    endloop
  endfacet
  facet normal 1.808805e-01 9.835051e-01 -0.000000e+00
    outer loop
      vertex   5.439141e+00 2.491316e+01 -1.750000e+01
      vertex   3.780723e+00 2.521817e+01 8.000000e+00
      vertex   5.439141e+00 2.491316e+01 8.000000e+00
    endloop
  endfacet
  facet normal 2.454855e-01 9.694003e-01 -0.000000e+00
    outer loop
      vertex   5.439141e+00 2.491316e+01 -1.750000e+01
      vertex   5.439141e+00 2.491316e+01 8.000000e+00
      vertex   7.073774e+00 2.449922e+01 -1.750000e+01
    endloop
  endfacet
  facet normal 2.454855e-01 9.694003e-01 -0.000000e+00
    outer loop
      vertex   7.073774e+00 2.449922e+01 -1.750000e+01
      vertex   5.439141e+00 2.491316e+01 8.000000e+00
      vertex   7.073774e+00 2.449922e+01 8.000000e+00
    endloop
  endfacet
  facet normal 3.090170e-01 9.510565e-01 -0.000000e+00
    outer loop
      vertex   7.073774e+00 2.449922e+01 -1.750000e+01
      vertex   7.073774e+00 2.449922e+01 8.000000e+00
      vertex   8.677476e+00 2.397814e+01 -1.750000e+01
    endloop
  endfacet
  facet normal 3.090170e-01 9.510565e-01 -0.000000e+00
    outer loop
      vertex   8.677476e+00 2.397814e+01 -1.750000e+01
      vertex   7.073774e+00 2.449922e+01 8.000000e+00
      vertex   8.677476e+00 2.397814e+01 8.000000e+00
    endloop
  endfacet
  facet normal 3.711972e-01 9.285540e-01 -0.000000e+00
    outer loop
      vertex   8.677476e+00 2.397814e+01 -1.750000e+01
      vertex   8.677476e+00 2.397814e+01 8.000000e+00
      vertex   1.024323e+01 2.335222e+01 -1.750000e+01
    endloop
  endfacet
  facet normal 3.711972e-01 9.285540e-01 -0.000000e+00
    outer loop
      vertex   1.024323e+01 2.335222e+01 -1.750000e+01
      vertex   8.677476e+00 2.397814e+01 8.000000e+00
      vertex   1.024323e+01 2.335222e+01 8.000000e+00
    endloop
  endfacet
  facet normal 4.317544e-01 9.019912e-01 -0.000000e+00
    outer loop
      vertex   1.024323e+01 2.335222e+01 -1.750000e+01
      vertex   1.024323e+01 2.335222e+01 8.000000e+00
      vertex   1.176420e+01 2.262418e+01 -1.750000e+01
    endloop
  endfacet
  facet normal 4.317544e-01 9.019912e-01 -0.000000e+00
    outer loop
      vertex   1.176420e+01 2.262418e+01 -1.750000e+01
      vertex   1.024323e+01 2.335222e+01 8.000000e+00
      vertex   1.176420e+01 2.262418e+01 8.000000e+00
    endloop
  endfacet
  facet normal 4.904235e-01 8.714842e-01 -0.000000e+00
    outer loop
      vertex   1.176420e+01 2.262418e+01 -1.750000e+01
      vertex   1.176420e+01 2.262418e+01 8.000000e+00
      vertex   1.323372e+01 2.179721e+01 -1.750000e+01
    endloop
  endfacet
  facet normal 4.904235e-01 8.714842e-01 -0.000000e+00
    outer loop
      vertex   1.323372e+01 2.179721e+01 -1.750000e+01
      vertex   1.176420e+01 2.262418e+01 8.000000e+00
      vertex   1.323372e+01 2.179721e+01 8.000000e+00
    endloop
  endfacet
  facet normal 5.469482e-01 8.371665e-01 -0.000000e+00
    outer loop
      vertex   1.323372e+01 2.179721e+01 -1.750000e+01
      vertex   1.323372e+01 2.179721e+01 8.000000e+00
      vertex   1.464538e+01 2.087493e+01 -1.750000e+01
    endloop
  endfacet
  facet normal 5.469482e-01 8.371665e-01 -0.000000e+00
    outer loop
      vertex   1.464538e+01 2.087493e+01 -1.750000e+01
      vertex   1.323372e+01 2.179721e+01 8.000000e+00
      vertex   1.464538e+01 2.087493e+01 8.000000e+00
    endloop
  endfacet
  facet normal 6.010811e-01 7.991880e-01 -0.000000e+00
    outer loop
      vertex   1.464538e+01 2.087493e+01 -1.750000e+01
      vertex   1.464538e+01 2.087493e+01 8.000000e+00
      vertex   1.599300e+01 1.986137e+01 -1.750000e+01
    endloop
  endfacet
  facet normal 6.010811e-01 7.991880e-01 -0.000000e+00
    outer loop
      vertex   1.599300e+01 1.986137e+01 -1.750000e+01
      vertex   1.464538e+01 2.087493e+01 8.000000e+00
      vertex   1.599300e+01 1.986137e+01 8.000000e+00
    endloop
  endfacet
  facet normal 6.525858e-01 7.577149e-01 -0.000000e+00
    outer loop
      vertex   1.599300e+01 1.986137e+01 -1.750000e+01
      vertex   1.599300e+01 1.986137e+01 8.000000e+00
      vertex   1.727068e+01 1.876096e+01 -1.750000e+01
    endloop
  endfacet
  facet normal 6.525858e-01 7.577149e-01 -0.000000e+00
    outer loop
      vertex   1.727068e+01 1.876096e+01 -1.750000e+01
      vertex   1.599300e+01 1.986137e+01 8.000000e+00
      vertex   1.727068e+01 1.876096e+01 8.000000e+00
    endloop
  endfacet
  facet normal 7.012368e-01 7.129284e-01 -0.000000e+00
    outer loop
      vertex   1.727068e+01 1.876096e+01 -1.750000e+01
      vertex   1.727068e+01 1.876096e+01 8.000000e+00
      vertex   1.847284e+01 1.757851e+01 -1.750000e+01
    endloop
  endfacet
  facet normal 7.012368e-01 7.129284e-01 -0.000000e+00
    outer loop
      vertex   1.847284e+01 1.757851e+01 -1.750000e+01
      vertex   1.727068e+01 1.876096e+01 8.000000e+00
      vertex   1.847284e+01 1.757851e+01 8.000000e+00
    endloop
  endfacet
  facet normal 7.468215e-01 6.650246e-01 -0.000000e+00
    outer loop
      vertex   1.847284e+01 1.757851e+01 -1.750000e+01
      vertex   1.847284e+01 1.757851e+01 8.000000e+00
      vertex   1.959423e+01 1.631920e+01 -1.750000e+01
    endloop
  endfacet
  facet normal 7.468215e-01 6.650246e-01 -0.000000e+00
    outer loop
      vertex   1.959423e+01 1.631920e+01 -1.750000e+01
      vertex   1.847284e+01 1.757851e+01 8.000000e+00
      vertex   1.959423e+01 1.631920e+01 8.000000e+00
    endloop
  endfacet
  facet normal 7.891405e-01 6.142127e-01 -0.000000e+00
    outer loop
      vertex   1.959423e+01 1.631920e+01 -1.750000e+01
      vertex   1.959423e+01 1.631920e+01 8.000000e+00
      vertex   2.062993e+01 1.498852e+01 -1.750000e+01
    endloop
  endfacet
  facet normal 7.891405e-01 6.142127e-01 8.557341e-17
    outer loop
      vertex   2.062993e+01 1.498852e+01 -1.750000e+01
      vertex   1.959423e+01 1.631920e+01 8.000000e+00
      vertex   2.062993e+01 1.498852e+01 8.000000e+00
    endloop
  endfacet
  facet normal 8.280088e-01 5.607151e-01 7.812000e-17
    outer loop
      vertex   2.062993e+01 1.498852e+01 -1.750000e+01
      vertex   2.062993e+01 1.498852e+01 8.000000e+00
      vertex   2.157543e+01 1.359231e+01 -1.750000e+01
    endloop
  endfacet
  facet normal 8.280088e-01 5.607151e-01 -0.000000e+00
    outer loop
      vertex   2.157543e+01 1.359231e+01 -1.750000e+01
      vertex   2.062993e+01 1.498852e+01 8.000000e+00
      vertex   2.157543e+01 1.359231e+01 8.000000e+00
    endloop
  endfacet
  facet normal 8.632565e-01 5.047655e-01 -0.000000e+00
    outer loop
      vertex   2.157543e+01 1.359231e+01 -1.750000e+01
      vertex   2.157543e+01 1.359231e+01 8.000000e+00
      vertex   2.242658e+01 1.213666e+01 -1.750000e+01
    endloop
  endfacet
  facet normal 8.632565e-01 5.047655e-01 -0.000000e+00
    outer loop
      vertex   2.242658e+01 1.213666e+01 -1.750000e+01
      vertex   2.157543e+01 1.359231e+01 8.000000e+00
      vertex   2.242658e+01 1.213666e+01 8.000000e+00
    endloop
  endfacet
  facet normal 8.947293e-01 4.466088e-01 -0.000000e+00
    outer loop
      vertex   2.242658e+01 1.213666e+01 -1.750000e+01
      vertex   2.242658e+01 1.213666e+01 8.000000e+00
      vertex   2.317967e+01 1.062794e+01 -1.750000e+01
    endloop
  endfacet
  facet normal 8.947293e-01 4.466088e-01 -0.000000e+00
    outer loop
      vertex   2.317967e+01 1.062794e+01 -1.750000e+01
      vertex   2.242658e+01 1.213666e+01 8.000000e+00
      vertex   2.317967e+01 1.062794e+01 8.000000e+00
    endloop
  endfacet
  facet normal 9.222898e-01 3.864992e-01 -0.000000e+00
    outer loop
      vertex   2.317967e+01 1.062794e+01 -1.750000e+01
      vertex   2.317967e+01 1.062794e+01 8.000000e+00
      vertex   2.383139e+01 9.072743e+00 -1.750000e+01
    endloop
  endfacet
  facet normal 9.222898e-01 3.864992e-01 -0.000000e+00
    outer loop
      vertex   2.383139e+01 9.072743e+00 -1.750000e+01
      vertex   2.317967e+01 1.062794e+01 8.000000e+00
      vertex   2.383139e+01 9.072743e+00 8.000000e+00
    endloop
  endfacet
  facet normal 9.458172e-01 3.246995e-01 -0.000000e+00
    outer loop
      vertex   2.383139e+01 9.072743e+00 -1.750000e+01
      vertex   2.383139e+01 9.072743e+00 8.000000e+00
      vertex   2.437891e+01 7.477876e+00 -1.750000e+01
    endloop
  endfacet
  facet normal 9.458172e-01 3.246995e-01 -2.261891e-17
    outer loop
      vertex   2.437891e+01 7.477876e+00 -1.750000e+01
      vertex   2.383139e+01 9.072743e+00 8.000000e+00
      vertex   2.437891e+01 7.477876e+00 8.000000e+00
    endloop
  endfacet
  facet normal 9.652089e-01 2.614799e-01 -1.821497e-17
    outer loop
      vertex   2.437891e+01 7.477876e+00 -1.750000e+01
      vertex   2.437891e+01 7.477876e+00 8.000000e+00
      vertex   2.481983e+01 5.850310e+00 -1.750000e+01
    endloop
  endfacet
  facet normal 9.652089e-01 2.614799e-01 -0.000000e+00
    outer loop
      vertex   2.481983e+01 5.850310e+00 -1.750000e+01
      vertex   2.437891e+01 7.477876e+00 8.000000e+00
      vertex   2.481983e+01 5.850310e+00 8.000000e+00
    endloop
  endfacet
  facet normal 9.803800e-01 1.971170e-01 -0.000000e+00
    outer loop
      vertex   2.481983e+01 5.850310e+00 -1.750000e+01
      vertex   2.481983e+01 5.850310e+00 8.000000e+00
      vertex   2.515221e+01 4.197162e+00 -1.750000e+01
    endloop
  endfacet
  facet normal 9.803800e-01 1.971170e-01 -0.000000e+00
    outer loop
      vertex   2.515221e+01 4.197162e+00 -1.750000e+01
      vertex   2.481983e+01 5.850310e+00 8.000000e+00
      vertex   2.515221e+01 4.197162e+00 8.000000e+00
    endloop
  endfacet
  facet normal 9.912641e-01 1.318922e-01 -0.000000e+00
    outer loop
      vertex   2.515221e+01 4.197162e+00 -1.750000e+01
      vertex   2.515221e+01 4.197162e+00 8.000000e+00
      vertex   2.537461e+01 2.525661e+00 -1.750000e+01
    endloop
  endfacet
  facet normal 9.912641e-01 1.318922e-01 -0.000000e+00
    outer loop
      vertex   2.537461e+01 2.525661e+00 -1.750000e+01
      vertex   2.515221e+01 4.197162e+00 8.000000e+00
      vertex   2.537461e+01 2.525661e+00 8.000000e+00
    endloop
  endfacet
  facet normal 9.978136e-01 6.609058e-02 -0.000000e+00
    outer loop
      vertex   2.537461e+01 2.525661e+00 -1.750000e+01
      vertex   2.537461e+01 2.525661e+00 8.000000e+00
      vertex   2.548606e+01 8.431159e-01 -1.750000e+01
    endloop
  endfacet
  facet normal 9.978136e-01 6.609058e-02 -0.000000e+00
    outer loop
      vertex   2.548606e+01 8.431159e-01 -1.750000e+01
      vertex   2.537461e+01 2.525661e+00 8.000000e+00
      vertex   2.548606e+01 8.431159e-01 8.000000e+00
    endloop
  endfacet
  facet normal 1.000000e+00 0.000000e+00 -0.000000e+00
    outer loop
      vertex   2.548606e+01 8.431159e-01 -1.750000e+01
      vertex   2.548606e+01 8.431159e-01 8.000000e+00
      vertex   2.548606e+01 -8.431159e-01 -1.750000e+01
    endloop
  endfacet
  facet normal 1.000000e+00 0.000000e+00 0.000000e+00
    outer loop
      vertex   2.548606e+01 -8.431159e-01 -1.750000e+01
      vertex   2.548606e+01 8.431159e-01 8.000000e+00
      vertex   2.548606e+01 -8.431159e-01 8.000000e+00
    endloop
  endfacet
  facet normal 9.978136e-01 -6.609058e-02 0.000000e+00
    outer loop
      vertex   2.548606e+01 -8.431159e-01 -1.750000e+01
      vertex   2.548606e+01 -8.431159e-01 8.000000e+00
      vertex   2.537461e+01 -2.525661e+00 -1.750000e+01
    endloop
  endfacet
  facet normal 9.978136e-01 -6.609058e-02 -1.150985e-18
    outer loop
      vertex   2.537461e+01 -2.525661e+00 -1.750000e+01
      vertex   2.548606e+01 -8.431159e-01 8.000000e+00
      vertex   2.537461e+01 -2.525661e+00 8.000000e+00
    endloop
  endfacet
  facet normal 9.912641e-01 -1.318922e-01 -2.296937e-18
    outer loop
      vertex   2.537461e+01 -2.525661e+00 -1.750000e+01
      vertex   2.537461e+01 -2.525661e+00 8.000000e+00
      vertex   2.515221e+01 -4.197162e+00 -1.750000e+01
    endloop
  endfacet
  facet normal 9.912641e-01 -1.318922e-01 0.000000e+00
    outer loop
      vertex   2.515221e+01 -4.197162e+00 -1.750000e+01
      vertex   2.537461e+01 -2.525661e+00 8.000000e+00
      vertex   2.515221e+01 -4.197162e+00 8.000000e+00
    endloop
  endfacet
  facet normal 9.803800e-01 -1.971170e-01 0.000000e+00
    outer loop
      vertex   2.515221e+01 -4.197162e+00 -1.750000e+01
      vertex   2.515221e+01 -4.197162e+00 8.000000e+00
      vertex   2.481983e+01 -5.850310e+00 -1.750000e+01
    endloop
  endfacet
  facet normal 9.803800e-01 -1.971170e-01 -6.865690e-18
    outer loop
      vertex   2.481983e+01 -5.850310e+00 -1.750000e+01
      vertex   2.515221e+01 -4.197162e+00 8.000000e+00
      vertex   2.481983e+01 -5.850310e+00 8.000000e+00
    endloop
  endfacet
  facet normal 9.652089e-01 -2.614799e-01 -9.107484e-18
    outer loop
      vertex   2.481983e+01 -5.850310e+00 -1.750000e+01
      vertex   2.481983e+01 -5.850310e+00 8.000000e+00
      vertex   2.437891e+01 -7.477876e+00 -1.750000e+01
    endloop
  endfacet
  facet normal 9.652089e-01 -2.614799e-01 0.000000e+00
    outer loop
      vertex   2.437891e+01 -7.477876e+00 -1.750000e+01
      vertex   2.481983e+01 -5.850310e+00 8.000000e+00
      vertex   2.437891e+01 -7.477876e+00 8.000000e+00
    endloop
  endfacet
  facet normal 9.458172e-01 -3.246995e-01 0.000000e+00
    outer loop
      vertex   2.437891e+01 -7.477876e+00 -1.750000e+01
      vertex   2.437891e+01 -7.477876e+00 8.000000e+00
      vertex   2.383139e+01 -9.072743e+00 -1.750000e+01
    endloop
  endfacet
  facet normal 9.458172e-01 -3.246995e-01 0.000000e+00
    outer loop
      vertex   2.383139e+01 -9.072743e+00 -1.750000e+01
      vertex   2.437891e+01 -7.477876e+00 8.000000e+00
      vertex   2.383139e+01 -9.072743e+00 8.000000e+00
    endloop
  endfacet
  facet normal 9.222898e-01 -3.864992e-01 0.000000e+00
    outer loop
      vertex   2.383139e+01 -9.072743e+00 -1.750000e+01
      vertex   2.383139e+01 -9.072743e+00 8.000000e+00
      vertex   2.317967e+01 -1.062794e+01 -1.750000e+01
    endloop
  endfacet
  facet normal 9.222898e-01 -3.864992e-01 0.000000e+00
    outer loop
      vertex   2.317967e+01 -1.062794e+01 -1.750000e+01
      vertex   2.383139e+01 -9.072743e+00 8.000000e+00
      vertex   2.317967e+01 -1.062794e+01 8.000000e+00
    endloop
  endfacet
  facet normal 8.947293e-01 -4.466088e-01 0.000000e+00
    outer loop
      vertex   2.317967e+01 -1.062794e+01 -1.750000e+01
      vertex   2.317967e+01 -1.062794e+01 8.000000e+00
      vertex   2.242658e+01 -1.213666e+01 -1.750000e+01
    endloop
  endfacet
  facet normal 8.947293e-01 -4.466088e-01 0.000000e+00
    outer loop
      vertex   2.242658e+01 -1.213666e+01 -1.750000e+01
      vertex   2.317967e+01 -1.062794e+01 8.000000e+00
      vertex   2.242658e+01 -1.213666e+01 8.000000e+00
    endloop
  endfacet
  facet normal 8.632565e-01 -5.047655e-01 0.000000e+00
    outer loop
      vertex   2.242658e+01 -1.213666e+01 -1.750000e+01
      vertex   2.242658e+01 -1.213666e+01 8.000000e+00
      vertex   2.157543e+01 -1.359231e+01 -1.750000e+01
    endloop
  endfacet
  facet normal 8.632565e-01 -5.047655e-01 0.000000e+00
    outer loop
      vertex   2.157543e+01 -1.359231e+01 -1.750000e+01
      vertex   2.242658e+01 -1.213666e+01 8.000000e+00
      vertex   2.157543e+01 -1.359231e+01 8.000000e+00
    endloop
  endfacet
  facet normal 8.280088e-01 -5.607151e-01 0.000000e+00
    outer loop
      vertex   2.157543e+01 -1.359231e+01 -1.750000e+01
      vertex   2.157543e+01 -1.359231e+01 8.000000e+00
      vertex   2.062993e+01 -1.498852e+01 -1.750000e+01
    endloop
  endfacet
  facet normal 8.280088e-01 -5.607151e-01 0.000000e+00
    outer loop
      vertex   2.062993e+01 -1.498852e+01 -1.750000e+01
      vertex   2.157543e+01 -1.359231e+01 8.000000e+00
      vertex   2.062993e+01 -1.498852e+01 8.000000e+00
    endloop
  endfacet
  facet normal 7.891405e-01 -6.142127e-01 0.000000e+00
    outer loop
      vertex   2.062993e+01 -1.498852e+01 -1.750000e+01
      vertex   2.062993e+01 -1.498852e+01 8.000000e+00
      vertex   1.959423e+01 -1.631920e+01 -1.750000e+01
    endloop
  endfacet
  facet normal 7.891405e-01 -6.142127e-01 0.000000e+00
    outer loop
      vertex   1.959423e+01 -1.631920e+01 -1.750000e+01
      vertex   2.062993e+01 -1.498852e+01 8.000000e+00
      vertex   1.959423e+01 -1.631920e+01 8.000000e+00
    endloop
  endfacet
  facet normal 7.468215e-01 -6.650246e-01 0.000000e+00
    outer loop
      vertex   1.959423e+01 -1.631920e+01 -1.750000e+01
      vertex   1.959423e+01 -1.631920e+01 8.000000e+00
      vertex   1.847284e+01 -1.757851e+01 -1.750000e+01
    endloop
  endfacet
  facet normal 7.468215e-01 -6.650246e-01 0.000000e+00
    outer loop
      vertex   1.847284e+01 -1.757851e+01 -1.750000e+01
      vertex   1.959423e+01 -1.631920e+01 8.000000e+00
      vertex   1.847284e+01 -1.757851e+01 8.000000e+00
    endloop
  endfacet
  facet normal 7.012368e-01 -7.129284e-01 0.000000e+00
    outer loop
      vertex   1.847284e+01 -1.757851e+01 -1.750000e+01
      vertex   1.847284e+01 -1.757851e+01 8.000000e+00
      vertex   1.727068e+01 -1.876096e+01 -1.750000e+01
    endloop
  endfacet
  facet normal 7.012368e-01 -7.129284e-01 0.000000e+00
    outer loop
      vertex   1.727068e+01 -1.876096e+01 -1.750000e+01
      vertex   1.847284e+01 -1.757851e+01 8.000000e+00
      vertex   1.727068e+01 -1.876096e+01 8.000000e+00
    endloop
  endfacet
  facet normal 6.525858e-01 -7.577149e-01 0.000000e+00
    outer loop
      vertex   1.727068e+01 -1.876096e+01 -1.750000e+01
      vertex   1.727068e+01 -1.876096e+01 8.000000e+00
      vertex   1.599300e+01 -1.986137e+01 -1.750000e+01
    endloop
  endfacet
  facet normal 6.525858e-01 -7.577149e-01 0.000000e+00
    outer loop
      vertex   1.599300e+01 -1.986137e+01 -1.750000e+01
      vertex   1.727068e+01 -1.876096e+01 8.000000e+00
      vertex   1.599300e+01 -1.986137e+01 8.000000e+00
    endloop
  endfacet
  facet normal 6.010811e-01 -7.991880e-01 0.000000e+00
    outer loop
      vertex   1.599300e+01 -1.986137e+01 -1.750000e+01
      vertex   1.599300e+01 -1.986137e+01 8.000000e+00
      vertex   1.464538e+01 -2.087493e+01 -1.750000e+01
    endloop
  endfacet
  facet normal 6.010811e-01 -7.991880e-01 0.000000e+00
    outer loop
      vertex   1.464538e+01 -2.087493e+01 -1.750000e+01
      vertex   1.599300e+01 -1.986137e+01 8.000000e+00
      vertex   1.464538e+01 -2.087493e+01 8.000000e+00
    endloop
  endfacet
  facet normal 5.469482e-01 -8.371665e-01 0.000000e+00
    outer loop
      vertex   1.464538e+01 -2.087493e+01 -1.750000e+01
      vertex   1.464538e+01 -2.087493e+01 8.000000e+00
      vertex   1.323372e+01 -2.179721e+01 -1.750000e+01
    endloop
  endfacet
  facet normal 5.469482e-01 -8.371665e-01 0.000000e+00
    outer loop
      vertex   1.323372e+01 -2.179721e+01 -1.750000e+01
      vertex   1.464538e+01 -2.087493e+01 8.000000e+00
      vertex   1.323372e+01 -2.179721e+01 8.000000e+00
    endloop
  endfacet
  facet normal 4.904235e-01 -8.714842e-01 0.000000e+00
    outer loop
      vertex   1.323372e+01 -2.179721e+01 -1.750000e+01
      vertex   1.323372e+01 -2.179721e+01 8.000000e+00
      vertex   1.176420e+01 -2.262418e+01 -1.750000e+01
    endloop
  endfacet
  facet normal 4.904235e-01 -8.714842e-01 0.000000e+00
    outer loop
      vertex   1.176420e+01 -2.262418e+01 -1.750000e+01
      vertex   1.323372e+01 -2.179721e+01 8.000000e+00
      vertex   1.176420e+01 -2.262418e+01 8.000000e+00
    endloop
  endfacet
  facet normal 4.317544e-01 -9.019912e-01 0.000000e+00
    outer loop
      vertex   1.176420e+01 -2.262418e+01 -1.750000e+01
      vertex   1.176420e+01 -2.262418e+01 8.000000e+00
      vertex   1.024323e+01 -2.335222e+01 -1.750000e+01
    endloop
  endfacet
  facet normal 4.317544e-01 -9.019912e-01 0.000000e+00
    outer loop
      vertex   1.024323e+01 -2.335222e+01 -1.750000e+01
      vertex   1.176420e+01 -2.262418e+01 8.000000e+00
      vertex   1.024323e+01 -2.335222e+01 8.000000e+00
    endloop
  endfacet
  facet normal 3.711972e-01 -9.285540e-01 0.000000e+00
    outer loop
      vertex   1.024323e+01 -2.335222e+01 -1.750000e+01
      vertex   1.024323e+01 -2.335222e+01 8.000000e+00
      vertex   8.677476e+00 -2.397814e+01 -1.750000e+01
    endloop
  endfacet
  facet normal 3.711972e-01 -9.285540e-01 0.000000e+00
    outer loop
      vertex   8.677476e+00 -2.397814e+01 -1.750000e+01
      vertex   1.024323e+01 -2.335222e+01 8.000000e+00
      vertex   8.677476e+00 -2.397814e+01 8.000000e+00
    endloop
  endfacet
  facet normal 3.090170e-01 -9.510565e-01 0.000000e+00
    outer loop
      vertex   8.677476e+00 -2.397814e+01 -1.750000e+01
      vertex   8.677476e+00 -2.397814e+01 8.000000e+00
      vertex   7.073774e+00 -2.449922e+01 -1.750000e+01
    endloop
  endfacet
  facet normal 3.090170e-01 -9.510565e-01 0.000000e+00
    outer loop
      vertex   7.073774e+00 -2.449922e+01 -1.750000e+01
      vertex   8.677476e+00 -2.397814e+01 8.000000e+00
      vertex   7.073774e+00 -2.449922e+01 8.000000e+00
    endloop
  endfacet
  facet normal 2.454855e-01 -9.694003e-01 0.000000e+00
    outer loop
      vertex   7.073774e+00 -2.449922e+01 -1.750000e+01
      vertex   7.073774e+00 -2.449922e+01 8.000000e+00
      vertex   5.439141e+00 -2.491316e+01 -1.750000e+01
    endloop
  endfacet
  facet normal 2.454855e-01 -9.694003e-01 0.000000e+00
    outer loop
      vertex   5.439141e+00 -2.491316e+01 -1.750000e+01
      vertex   7.073774e+00 -2.449922e+01 8.000000e+00
      vertex   5.439141e+00 -2.491316e+01 8.000000e+00
    endloop
  endfacet
  facet normal 1.808805e-01 -9.835051e-01 0.000000e+00
    outer loop
      vertex   5.439141e+00 -2.491316e+01 -1.750000e+01
      vertex   5.439141e+00 -2.491316e+01 8.000000e+00
      vertex   3.780723e+00 -2.521817e+01 -1.750000e+01
    endloop
  endfacet
  facet normal 1.808805e-01 -9.835051e-01 0.000000e+00
    outer loop
      vertex   3.780723e+00 -2.521817e+01 -1.750000e+01
      vertex   5.439141e+00 -2.491316e+01 8.000000e+00
      vertex   3.780723e+00 -2.521817e+01 8.000000e+00
    endloop
  endfacet
  facet normal 1.154846e-01 -9.933093e-01 0.000000e+00
    outer loop
      vertex   3.780723e+00 -2.521817e+01 -1.750000e+01
      vertex   3.780723e+00 -2.521817e+01 8.000000e+00
      vertex   2.105773e+00 -2.541290e+01 -1.750000e+01
    endloop
  endfacet
  facet normal 1.154846e-01 -9.933093e-01 0.000000e+00
    outer loop
      vertex   2.105773e+00 -2.541290e+01 -1.750000e+01
      vertex   3.780723e+00 -2.521817e+01 8.000000e+00
      vertex   2.105773e+00 -2.541290e+01 8.000000e+00
    endloop
  endfacet
  facet normal 4.958375e-02 -9.987700e-01 0.000000e+00
    outer loop
      vertex   2.105773e+00 -2.541290e+01 -1.750000e+01
      vertex   2.105773e+00 -2.541290e+01 8.000000e+00
      vertex   4.216156e-01 -2.549651e+01 -1.750000e+01
    endloop
  endfacet
  facet normal 4.958375e-02 -9.987700e-01 0.000000e+00
    outer loop
      vertex   4.216156e-01 -2.549651e+01 -1.750000e+01
      vertex   2.105773e+00 -2.541290e+01 8.000000e+00
      vertex   4.216156e-01 -2.549651e+01 8.000000e+00
    endloop
  endfacet
  facet normal -1.653394e-02 -9.998633e-01 0.000000e+00
    outer loop
      vertex   4.216156e-01 -2.549651e+01 -1.750000e+01
      vertex   4.216156e-01 -2.549651e+01 8.000000e+00
      vertex   -1.264386e+00 -2.546863e+01 -1.750000e+01
    endloop
  endfacet
  facet normal -1.653394e-02 -9.998633e-01 0.000000e+00
    outer loop
      vertex   -1.264386e+00 -2.546863e+01 -1.750000e+01
      vertex   4.216156e-01 -2.549651e+01 8.000000e+00
      vertex   -1.264386e+00 -2.546863e+01 8.000000e+00
    endloop
  endfacet
  facet normal -8.257935e-02 -9.965845e-01 0.000000e+00
    outer loop
      vertex   -1.264386e+00 -2.546863e+01 -1.750000e+01
      vertex   -1.264386e+00 -2.546863e+01 8.000000e+00
      vertex   -2.944858e+00 -2.532939e+01 -1.750000e+01
    endloop
  endfacet
  facet normal -8.257935e-02 -9.965845e-01 0.000000e+00
    outer loop
      vertex   -2.944858e+00 -2.532939e+01 -1.750000e+01
      vertex   -1.264386e+00 -2.546863e+01 8.000000e+00
      vertex   -2.944858e+00 -2.532939e+01 8.000000e+00
    endloop
  endfacet
  facet normal -1.482636e-01 -9.889479e-01 0.000000e+00
    outer loop
      vertex   -2.944858e+00 -2.532939e+01 -1.750000e+01
      vertex   -2.944858e+00 -2.532939e+01 8.000000e+00
      vertex   -4.612454e+00 -2.507938e+01 -1.750000e+01
    endloop
  endfacet
  facet normal -1.482636e-01 -9.889479e-01 0.000000e+00
    outer loop
      vertex   -4.612454e+00 -2.507938e+01 -1.750000e+01
      vertex   -2.944858e+00 -2.532939e+01 8.000000e+00
      vertex   -4.612454e+00 -2.507938e+01 8.000000e+00
    endloop
  endfacet
  facet normal -2.132996e-01 -9.769868e-01 0.000000e+00
    outer loop
      vertex   -4.612454e+00 -2.507938e+01 -1.750000e+01
      vertex   -4.612454e+00 -2.507938e+01 8.000000e+00
      vertex   -6.259880e+00 -2.471971e+01 -1.750000e+01
    endloop
  endfacet
  facet normal -2.132996e-01 -9.769868e-01 0.000000e+00
    outer loop
      vertex   -6.259880e+00 -2.471971e+01 -1.750000e+01
      vertex   -4.612454e+00 -2.507938e+01 8.000000e+00
      vertex   -6.259880e+00 -2.471971e+01 8.000000e+00
    endloop
  endfacet
  facet normal -2.774029e-01 -9.607537e-01 0.000000e+00
    outer loop
      vertex   -6.259880e+00 -2.471971e+01 -1.750000e+01
      vertex   -6.259880e+00 -2.471971e+01 8.000000e+00
      vertex   -7.879933e+00 -2.425194e+01 -1.750000e+01
    endloop
  endfacet
  facet normal -2.774029e-01 -9.607537e-01 0.000000e+00
    outer loop
      vertex   -7.879933e+00 -2.425194e+01 -1.750000e+01
      vertex   -6.259880e+00 -2.471971e+01 8.000000e+00
      vertex   -7.879933e+00 -2.425194e+01 8.000000e+00
    endloop
  endfacet
  facet normal -3.402932e-01 -9.403194e-01 0.000000e+00
    outer loop
      vertex   -7.879933e+00 -2.425194e+01 -1.750000e+01
      vertex   -7.879933e+00 -2.425194e+01 8.000000e+00
      vertex   -9.465530e+00 -2.367813e+01 -1.750000e+01
    endloop
  endfacet
  facet normal -3.402932e-01 -9.403194e-01 0.000000e+00
    outer loop
      vertex   -9.465530e+00 -2.367813e+01 -1.750000e+01
      vertex   -7.879933e+00 -2.425194e+01 8.000000e+00
      vertex   -9.465530e+00 -2.367813e+01 8.000000e+00
    endloop
  endfacet
  facet normal -4.016954e-01 -9.157733e-01 0.000000e+00
    outer loop
      vertex   -9.465530e+00 -2.367813e+01 -1.750000e+01
      vertex   -9.465530e+00 -2.367813e+01 8.000000e+00
      vertex   -1.100974e+01 -2.300078e+01 -1.750000e+01
    endloop
  endfacet
  facet normal -4.016954e-01 -9.157733e-01 0.000000e+00
    outer loop
      vertex   -1.100974e+01 -2.300078e+01 -1.750000e+01
      vertex   -9.465530e+00 -2.367813e+01 8.000000e+00
      vertex   -1.100974e+01 -2.300078e+01 8.000000e+00
    endloop
  endfacet
  facet normal -4.613412e-01 -8.872228e-01 0.000000e+00
    outer loop
      vertex   -1.100974e+01 -2.300078e+01 -1.750000e+01
      vertex   -1.100974e+01 -2.300078e+01 8.000000e+00
      vertex   -1.250580e+01 -2.222285e+01 -1.750000e+01
    endloop
  endfacet
  facet normal -4.613412e-01 -8.872228e-01 0.000000e+00
    outer loop
      vertex   -1.250580e+01 -2.222285e+01 -1.750000e+01
      vertex   -1.100974e+01 -2.300078e+01 8.000000e+00
      vertex   -1.250580e+01 -2.222285e+01 8.000000e+00
    endloop
  endfacet
  facet normal -5.189696e-01 -8.547927e-01 0.000000e+00
    outer loop
      vertex   -1.250580e+01 -2.222285e+01 -1.750000e+01
      vertex   -1.250580e+01 -2.222285e+01 8.000000e+00
      vertex   -1.394718e+01 -2.134775e+01 -1.750000e+01
    endloop
  endfacet
  facet normal -5.189696e-01 -8.547927e-01 0.000000e+00
    outer loop
      vertex   -1.394718e+01 -2.134775e+01 -1.750000e+01
      vertex   -1.250580e+01 -2.222285e+01 8.000000e+00
      vertex   -1.394718e+01 -2.134775e+01 8.000000e+00
    endloop
  endfacet
  facet normal -5.743287e-01 -8.186248e-01 0.000000e+00
    outer loop
      vertex   -1.394718e+01 -2.134775e+01 -1.750000e+01
      vertex   -1.394718e+01 -2.134775e+01 8.000000e+00
      vertex   -1.532757e+01 -2.037929e+01 -1.750000e+01
    endloop
  endfacet
  facet normal -5.743287e-01 -8.186248e-01 0.000000e+00
    outer loop
      vertex   -1.532757e+01 -2.037929e+01 -1.750000e+01
      vertex   -1.394718e+01 -2.134775e+01 8.000000e+00
      vertex   -1.532757e+01 -2.037929e+01 8.000000e+00
    endloop
  endfacet
  facet normal -6.271764e-01 -7.788773e-01 0.000000e+00
    outer loop
      vertex   -1.532757e+01 -2.037929e+01 -1.750000e+01
      vertex   -1.532757e+01 -2.037929e+01 8.000000e+00
      vertex   -1.664094e+01 -1.932173e+01 -1.750000e+01
    endloop
  endfacet
  facet normal -6.271764e-01 -7.788773e-01 0.000000e+00
    outer loop
      vertex   -1.664094e+01 -1.932173e+01 -1.750000e+01
      vertex   -1.532757e+01 -2.037929e+01 8.000000e+00
      vertex   -1.664094e+01 -1.932173e+01 8.000000e+00
    endloop
  endfacet
  facet normal -6.772816e-01 -7.357239e-01 0.000000e+00
    outer loop
      vertex   -1.664094e+01 -1.932173e+01 -1.750000e+01
      vertex   -1.664094e+01 -1.932173e+01 8.000000e+00
      vertex   -1.788154e+01 -1.817968e+01 -1.750000e+01
    endloop
  endfacet
  facet normal -6.772816e-01 -7.357239e-01 0.000000e+00
    outer loop
      vertex   -1.788154e+01 -1.817968e+01 -1.750000e+01
      vertex   -1.664094e+01 -1.932173e+01 8.000000e+00
      vertex   -1.788154e+01 -1.817968e+01 8.000000e+00
    endloop
  endfacet
  facet normal -7.244252e-01 -6.893534e-01 0.000000e+00
    outer loop
      vertex   -1.788154e+01 -1.817968e+01 -1.750000e+01
      vertex   -1.788154e+01 -1.817968e+01 8.000000e+00
      vertex   -1.904395e+01 -1.695813e+01 -1.750000e+01
    endloop
  endfacet
  facet normal -7.244252e-01 -6.893534e-01 0.000000e+00
    outer loop
      vertex   -1.904395e+01 -1.695813e+01 -1.750000e+01
      vertex   -1.788154e+01 -1.817968e+01 8.000000e+00
      vertex   -1.904395e+01 -1.695813e+01 8.000000e+00
    endloop
  endfacet
  facet normal -7.684011e-01 -6.399685e-01 0.000000e+00
    outer loop
      vertex   -1.904395e+01 -1.695813e+01 -1.750000e+01
      vertex   -1.904395e+01 -1.695813e+01 8.000000e+00
      vertex   -2.012308e+01 -1.566242e+01 -1.750000e+01
    endloop
  endfacet
  facet normal -7.684011e-01 -6.399685e-01 0.000000e+00
    outer loop
      vertex   -2.012308e+01 -1.566242e+01 -1.750000e+01
      vertex   -1.904395e+01 -1.695813e+01 8.000000e+00
      vertex   -2.012308e+01 -1.566242e+01 8.000000e+00
    endloop
  endfacet
  facet normal -8.090170e-01 -5.877853e-01 0.000000e+00
    outer loop
      vertex   -2.012308e+01 -1.566242e+01 -1.750000e+01
      vertex   -2.012308e+01 -1.566242e+01 8.000000e+00
      vertex   -2.111423e+01 -1.429823e+01 -1.750000e+01
    endloop
  endfacet
  facet normal -8.090170e-01 -5.877853e-01 0.000000e+00
    outer loop
      vertex   -2.111423e+01 -1.429823e+01 -1.750000e+01
      vertex   -2.012308e+01 -1.566242e+01 8.000000e+00
      vertex   -2.111423e+01 -1.429823e+01 8.000000e+00
    endloop
  endfacet
  facet normal -8.460953e-01 -5.330317e-01 0.000000e+00
    outer loop
      vertex   -2.111423e+01 -1.429823e+01 -1.750000e+01
      vertex   -2.111423e+01 -1.429823e+01 8.000000e+00
      vertex   -2.201304e+01 -1.287152e+01 -1.750000e+01
    endloop
  endfacet
  facet normal -8.460953e-01 -5.330317e-01 0.000000e+00
    outer loop
      vertex   -2.201304e+01 -1.287152e+01 -1.750000e+01
      vertex   -2.111423e+01 -1.429823e+01 8.000000e+00
      vertex   -2.201304e+01 -1.287152e+01 8.000000e+00
    endloop
  endfacet
  facet normal -8.794738e-01 -4.759474e-01 0.000000e+00
    outer loop
      vertex   -2.201304e+01 -1.287152e+01 -1.750000e+01
      vertex   -2.201304e+01 -1.287152e+01 8.000000e+00
      vertex   -2.281560e+01 -1.138852e+01 -1.750000e+01
    endloop
  endfacet
  facet normal -8.794738e-01 -4.759474e-01 0.000000e+00
    outer loop
      vertex   -2.281560e+01 -1.138852e+01 -1.750000e+01
      vertex   -2.201304e+01 -1.287152e+01 8.000000e+00
      vertex   -2.281560e+01 -1.138852e+01 8.000000e+00
    endloop
  endfacet
  facet normal -9.090065e-01 -4.167819e-01 0.000000e+00
    outer loop
      vertex   -2.281560e+01 -1.138852e+01 -1.750000e+01
      vertex   -2.281560e+01 -1.138852e+01 8.000000e+00
      vertex   -2.351839e+01 -9.855729e+00 -1.750000e+01
    endloop
  endfacet
  facet normal -9.090065e-01 -4.167819e-01 0.000000e+00
    outer loop
      vertex   -2.351839e+01 -9.855729e+00 -1.750000e+01
      vertex   -2.281560e+01 -1.138852e+01 8.000000e+00
      vertex   -2.351839e+01 -9.855729e+00 8.000000e+00
    endloop
  endfacet
  facet normal -9.345645e-01 -3.557938e-01 0.000000e+00
    outer loop
      vertex   -2.351839e+01 -9.855729e+00 -1.750000e+01
      vertex   -2.351839e+01 -9.855729e+00 8.000000e+00
      vertex   -2.411834e+01 -8.279836e+00 -1.750000e+01
    endloop
  endfacet
  facet normal -9.345645e-01 -3.557938e-01 0.000000e+00
    outer loop
      vertex   -2.411834e+01 -8.279836e+00 -1.750000e+01
      vertex   -2.351839e+01 -9.855729e+00 8.000000e+00
      vertex   -2.411834e+01 -8.279836e+00 8.000000e+00
    endloop
  endfacet
  facet normal -9.560358e-01 -2.932500e-01 0.000000e+00
    outer loop
      vertex   -2.411834e+01 -8.279836e+00 -1.750000e+01
      vertex   -2.411834e+01 -8.279836e+00 8.000000e+00
      vertex   -2.461283e+01 -6.667738e+00 -1.750000e+01
    endloop
  endfacet
  facet normal -9.560358e-01 -2.932500e-01 0.000000e+00
    outer loop
      vertex   -2.461283e+01 -6.667738e+00 -1.750000e+01
      vertex   -2.411834e+01 -8.279836e+00 8.000000e+00
      vertex   -2.461283e+01 -6.667738e+00 8.000000e+00
    endloop
  endfacet
  facet normal -9.733266e-01 -2.294239e-01 0.000000e+00
    outer loop
      vertex   -2.461283e+01 -6.667738e+00 -1.750000e+01
      vertex   -2.461283e+01 -6.667738e+00 8.000000e+00
      vertex   -2.499969e+01 -5.026484e+00 -1.750000e+01
    endloop
  endfacet
  facet normal -9.733266e-01 -2.294239e-01 0.000000e+00
    outer loop
      vertex   -2.499969e+01 -5.026484e+00 -1.750000e+01
      vertex   -2.461283e+01 -6.667738e+00 8.000000e+00
      vertex   -2.499969e+01 -5.026484e+00 8.000000e+00
    endloop
  endfacet
  facet normal -9.863613e-01 -1.645946e-01 0.000000e+00
    outer loop
      vertex   -2.499969e+01 -5.026484e+00 -1.750000e+01
      vertex   -2.499969e+01 -5.026484e+00 8.000000e+00
      vertex   -2.527723e+01 -3.363250e+00 -1.750000e+01
    endloop
  endfacet
  facet normal -9.863613e-01 -1.645946e-01 0.000000e+00
    outer loop
      vertex   -2.527723e+01 -3.363250e+00 -1.750000e+01
      vertex   -2.499969e+01 -5.026484e+00 8.000000e+00
      vertex   -2.527723e+01 -3.363250e+00 8.000000e+00
    endloop
  endfacet
  facet normal -9.950829e-01 -9.904553e-02 0.000000e+00
    outer loop
      vertex   -2.527723e+01 -3.363250e+00 -1.750000e+01
      vertex   -2.527723e+01 -3.363250e+00 8.000000e+00
      vertex   -2.544425e+01 -1.685310e+00 -1.750000e+01
    endloop
  endfacet
  facet normal -9.950829e-01 -9.904553e-02 0.000000e+00
    outer loop
      vertex   -2.544425e+01 -1.685310e+00 -1.750000e+01
      vertex   -2.527723e+01 -3.363250e+00 8.000000e+00
      vertex   -2.544425e+01 -1.685310e+00 8.000000e+00
    endloop
  endfacet
  facet normal 0.000000e+00 0.000000e+00 1.000000e+00
    outer loop
      vertex   7.945907e+00 -9.287433e-01 3.350000e+01
      vertex   2.548606e+01 -8.431159e-01 3.350000e+01
      vertex   8.000000e+00 9.797174e-16 3.350000e+01
    endloop
  endfacet
  facet normal -0.000000e+00 0.000000e+00 1.000000e+00
    outer loop
      vertex   8.000000e+00 9.797174e-16 3.350000e+01
      vertex   2.548606e+01 -8.431159e-01 3.350000e+01
      vertex   2.548606e+01 8.431159e-01 3.350000e+01
    endloop
  endfacet
  facet normal 0.000000e+00 -0.000000e+00 1.000000e+00
    outer loop
      vertex   8.000000e+00 9.797174e-16 3.350000e+01
      vertex   2.548606e+01 8.431159e-01 3.350000e+01
      vertex   7.945907e+00 9.287433e-01 3.350000e+01
    endloop
  endfacet
  facet normal -0.000000e+00 0.000000e+00 1.000000e+00
    outer loop
      vertex   7.945907e+00 9.287433e-01 3.350000e+01
      vertex   2.548606e+01 8.431159e-01 3.350000e+01
      vertex   2.537461e+01 2.525661e+00 3.350000e+01
    endloop
  endfacet
  facet normal 0.000000e+00 0.000000e+00 1.000000e+00
    outer loop
      vertex   7.945907e+00 9.287433e-01 3.350000e+01
      vertex   2.537461e+01 2.525661e+00 3.350000e+01
      vertex   2.515221e+01 4.197162e+00 3.350000e+01
    endloop
  endfacet
  facet normal -0.000000e+00 0.000000e+00 1.000000e+00
    outer loop
      vertex   7.784359e+00 -1.844927e+00 3.350000e+01
      vertex   2.515221e+01 -4.197162e+00 3.350000e+01
      vertex   7.945907e+00 -9.287433e-01 3.350000e+01
    endloop
  endfacet
  facet normal 0.000000e+00 0.000000e+00 1.000000e+00
    outer loop
      vertex   7.945907e+00 -9.287433e-01 3.350000e+01
      vertex   2.515221e+01 -4.197162e+00 3.350000e+01
      vertex   2.537461e+01 -2.525661e+00 3.350000e+01
    endloop
  endfacet
  facet normal -0.000000e+00 0.000000e+00 1.000000e+00
    outer loop
      vertex   7.945907e+00 -9.287433e-01 3.350000e+01
      vertex   2.537461e+01 -2.525661e+00 3.350000e+01
      vertex   2.548606e+01 -8.431159e-01 3.350000e+01
    endloop
  endfacet
  facet normal -0.000000e+00 0.000000e+00 1.000000e+00
    outer loop
      vertex   7.517541e+00 -2.736161e+00 3.350000e+01
      vertex   2.437891e+01 -7.477876e+00 3.350000e+01
      vertex   7.784359e+00 -1.844927e+00 3.350000e+01
    endloop
  endfacet
  facet normal 0.000000e+00 0.000000e+00 1.000000e+00
    outer loop
      vertex   7.784359e+00 -1.844927e+00 3.350000e+01
      vertex   2.437891e+01 -7.477876e+00 3.350000e+01
      vertex   2.481983e+01 -5.850310e+00 3.350000e+01
    endloop
  endfacet
  facet normal 0.000000e+00 0.000000e+00 1.000000e+00
    outer loop
      vertex   7.784359e+00 -1.844927e+00 3.350000e+01
      vertex   2.481983e+01 -5.850310e+00 3.350000e+01
      vertex   2.515221e+01 -4.197162e+00 3.350000e+01
    endloop
  endfacet
  facet normal -0.000000e+00 0.000000e+00 1.000000e+00
    outer loop
      vertex   7.149061e+00 -3.590393e+00 3.350000e+01
      vertex   2.317967e+01 -1.062794e+01 3.350000e+01
      vertex   7.517541e+00 -2.736161e+00 3.350000e+01
    endloop
  endfacet
  facet normal 0.000000e+00 0.000000e+00 1.000000e+00
    outer loop
      vertex   7.517541e+00 -2.736161e+00 3.350000e+01
      vertex   2.317967e+01 -1.062794e+01 3.350000e+01
      vertex   2.383139e+01 -9.072743e+00 3.350000e+01
    endloop
  endfacet
  facet normal 0.000000e+00 0.000000e+00 1.000000e+00
    outer loop
      vertex   7.517541e+00 -2.736161e+00 3.350000e+01
      vertex   2.383139e+01 -9.072743e+00 3.350000e+01
      vertex   2.437891e+01 -7.477876e+00 3.350000e+01
    endloop
  endfacet
  facet normal 0.000000e+00 0.000000e+00 1.000000e+00
    outer loop
      vertex   7.149061e+00 -3.590393e+00 3.350000e+01
      vertex   6.683902e+00 -4.396072e+00 3.350000e+01
      vertex   2.317967e+01 -1.062794e+01 3.350000e+01
    endloop
  endfacet
  facet normal 0.000000e+00 0.000000e+00 1.000000e+00
    outer loop
      vertex   2.317967e+01 -1.062794e+01 3.350000e+01
      vertex   6.683902e+00 -4.396072e+00 3.350000e+01
      vertex   6.128356e+00 -5.142301e+00 3.350000e+01
    endloop
  endfacet
  facet normal 0.000000e+00 0.000000e+00 1.000000e+00
    outer loop
      vertex   2.317967e+01 -1.062794e+01 3.350000e+01
      vertex   6.128356e+00 -5.142301e+00 3.350000e+01
      vertex   5.489933e+00 -5.818989e+00 3.350000e+01
    endloop
  endfacet
  facet normal 0.000000e+00 0.000000e+00 1.000000e+00
    outer loop
      vertex   5.489933e+00 -5.818989e+00 3.350000e+01
      vertex   4.777269e+00 -6.416986e+00 3.350000e+01
      vertex   2.317967e+01 -1.062794e+01 3.350000e+01
    endloop
  endfacet
  facet normal 0.000000e+00 0.000000e+00 1.000000e+00
    outer loop
      vertex   2.317967e+01 -1.062794e+01 3.350000e+01
      vertex   4.777269e+00 -6.416986e+00 3.350000e+01
      vertex   4.000000e+00 -6.928203e+00 3.350000e+01
    endloop
  endfacet
  facet normal 0.000000e+00 0.000000e+00 1.000000e+00
    outer loop
      vertex   2.317967e+01 -1.062794e+01 3.350000e+01
      vertex   4.000000e+00 -6.928203e+00 3.350000e+01
      vertex   3.168638e+00 -7.345729e+00 3.350000e+01
    endloop
  endfacet
  facet normal 0.000000e+00 0.000000e+00 1.000000e+00
    outer loop
      vertex   3.168638e+00 -7.345729e+00 3.350000e+01
      vertex   2.294426e+00 -7.663916e+00 3.350000e+01
      vertex   2.317967e+01 -1.062794e+01 3.350000e+01
    endloop
  endfacet
  facet normal 0.000000e+00 0.000000e+00 1.000000e+00
    outer loop
      vertex   2.317967e+01 -1.062794e+01 3.350000e+01
      vertex   2.294426e+00 -7.663916e+00 3.350000e+01
      vertex   1.389185e+00 -7.878462e+00 3.350000e+01
    endloop
  endfacet
  facet normal 0.000000e+00 0.000000e+00 1.000000e+00
    outer loop
      vertex   2.317967e+01 -1.062794e+01 3.350000e+01
      vertex   1.389185e+00 -7.878462e+00 3.350000e+01
      vertex   4.651586e-01 -7.986465e+00 3.350000e+01
    endloop
  endfacet
  facet normal 0.000000e+00 0.000000e+00 1.000000e+00
    outer loop
      vertex   2.317967e+01 -1.062794e+01 3.350000e+01
      vertex   4.651586e-01 -7.986465e+00 3.350000e+01
      vertex   2.242658e+01 -1.213666e+01 3.350000e+01
    endloop
  endfacet
  facet normal 0.000000e+00 0.000000e+00 1.000000e+00
    outer loop
      vertex   2.242658e+01 -1.213666e+01 3.350000e+01
      vertex   4.651586e-01 -7.986465e+00 3.350000e+01
      vertex   -4.651586e-01 -7.986465e+00 3.350000e+01
    endloop
  endfacet
  facet normal 0.000000e+00 0.000000e+00 1.000000e+00
    outer loop
      vertex   2.242658e+01 -1.213666e+01 3.350000e+01
      vertex   -4.651586e-01 -7.986465e+00 3.350000e+01
      vertex   -2.281560e+01 -1.138852e+01 3.350000e+01
    endloop
  endfacet
  facet normal 0.000000e+00 -0.000000e+00 1.000000e+00
    outer loop
      vertex   -2.281560e+01 -1.138852e+01 3.350000e+01
      vertex   -4.651586e-01 -7.986465e+00 3.350000e+01
      vertex   -2.351839e+01 -9.855729e+00 3.350000e+01
    endloop
  endfacet
  facet normal 0.000000e+00 -0.000000e+00 1.000000e+00
    outer loop
      vertex   -2.351839e+01 -9.855729e+00 3.350000e+01
      vertex   -4.651586e-01 -7.986465e+00 3.350000e+01
      vertex   -2.411834e+01 -8.279836e+00 3.350000e+01
    endloop
  endfacet
  facet normal 0.000000e+00 0.000000e+00 1.000000e+00
    outer loop
      vertex   -2.411834e+01 -8.279836e+00 3.350000e+01
      vertex   -4.651586e-01 -7.986465e+00 3.350000e+01
      vertex   -1.389185e+00 -7.878462e+00 3.350000e+01
    endloop
  endfacet
  facet normal 0.000000e+00 0.000000e+00 1.000000e+00
    outer loop
      vertex   -2.411834e+01 -8.279836e+00 3.350000e+01
      vertex   -1.389185e+00 -7.878462e+00 3.350000e+01
      vertex   -2.294426e+00 -7.663916e+00 3.350000e+01
    endloop
  endfacet
  facet normal 0.000000e+00 0.000000e+00 1.000000e+00
    outer loop
      vertex   -2.294426e+00 -7.663916e+00 3.350000e+01
      vertex   -3.168638e+00 -7.345729e+00 3.350000e+01
      vertex   -2.411834e+01 -8.279836e+00 3.350000e+01
    endloop
  endfacet
  facet normal 0.000000e+00 0.000000e+00 1.000000e+00
    outer loop
      vertex   -2.411834e+01 -8.279836e+00 3.350000e+01
      vertex   -3.168638e+00 -7.345729e+00 3.350000e+01
      vertex   -4.000000e+00 -6.928203e+00 3.350000e+01
    endloop
  endfacet
  facet normal 0.000000e+00 0.000000e+00 1.000000e+00
    outer loop
      vertex   -2.411834e+01 -8.279836e+00 3.350000e+01
      vertex   -4.000000e+00 -6.928203e+00 3.350000e+01
      vertex   -4.777269e+00 -6.416986e+00 3.350000e+01
    endloop
  endfacet
  facet normal 0.000000e+00 0.000000e+00 1.000000e+00
    outer loop
      vertex   -4.777269e+00 -6.416986e+00 3.350000e+01
      vertex   -5.489933e+00 -5.818989e+00 3.350000e+01
      vertex   -2.411834e+01 -8.279836e+00 3.350000e+01
    endloop
  endfacet
  facet normal 0.000000e+00 0.000000e+00 1.000000e+00
    outer loop
      vertex   -2.411834e+01 -8.279836e+00 3.350000e+01
      vertex   -5.489933e+00 -5.818989e+00 3.350000e+01
      vertex   -6.128356e+00 -5.142301e+00 3.350000e+01
    endloop
  endfacet
  facet normal 0.000000e+00 0.000000e+00 1.000000e+00
    outer loop
      vertex   -2.411834e+01 -8.279836e+00 3.350000e+01
      vertex   -6.128356e+00 -5.142301e+00 3.350000e+01
      vertex   -6.683902e+00 -4.396072e+00 3.350000e+01
    endloop
  endfacet
  facet normal 0.000000e+00 0.000000e+00 1.000000e+00
    outer loop
      vertex   -6.683902e+00 -4.396072e+00 3.350000e+01
      vertex   -7.149061e+00 -3.590393e+00 3.350000e+01
      vertex   -2.411834e+01 -8.279836e+00 3.350000e+01
    endloop
  endfacet
  facet normal 0.000000e+00 0.000000e+00 1.000000e+00
    outer loop
      vertex   -2.411834e+01 -8.279836e+00 3.350000e+01
      vertex   -7.149061e+00 -3.590393e+00 3.350000e+01
      vertex   -7.517541e+00 -2.736161e+00 3.350000e+01
    endloop
  endfacet
  facet normal 0.000000e+00 -0.000000e+00 1.000000e+00
    outer loop
      vertex   -2.411834e+01 -8.279836e+00 3.350000e+01
      vertex   -7.517541e+00 -2.736161e+00 3.350000e+01
      vertex   -2.461283e+01 -6.667738e+00 3.350000e+01
    endloop
  endfacet
  facet normal 0.000000e+00 0.000000e+00 1.000000e+00
    outer loop
      vertex   -2.461283e+01 -6.667738e+00 3.350000e+01
      vertex   -7.517541e+00 -2.736161e+00 3.350000e+01
      vertex   -7.784359e+00 -1.844927e+00 3.350000e+01
    endloop
  endfacet
  facet normal 0.000000e+00 -0.000000e+00 1.000000e+00
    outer loop
      vertex   -2.461283e+01 -6.667738e+00 3.350000e+01
      vertex   -7.784359e+00 -1.844927e+00 3.350000e+01
      vertex   -2.499969e+01 -5.026484e+00 3.350000e+01
    endloop
  endfacet
  facet normal 0.000000e+00 0.000000e+00 1.000000e+00
    outer loop
      vertex   -2.499969e+01 -5.026484e+00 3.350000e+01
      vertex   -7.784359e+00 -1.844927e+00 3.350000e+01
      vertex   -7.945907e+00 -9.287433e-01 3.350000e+01
    endloop
  endfacet
  facet normal 0.000000e+00 -0.000000e+00 1.000000e+00
    outer loop
      vertex   -2.499969e+01 -5.026484e+00 3.350000e+01
      vertex   -7.945907e+00 -9.287433e-01 3.350000e+01
      vertex   -2.527723e+01 -3.363250e+00 3.350000e+01
    endloop
  endfacet
  facet normal 0.000000e+00 -0.000000e+00 1.000000e+00
    outer loop
      vertex   -2.527723e+01 -3.363250e+00 3.350000e+01
      vertex   -7.945907e+00 -9.287433e-01 3.350000e+01
      vertex   -2.544425e+01 -1.685310e+00 3.350000e+01
    endloop
  endfacet
  facet normal 0.000000e+00 0.000000e+00 1.000000e+00
    outer loop
      vertex   -2.544425e+01 -1.685310e+00 3.350000e+01
      vertex   -7.945907e+00 -9.287433e-01 3.350000e+01
      vertex   -8.000000e+00 0.000000e+00 3.350000e+01
    endloop
  endfacet
  facet normal 0.000000e+00 -0.000000e+00 1.000000e+00
    outer loop
      vertex   -2.544425e+01 -1.685310e+00 3.350000e+01
      vertex   -8.000000e+00 0.000000e+00 3.350000e+01
      vertex   -2.550000e+01 -3.122849e-15 3.350000e+01
    endloop
  endfacet
  facet normal 0.000000e+00 0.000000e+00 1.000000e+00
    outer loop
      vertex   -2.550000e+01 -3.122849e-15 3.350000e+01
      vertex   -8.000000e+00 0.000000e+00 3.350000e+01
      vertex   -2.544425e+01 1.685310e+00 3.350000e+01
    endloop
  endfacet
  facet normal 0.000000e+00 0.000000e+00 1.000000e+00
    outer loop
      vertex   -2.544425e+01 1.685310e+00 3.350000e+01
      vertex   -8.000000e+00 0.000000e+00 3.350000e+01
      vertex   -7.945907e+00 9.287433e-01 3.350000e+01
    endloop
  endfacet
  facet normal -0.000000e+00 0.000000e+00 1.000000e+00
    outer loop
      vertex   -2.544425e+01 1.685310e+00 3.350000e+01
      vertex   -7.945907e+00 9.287433e-01 3.350000e+01
      vertex   -2.527723e+01 3.363250e+00 3.350000e+01
    endloop
  endfacet
  facet normal -0.000000e+00 0.000000e+00 1.000000e+00
    outer loop
      vertex   -2.527723e+01 3.363250e+00 3.350000e+01
      vertex   -7.945907e+00 9.287433e-01 3.350000e+01
      vertex   -2.499969e+01 5.026484e+00 3.350000e+01
    endloop
  endfacet
  facet normal 0.000000e+00 0.000000e+00 1.000000e+00
    outer loop
      vertex   -2.499969e+01 5.026484e+00 3.350000e+01
      vertex   -7.945907e+00 9.287433e-01 3.350000e+01
      vertex   -7.784359e+00 1.844927e+00 3.350000e+01
    endloop
  endfacet
  facet normal -0.000000e+00 0.000000e+00 1.000000e+00
    outer loop
      vertex   -2.499969e+01 5.026484e+00 3.350000e+01
      vertex   -7.784359e+00 1.844927e+00 3.350000e+01
      vertex   -2.461283e+01 6.667738e+00 3.350000e+01
    endloop
  endfacet
  facet normal 0.000000e+00 0.000000e+00 1.000000e+00
    outer loop
      vertex   -2.461283e+01 6.667738e+00 3.350000e+01
      vertex   -7.784359e+00 1.844927e+00 3.350000e+01
      vertex   -7.517541e+00 2.736161e+00 3.350000e+01
    endloop
  endfacet
  facet normal -0.000000e+00 0.000000e+00 1.000000e+00
    outer loop
      vertex   -2.461283e+01 6.667738e+00 3.350000e+01
      vertex   -7.517541e+00 2.736161e+00 3.350000e+01
      vertex   -2.411834e+01 8.279836e+00 3.350000e+01
    endloop
  endfacet
  facet normal 0.000000e+00 0.000000e+00 1.000000e+00
    outer loop
      vertex   -2.411834e+01 8.279836e+00 3.350000e+01
      vertex   -7.517541e+00 2.736161e+00 3.350000e+01
      vertex   -7.149061e+00 3.590393e+00 3.350000e+01
    endloop
  endfacet
  facet normal 0.000000e+00 0.000000e+00 1.000000e+00
    outer loop
      vertex   -2.411834e+01 8.279836e+00 3.350000e+01
      vertex   -7.149061e+00 3.590393e+00 3.350000e+01
      vertex   -6.683902e+00 4.396072e+00 3.350000e+01
    endloop
  endfacet
  facet normal 0.000000e+00 -0.000000e+00 1.000000e+00
    outer loop
      vertex   -6.683902e+00 4.396072e+00 3.350000e+01
      vertex   -6.128356e+00 5.142301e+00 3.350000e+01
      vertex   -2.411834e+01 8.279836e+00 3.350000e+01
    endloop
  endfacet
  facet normal 0.000000e+00 0.000000e+00 1.000000e+00
    outer loop
      vertex   -2.411834e+01 8.279836e+00 3.350000e+01
      vertex   -6.128356e+00 5.142301e+00 3.350000e+01
      vertex   -5.489933e+00 5.818989e+00 3.350000e+01
    endloop
  endfacet
  facet normal 0.000000e+00 0.000000e+00 1.000000e+00
    outer loop
      vertex   -2.411834e+01 8.279836e+00 3.350000e+01
      vertex   -5.489933e+00 5.818989e+00 3.350000e+01
      vertex   -4.777269e+00 6.416986e+00 3.350000e+01
    endloop
  endfacet
  facet normal 0.000000e+00 -0.000000e+00 1.000000e+00
    outer loop
      vertex   -4.777269e+00 6.416986e+00 3.350000e+01
      vertex   -4.000000e+00 6.928203e+00 3.350000e+01
      vertex   -2.411834e+01 8.279836e+00 3.350000e+01
    endloop
  endfacet
  facet normal 0.000000e+00 0.000000e+00 1.000000e+00
    outer loop
      vertex   -2.411834e+01 8.279836e+00 3.350000e+01
      vertex   -4.000000e+00 6.928203e+00 3.350000e+01
      vertex   -3.168638e+00 7.345729e+00 3.350000e+01
    endloop
  endfacet
  facet normal 0.000000e+00 0.000000e+00 1.000000e+00
    outer loop
      vertex   -2.411834e+01 8.279836e+00 3.350000e+01
      vertex   -3.168638e+00 7.345729e+00 3.350000e+01
      vertex   -2.294426e+00 7.663916e+00 3.350000e+01
    endloop
  endfacet
  facet normal 0.000000e+00 -0.000000e+00 1.000000e+00
    outer loop
      vertex   -2.294426e+00 7.663916e+00 3.350000e+01
      vertex   -1.389185e+00 7.878462e+00 3.350000e+01
      vertex   -2.411834e+01 8.279836e+00 3.350000e+01
    endloop
  endfacet
  facet normal 0.000000e+00 0.000000e+00 1.000000e+00
    outer loop
      vertex   -2.411834e+01 8.279836e+00 3.350000e+01
      vertex   -1.389185e+00 7.878462e+00 3.350000e+01
      vertex   -4.651586e-01 7.986465e+00 3.350000e+01
    endloop
  endfacet
  facet normal 0.000000e+00 0.000000e+00 1.000000e+00
    outer loop
      vertex   -2.411834e+01 8.279836e+00 3.350000e+01
      vertex   -4.651586e-01 7.986465e+00 3.350000e+01
      vertex   4.651586e-01 7.986465e+00 3.350000e+01
    endloop
  endfacet
  facet normal 0.000000e+00 -0.000000e+00 1.000000e+00
    outer loop
      vertex   1.389185e+00 7.878462e+00 3.350000e+01
      vertex   3.780723e+00 2.521817e+01 3.350000e+01
      vertex   4.651586e-01 7.986465e+00 3.350000e+01
    endloop
  endfacet
  facet normal 0.000000e+00 0.000000e+00 1.000000e+00
    outer loop
      vertex   4.651586e-01 7.986465e+00 3.350000e+01
      vertex   3.780723e+00 2.521817e+01 3.350000e+01
      vertex   2.105773e+00 2.541290e+01 3.350000e+01
    endloop
  endfacet
  facet normal 0.000000e+00 -0.000000e+00 1.000000e+00
    outer loop
      vertex   4.651586e-01 7.986465e+00 3.350000e+01
      vertex   2.105773e+00 2.541290e+01 3.350000e+01
      vertex   4.216156e-01 2.549651e+01 3.350000e+01
    endloop
  endfacet
  facet normal 0.000000e+00 0.000000e+00 1.000000e+00
    outer loop
      vertex   3.780723e+00 2.521817e+01 3.350000e+01
      vertex   1.389185e+00 7.878462e+00 3.350000e+01
      vertex   5.439141e+00 2.491316e+01 3.350000e+01
    endloop
  endfacet
  facet normal 0.000000e+00 0.000000e+00 1.000000e+00
    outer loop
      vertex   5.439141e+00 2.491316e+01 3.350000e+01
      vertex   1.389185e+00 7.878462e+00 3.350000e+01
      vertex   2.294426e+00 7.663916e+00 3.350000e+01
    endloop
  endfacet
  facet normal 0.000000e+00 0.000000e+00 1.000000e+00
    outer loop
      vertex   5.439141e+00 2.491316e+01 3.350000e+01
      vertex   2.294426e+00 7.663916e+00 3.350000e+01
      vertex   7.073774e+00 2.449922e+01 3.350000e+01
    endloop
  endfacet
  facet normal 0.000000e+00 0.000000e+00 1.000000e+00
    outer loop
      vertex   7.073774e+00 2.449922e+01 3.350000e+01
      vertex   2.294426e+00 7.663916e+00 3.350000e+01
      vertex   8.677476e+00 2.397814e+01 3.350000e+01
    endloop
  endfacet
  facet normal 0.000000e+00 0.000000e+00 1.000000e+00
    outer loop
      vertex   8.677476e+00 2.397814e+01 3.350000e+01
      vertex   2.294426e+00 7.663916e+00 3.350000e+01
      vertex   3.168638e+00 7.345729e+00 3.350000e+01
    endloop
  endfacet
  facet normal 0.000000e+00 0.000000e+00 1.000000e+00
    outer loop
      vertex   8.677476e+00 2.397814e+01 3.350000e+01
      vertex   3.168638e+00 7.345729e+00 3.350000e+01
      vertex   1.024323e+01 2.335222e+01 3.350000e+01
    endloop
  endfacet
  facet normal 0.000000e+00 0.000000e+00 1.000000e+00
    outer loop
      vertex   1.024323e+01 2.335222e+01 3.350000e+01
      vertex   3.168638e+00 7.345729e+00 3.350000e+01
      vertex   1.176420e+01 2.262418e+01 3.350000e+01
    endloop
  endfacet
  facet normal 0.000000e+00 0.000000e+00 1.000000e+00
    outer loop
      vertex   1.176420e+01 2.262418e+01 3.350000e+01
      vertex   3.168638e+00 7.345729e+00 3.350000e+01
      vertex   4.000000e+00 6.928203e+00 3.350000e+01
    endloop
  endfacet
  facet normal 0.000000e+00 0.000000e+00 1.000000e+00
    outer loop
      vertex   1.176420e+01 2.262418e+01 3.350000e+01
      vertex   4.000000e+00 6.928203e+00 3.350000e+01
      vertex   1.323372e+01 2.179721e+01 3.350000e+01
    endloop
  endfacet
  facet normal 0.000000e+00 0.000000e+00 1.000000e+00
    outer loop
      vertex   1.323372e+01 2.179721e+01 3.350000e+01
      vertex   4.000000e+00 6.928203e+00 3.350000e+01
      vertex   1.464538e+01 2.087493e+01 3.350000e+01
    endloop
  endfacet
  facet normal 0.000000e+00 0.000000e+00 1.000000e+00
    outer loop
      vertex   1.464538e+01 2.087493e+01 3.350000e+01
      vertex   4.000000e+00 6.928203e+00 3.350000e+01
      vertex   4.777269e+00 6.416986e+00 3.350000e+01
    endloop
  endfacet
  facet normal 0.000000e+00 0.000000e+00 1.000000e+00
    outer loop
      vertex   1.464538e+01 2.087493e+01 3.350000e+01
      vertex   4.777269e+00 6.416986e+00 3.350000e+01
      vertex   1.599300e+01 1.986137e+01 3.350000e+01
    endloop
  endfacet
  facet normal 0.000000e+00 0.000000e+00 1.000000e+00
    outer loop
      vertex   1.599300e+01 1.986137e+01 3.350000e+01
      vertex   4.777269e+00 6.416986e+00 3.350000e+01
      vertex   5.489933e+00 5.818989e+00 3.350000e+01
    endloop
  endfacet
  facet normal 0.000000e+00 0.000000e+00 1.000000e+00
    outer loop
      vertex   1.599300e+01 1.986137e+01 3.350000e+01
      vertex   5.489933e+00 5.818989e+00 3.350000e+01
      vertex   1.727068e+01 1.876096e+01 3.350000e+01
    endloop
  endfacet
  facet normal 0.000000e+00 0.000000e+00 1.000000e+00
    outer loop
      vertex   1.727068e+01 1.876096e+01 3.350000e+01
      vertex   5.489933e+00 5.818989e+00 3.350000e+01
      vertex   1.847284e+01 1.757851e+01 3.350000e+01
    endloop
  endfacet
  facet normal 0.000000e+00 0.000000e+00 1.000000e+00
    outer loop
      vertex   1.847284e+01 1.757851e+01 3.350000e+01
      vertex   5.489933e+00 5.818989e+00 3.350000e+01
      vertex   6.128356e+00 5.142301e+00 3.350000e+01
    endloop
  endfacet
  facet normal 0.000000e+00 0.000000e+00 1.000000e+00
    outer loop
      vertex   1.847284e+01 1.757851e+01 3.350000e+01
      vertex   6.128356e+00 5.142301e+00 3.350000e+01
      vertex   1.959423e+01 1.631920e+01 3.350000e+01
    endloop
  endfacet
  facet normal 0.000000e+00 0.000000e+00 1.000000e+00
    outer loop
      vertex   1.959423e+01 1.631920e+01 3.350000e+01
      vertex   6.128356e+00 5.142301e+00 3.350000e+01
      vertex   2.062993e+01 1.498852e+01 3.350000e+01
    endloop
  endfacet
  facet normal 0.000000e+00 0.000000e+00 1.000000e+00
    outer loop
      vertex   2.062993e+01 1.498852e+01 3.350000e+01
      vertex   6.128356e+00 5.142301e+00 3.350000e+01
      vertex   6.683902e+00 4.396072e+00 3.350000e+01
    endloop
  endfacet
  facet normal 0.000000e+00 0.000000e+00 1.000000e+00
    outer loop
      vertex   2.062993e+01 1.498852e+01 3.350000e+01
      vertex   6.683902e+00 4.396072e+00 3.350000e+01
      vertex   2.157543e+01 1.359231e+01 3.350000e+01
    endloop
  endfacet
  facet normal 0.000000e+00 0.000000e+00 1.000000e+00
    outer loop
      vertex   2.157543e+01 1.359231e+01 3.350000e+01
      vertex   6.683902e+00 4.396072e+00 3.350000e+01
      vertex   2.242658e+01 1.213666e+01 3.350000e+01
    endloop
  endfacet
  facet normal 0.000000e+00 0.000000e+00 1.000000e+00
    outer loop
      vertex   2.242658e+01 1.213666e+01 3.350000e+01
      vertex   6.683902e+00 4.396072e+00 3.350000e+01
      vertex   7.149061e+00 3.590393e+00 3.350000e+01
    endloop
  endfacet
  facet normal 0.000000e+00 0.000000e+00 1.000000e+00
    outer loop
      vertex   2.242658e+01 1.213666e+01 3.350000e+01
      vertex   7.149061e+00 3.590393e+00 3.350000e+01
      vertex   2.317967e+01 1.062794e+01 3.350000e+01
    endloop
  endfacet
  facet normal 0.000000e+00 0.000000e+00 1.000000e+00
    outer loop
      vertex   2.317967e+01 1.062794e+01 3.350000e+01
      vertex   7.149061e+00 3.590393e+00 3.350000e+01
      vertex   7.517541e+00 2.736161e+00 3.350000e+01
    endloop
  endfacet
  facet normal 0.000000e+00 0.000000e+00 1.000000e+00
    outer loop
      vertex   2.317967e+01 1.062794e+01 3.350000e+01
      vertex   7.517541e+00 2.736161e+00 3.350000e+01
      vertex   2.383139e+01 9.072743e+00 3.350000e+01
    endloop
  endfacet
  facet normal 0.000000e+00 0.000000e+00 1.000000e+00
    outer loop
      vertex   2.383139e+01 9.072743e+00 3.350000e+01
      vertex   7.517541e+00 2.736161e+00 3.350000e+01
      vertex   2.437891e+01 7.477876e+00 3.350000e+01
    endloop
  endfacet
  facet normal 0.000000e+00 0.000000e+00 1.000000e+00
    outer loop
      vertex   2.437891e+01 7.477876e+00 3.350000e+01
      vertex   7.517541e+00 2.736161e+00 3.350000e+01
      vertex   7.784359e+00 1.844927e+00 3.350000e+01
    endloop
  endfacet
  facet normal 0.000000e+00 0.000000e+00 1.000000e+00
    outer loop
      vertex   2.437891e+01 7.477876e+00 3.350000e+01
      vertex   7.784359e+00 1.844927e+00 3.350000e+01
      vertex   2.481983e+01 5.850310e+00 3.350000e+01
    endloop
  endfacet
  facet normal 0.000000e+00 0.000000e+00 1.000000e+00
    outer loop
      vertex   2.481983e+01 5.850310e+00 3.350000e+01
      vertex   7.784359e+00 1.844927e+00 3.350000e+01
      vertex   2.515221e+01 4.197162e+00 3.350000e+01
    endloop
  endfacet
  facet normal 0.000000e+00 0.000000e+00 1.000000e+00
    outer loop
      vertex   2.515221e+01 4.197162e+00 3.350000e+01
      vertex   7.784359e+00 1.844927e+00 3.350000e+01
      vertex   7.945907e+00 9.287433e-01 3.350000e+01
    endloop
  endfacet
  facet normal 0.000000e+00 0.000000e+00 1.000000e+00
    outer loop
      vertex   -2.281560e+01 -1.138852e+01 3.350000e+01
      vertex   -2.201304e+01 -1.287152e+01 3.350000e+01
      vertex   2.242658e+01 -1.213666e+01 3.350000e+01
    endloop
  endfacet
  facet normal 0.000000e+00 0.000000e+00 1.000000e+00
    outer loop
      vertex   2.242658e+01 -1.213666e+01 3.350000e+01
      vertex   -2.201304e+01 -1.287152e+01 3.350000e+01
      vertex   2.157543e+01 -1.359231e+01 3.350000e+01
    endloop
  endfacet
  facet normal 0.000000e+00 0.000000e+00 1.000000e+00
    outer loop
      vertex   2.157543e+01 -1.359231e+01 3.350000e+01
      vertex   -2.201304e+01 -1.287152e+01 3.350000e+01
      vertex   -2.111423e+01 -1.429823e+01 3.350000e+01
    endloop
  endfacet
  facet normal 0.000000e+00 0.000000e+00 1.000000e+00
    outer loop
      vertex   2.157543e+01 -1.359231e+01 3.350000e+01
      vertex   -2.111423e+01 -1.429823e+01 3.350000e+01
      vertex   2.062993e+01 -1.498852e+01 3.350000e+01
    endloop
  endfacet
  facet normal 0.000000e+00 0.000000e+00 1.000000e+00
    outer loop
      vertex   2.062993e+01 -1.498852e+01 3.350000e+01
      vertex   -2.111423e+01 -1.429823e+01 3.350000e+01
      vertex   -2.012308e+01 -1.566242e+01 3.350000e+01
    endloop
  endfacet
  facet normal 0.000000e+00 0.000000e+00 1.000000e+00
    outer loop
      vertex   2.062993e+01 -1.498852e+01 3.350000e+01
      vertex   -2.012308e+01 -1.566242e+01 3.350000e+01
      vertex   1.959423e+01 -1.631920e+01 3.350000e+01
    endloop
  endfacet
  facet normal 0.000000e+00 0.000000e+00 1.000000e+00
    outer loop
      vertex   1.959423e+01 -1.631920e+01 3.350000e+01
      vertex   -2.012308e+01 -1.566242e+01 3.350000e+01
      vertex   -1.904395e+01 -1.695813e+01 3.350000e+01
    endloop
  endfacet
  facet normal 0.000000e+00 0.000000e+00 1.000000e+00
    outer loop
      vertex   1.959423e+01 -1.631920e+01 3.350000e+01
      vertex   -1.904395e+01 -1.695813e+01 3.350000e+01
      vertex   1.847284e+01 -1.757851e+01 3.350000e+01
    endloop
  endfacet
  facet normal 0.000000e+00 0.000000e+00 1.000000e+00
    outer loop
      vertex   1.847284e+01 -1.757851e+01 3.350000e+01
      vertex   -1.904395e+01 -1.695813e+01 3.350000e+01
      vertex   -1.788154e+01 -1.817968e+01 3.350000e+01
    endloop
  endfacet
  facet normal 0.000000e+00 0.000000e+00 1.000000e+00
    outer loop
      vertex   1.847284e+01 -1.757851e+01 3.350000e+01
      vertex   -1.788154e+01 -1.817968e+01 3.350000e+01
      vertex   1.727068e+01 -1.876096e+01 3.350000e+01
    endloop
  endfacet
  facet normal 0.000000e+00 0.000000e+00 1.000000e+00
    outer loop
      vertex   1.727068e+01 -1.876096e+01 3.350000e+01
      vertex   -1.788154e+01 -1.817968e+01 3.350000e+01
      vertex   -1.664094e+01 -1.932173e+01 3.350000e+01
    endloop
  endfacet
  facet normal 0.000000e+00 0.000000e+00 1.000000e+00
    outer loop
      vertex   1.727068e+01 -1.876096e+01 3.350000e+01
      vertex   -1.664094e+01 -1.932173e+01 3.350000e+01
      vertex   1.599300e+01 -1.986137e+01 3.350000e+01
    endloop
  endfacet
  facet normal 0.000000e+00 0.000000e+00 1.000000e+00
    outer loop
      vertex   1.599300e+01 -1.986137e+01 3.350000e+01
      vertex   -1.664094e+01 -1.932173e+01 3.350000e+01
      vertex   -1.532757e+01 -2.037929e+01 3.350000e+01
    endloop
  endfacet
  facet normal 0.000000e+00 0.000000e+00 1.000000e+00
    outer loop
      vertex   1.599300e+01 -1.986137e+01 3.350000e+01
      vertex   -1.532757e+01 -2.037929e+01 3.350000e+01
      vertex   1.464538e+01 -2.087493e+01 3.350000e+01
    endloop
  endfacet
  facet normal 0.000000e+00 0.000000e+00 1.000000e+00
    outer loop
      vertex   1.464538e+01 -2.087493e+01 3.350000e+01
      vertex   -1.532757e+01 -2.037929e+01 3.350000e+01
      vertex   -1.394718e+01 -2.134775e+01 3.350000e+01
    endloop
  endfacet
  facet normal 0.000000e+00 0.000000e+00 1.000000e+00
    outer loop
      vertex   1.464538e+01 -2.087493e+01 3.350000e+01
      vertex   -1.394718e+01 -2.134775e+01 3.350000e+01
      vertex   1.323372e+01 -2.179721e+01 3.350000e+01
    endloop
  endfacet
  facet normal 0.000000e+00 0.000000e+00 1.000000e+00
    outer loop
      vertex   1.323372e+01 -2.179721e+01 3.350000e+01
      vertex   -1.394718e+01 -2.134775e+01 3.350000e+01
      vertex   -1.250580e+01 -2.222285e+01 3.350000e+01
    endloop
  endfacet
  facet normal 0.000000e+00 0.000000e+00 1.000000e+00
    outer loop
      vertex   1.323372e+01 -2.179721e+01 3.350000e+01
      vertex   -1.250580e+01 -2.222285e+01 3.350000e+01
      vertex   1.176420e+01 -2.262418e+01 3.350000e+01
    endloop
  endfacet
  facet normal 0.000000e+00 0.000000e+00 1.000000e+00
    outer loop
      vertex   1.176420e+01 -2.262418e+01 3.350000e+01
      vertex   -1.250580e+01 -2.222285e+01 3.350000e+01
      vertex   -1.100974e+01 -2.300078e+01 3.350000e+01
    endloop
  endfacet
  facet normal 0.000000e+00 0.000000e+00 1.000000e+00
    outer loop
      vertex   1.176420e+01 -2.262418e+01 3.350000e+01
      vertex   -1.100974e+01 -2.300078e+01 3.350000e+01
      vertex   1.024323e+01 -2.335222e+01 3.350000e+01
    endloop
  endfacet
  facet normal 0.000000e+00 0.000000e+00 1.000000e+00
    outer loop
      vertex   1.024323e+01 -2.335222e+01 3.350000e+01
      vertex   -1.100974e+01 -2.300078e+01 3.350000e+01
      vertex   -9.465530e+00 -2.367813e+01 3.350000e+01
    endloop
  endfacet
  facet normal 0.000000e+00 0.000000e+00 1.000000e+00
    outer loop
      vertex   1.024323e+01 -2.335222e+01 3.350000e+01
      vertex   -9.465530e+00 -2.367813e+01 3.350000e+01
      vertex   8.677476e+00 -2.397814e+01 3.350000e+01
    endloop
  endfacet
  facet normal 0.000000e+00 0.000000e+00 1.000000e+00
    outer loop
      vertex   8.677476e+00 -2.397814e+01 3.350000e+01
      vertex   -9.465530e+00 -2.367813e+01 3.350000e+01
      vertex   -7.879933e+00 -2.425194e+01 3.350000e+01
    endloop
  endfacet
  facet normal 0.000000e+00 0.000000e+00 1.000000e+00
    outer loop
      vertex   8.677476e+00 -2.397814e+01 3.350000e+01
      vertex   -7.879933e+00 -2.425194e+01 3.350000e+01
      vertex   7.073774e+00 -2.449922e+01 3.350000e+01
    endloop
  endfacet
  facet normal 0.000000e+00 0.000000e+00 1.000000e+00
    outer loop
      vertex   7.073774e+00 -2.449922e+01 3.350000e+01
      vertex   -7.879933e+00 -2.425194e+01 3.350000e+01
      vertex   -6.259880e+00 -2.471971e+01 3.350000e+01
    endloop
  endfacet
  facet normal 0.000000e+00 0.000000e+00 1.000000e+00
    outer loop
      vertex   7.073774e+00 -2.449922e+01 3.350000e+01
      vertex   -6.259880e+00 -2.471971e+01 3.350000e+01
      vertex   5.439141e+00 -2.491316e+01 3.350000e+01
    endloop
  endfacet
  facet normal 0.000000e+00 0.000000e+00 1.000000e+00
    outer loop
      vertex   5.439141e+00 -2.491316e+01 3.350000e+01
      vertex   -6.259880e+00 -2.471971e+01 3.350000e+01
      vertex   -4.612454e+00 -2.507938e+01 3.350000e+01
    endloop
  endfacet
  facet normal 0.000000e+00 0.000000e+00 1.000000e+00
    outer loop
      vertex   5.439141e+00 -2.491316e+01 3.350000e+01
      vertex   -4.612454e+00 -2.507938e+01 3.350000e+01
      vertex   3.780723e+00 -2.521817e+01 3.350000e+01
    endloop
  endfacet
  facet normal 0.000000e+00 0.000000e+00 1.000000e+00
    outer loop
      vertex   3.780723e+00 -2.521817e+01 3.350000e+01
      vertex   -4.612454e+00 -2.507938e+01 3.350000e+01
      vertex   -2.944858e+00 -2.532939e+01 3.350000e+01
    endloop
  endfacet
  facet normal 0.000000e+00 0.000000e+00 1.000000e+00
    outer loop
      vertex   3.780723e+00 -2.521817e+01 3.350000e+01
      vertex   -2.944858e+00 -2.532939e+01 3.350000e+01
      vertex   2.105773e+00 -2.541290e+01 3.350000e+01
    endloop
  endfacet
  facet normal 0.000000e+00 0.000000e+00 1.000000e+00
    outer loop
      vertex   2.105773e+00 -2.541290e+01 3.350000e+01
      vertex   -2.944858e+00 -2.532939e+01 3.350000e+01
      vertex   -1.264386e+00 -2.546863e+01 3.350000e+01
    endloop
  endfacet
  facet normal 0.000000e+00 0.000000e+00 1.000000e+00
    outer loop
      vertex   2.105773e+00 -2.541290e+01 3.350000e+01
      vertex   -1.264386e+00 -2.546863e+01 3.350000e+01
      vertex   4.216156e-01 -2.549651e+01 3.350000e+01
    endloop
  endfacet
  facet normal 0.000000e+00 0.000000e+00 1.000000e+00
    outer loop
      vertex   4.216156e-01 2.549651e+01 3.350000e+01
      vertex   -1.264386e+00 2.546863e+01 3.350000e+01
      vertex   4.651586e-01 7.986465e+00 3.350000e+01
    endloop
  endfacet
  facet normal 0.000000e+00 0.000000e+00 1.000000e+00
    outer loop
      vertex   4.651586e-01 7.986465e+00 3.350000e+01
      vertex   -1.264386e+00 2.546863e+01 3.350000e+01
      vertex   -2.944858e+00 2.532939e+01 3.350000e+01
    endloop
  endfacet
  facet normal 0.000000e+00 0.000000e+00 1.000000e+00
    outer loop
      vertex   4.651586e-01 7.986465e+00 3.350000e+01
      vertex   -2.944858e+00 2.532939e+01 3.350000e+01
      vertex   -4.612454e+00 2.507938e+01 3.350000e+01
    endloop
  endfacet
  facet normal 0.000000e+00 0.000000e+00 1.000000e+00
    outer loop
      vertex   -4.612454e+00 2.507938e+01 3.350000e+01
      vertex   -6.259880e+00 2.471971e+01 3.350000e+01
      vertex   4.651586e-01 7.986465e+00 3.350000e+01
    endloop
  endfacet
  facet normal 0.000000e+00 0.000000e+00 1.000000e+00
    outer loop
      vertex   4.651586e-01 7.986465e+00 3.350000e+01
      vertex   -6.259880e+00 2.471971e+01 3.350000e+01
      vertex   -7.879933e+00 2.425194e+01 3.350000e+01
    endloop
  endfacet
  facet normal 0.000000e+00 0.000000e+00 1.000000e+00
    outer loop
      vertex   4.651586e-01 7.986465e+00 3.350000e+01
      vertex   -7.879933e+00 2.425194e+01 3.350000e+01
      vertex   -9.465530e+00 2.367813e+01 3.350000e+01
    endloop
  endfacet
  facet normal 0.000000e+00 0.000000e+00 1.000000e+00
    outer loop
      vertex   -9.465530e+00 2.367813e+01 3.350000e+01
      vertex   -1.100974e+01 2.300078e+01 3.350000e+01
      vertex   4.651586e-01 7.986465e+00 3.350000e+01
    endloop
  endfacet
  facet normal 0.000000e+00 0.000000e+00 1.000000e+00
    outer loop
      vertex   4.651586e-01 7.986465e+00 3.350000e+01
      vertex   -1.100974e+01 2.300078e+01 3.350000e+01
      vertex   -1.250580e+01 2.222285e+01 3.350000e+01
    endloop
  endfacet
  facet normal 0.000000e+00 0.000000e+00 1.000000e+00
    outer loop
      vertex   4.651586e-01 7.986465e+00 3.350000e+01
      vertex   -1.250580e+01 2.222285e+01 3.350000e+01
      vertex   -1.394718e+01 2.134775e+01 3.350000e+01
    endloop
  endfacet
  facet normal 0.000000e+00 0.000000e+00 1.000000e+00
    outer loop
      vertex   -1.394718e+01 2.134775e+01 3.350000e+01
      vertex   -1.532757e+01 2.037929e+01 3.350000e+01
      vertex   4.651586e-01 7.986465e+00 3.350000e+01
    endloop
  endfacet
  facet normal 0.000000e+00 0.000000e+00 1.000000e+00
    outer loop
      vertex   4.651586e-01 7.986465e+00 3.350000e+01
      vertex   -1.532757e+01 2.037929e+01 3.350000e+01
      vertex   -1.664094e+01 1.932173e+01 3.350000e+01
    endloop
  endfacet
  facet normal 0.000000e+00 0.000000e+00 1.000000e+00
    outer loop
      vertex   4.651586e-01 7.986465e+00 3.350000e+01
      vertex   -1.664094e+01 1.932173e+01 3.350000e+01
      vertex   -1.788154e+01 1.817968e+01 3.350000e+01
    endloop
  endfacet
  facet normal 0.000000e+00 0.000000e+00 1.000000e+00
    outer loop
      vertex   -1.788154e+01 1.817968e+01 3.350000e+01
      vertex   -1.904395e+01 1.695813e+01 3.350000e+01
      vertex   4.651586e-01 7.986465e+00 3.350000e+01
    endloop
  endfacet
  facet normal 0.000000e+00 0.000000e+00 1.000000e+00
    outer loop
      vertex   4.651586e-01 7.986465e+00 3.350000e+01
      vertex   -1.904395e+01 1.695813e+01 3.350000e+01
      vertex   -2.012308e+01 1.566242e+01 3.350000e+01
    endloop
  endfacet
  facet normal 0.000000e+00 0.000000e+00 1.000000e+00
    outer loop
      vertex   4.651586e-01 7.986465e+00 3.350000e+01
      vertex   -2.012308e+01 1.566242e+01 3.350000e+01
      vertex   -2.111423e+01 1.429823e+01 3.350000e+01
    endloop
  endfacet
  facet normal 0.000000e+00 0.000000e+00 1.000000e+00
    outer loop
      vertex   -2.111423e+01 1.429823e+01 3.350000e+01
      vertex   -2.201304e+01 1.287152e+01 3.350000e+01
      vertex   4.651586e-01 7.986465e+00 3.350000e+01
    endloop
  endfacet
  facet normal 0.000000e+00 0.000000e+00 1.000000e+00
    outer loop
      vertex   4.651586e-01 7.986465e+00 3.350000e+01
      vertex   -2.201304e+01 1.287152e+01 3.350000e+01
      vertex   -2.281560e+01 1.138852e+01 3.350000e+01
    endloop
  endfacet
  facet normal 0.000000e+00 0.000000e+00 1.000000e+00
    outer loop
      vertex   4.651586e-01 7.986465e+00 3.350000e+01
      vertex   -2.281560e+01 1.138852e+01 3.350000e+01
      vertex   -2.351839e+01 9.855729e+00 3.350000e+01
    endloop
  endfacet
  facet normal 0.000000e+00 0.000000e+00 1.000000e+00
    outer loop
      vertex   -2.351839e+01 9.855729e+00 3.350000e+01
      vertex   -2.411834e+01 8.279836e+00 3.350000e+01
      vertex   4.651586e-01 7.986465e+00 3.350000e+01
    endloop
  endfacet
  facet normal 0.000000e+00 -0.000000e+00 -1.000000e+00
    outer loop
      vertex   -2.544425e+01 1.685310e+00 -1.750000e+01
      vertex   2.548606e+01 8.431159e-01 -1.750000e+01
      vertex   -2.550000e+01 -3.122849e-15 -1.750000e+01
    endloop
  endfacet
  facet normal 0.000000e+00 0.000000e+00 -1.000000e+00
    outer loop
      vertex   -2.550000e+01 -3.122849e-15 -1.750000e+01
      vertex   2.548606e+01 8.431159e-01 -1.750000e+01
      vertex   2.548606e+01 -8.431159e-01 -1.750000e+01
    endloop
  endfacet
  facet normal 0.000000e+00 0.000000e+00 -1.000000e+00
    outer loop
      vertex   -2.550000e+01 -3.122849e-15 -1.750000e+01
      vertex   2.548606e+01 -8.431159e-01 -1.750000e+01
      vertex   -2.544425e+01 -1.685310e+00 -1.750000e+01
    endloop
  endfacet
  facet normal 0.000000e+00 0.000000e+00 -1.000000e+00
    outer loop
      vertex   -2.544425e+01 -1.685310e+00 -1.750000e+01
      vertex   2.548606e+01 -8.431159e-01 -1.750000e+01
      vertex   2.537461e+01 -2.525661e+00 -1.750000e+01
    endloop
  endfacet
  facet normal 0.000000e+00 0.000000e+00 -1.000000e+00
    outer loop
      vertex   -2.544425e+01 -1.685310e+00 -1.750000e+01
      vertex   2.537461e+01 -2.525661e+00 -1.750000e+01
      vertex   -2.527723e+01 -3.363250e+00 -1.750000e+01
    endloop
  endfacet
  facet normal 0.000000e+00 0.000000e+00 -1.000000e+00
    outer loop
      vertex   -2.527723e+01 -3.363250e+00 -1.750000e+01
      vertex   2.537461e+01 -2.525661e+00 -1.750000e+01
      vertex   2.515221e+01 -4.197162e+00 -1.750000e+01
    endloop
  endfacet
  facet normal 0.000000e+00 0.000000e+00 -1.000000e+00
    outer loop
      vertex   -2.527723e+01 -3.363250e+00 -1.750000e+01
      vertex   2.515221e+01 -4.197162e+00 -1.750000e+01
      vertex   -2.499969e+01 -5.026484e+00 -1.750000e+01
    endloop
  endfacet
  facet normal 0.000000e+00 0.000000e+00 -1.000000e+00
    outer loop
      vertex   -2.499969e+01 -5.026484e+00 -1.750000e+01
      vertex   2.515221e+01 -4.197162e+00 -1.750000e+01
      vertex   2.481983e+01 -5.850310e+00 -1.750000e+01
    endloop
  endfacet
  facet normal 0.000000e+00 0.000000e+00 -1.000000e+00
    outer loop
      vertex   -2.499969e+01 -5.026484e+00 -1.750000e+01
      vertex   2.481983e+01 -5.850310e+00 -1.750000e+01
      vertex   -2.461283e+01 -6.667738e+00 -1.750000e+01
    endloop
  endfacet
  facet normal 0.000000e+00 0.000000e+00 -1.000000e+00
    outer loop
      vertex   -2.461283e+01 -6.667738e+00 -1.750000e+01
      vertex   2.481983e+01 -5.850310e+00 -1.750000e+01
      vertex   2.437891e+01 -7.477876e+00 -1.750000e+01
    endloop
  endfacet
  facet normal 0.000000e+00 0.000000e+00 -1.000000e+00
    outer loop
      vertex   -2.461283e+01 -6.667738e+00 -1.750000e+01
      vertex   2.437891e+01 -7.477876e+00 -1.750000e+01
      vertex   -2.411834e+01 -8.279836e+00 -1.750000e+01
    endloop
  endfacet
  facet normal 0.000000e+00 0.000000e+00 -1.000000e+00
    outer loop
      vertex   -2.411834e+01 -8.279836e+00 -1.750000e+01
      vertex   2.437891e+01 -7.477876e+00 -1.750000e+01
      vertex   2.383139e+01 -9.072743e+00 -1.750000e+01
    endloop
  endfacet
  facet normal 0.000000e+00 0.000000e+00 -1.000000e+00
    outer loop
      vertex   -2.411834e+01 -8.279836e+00 -1.750000e+01
      vertex   2.383139e+01 -9.072743e+00 -1.750000e+01
      vertex   -2.351839e+01 -9.855729e+00 -1.750000e+01
    endloop
  endfacet
  facet normal 0.000000e+00 0.000000e+00 -1.000000e+00
    outer loop
      vertex   -2.351839e+01 -9.855729e+00 -1.750000e+01
      vertex   2.383139e+01 -9.072743e+00 -1.750000e+01
      vertex   2.317967e+01 -1.062794e+01 -1.750000e+01
    endloop
  endfacet
  facet normal 0.000000e+00 0.000000e+00 -1.000000e+00
    outer loop
      vertex   -2.351839e+01 -9.855729e+00 -1.750000e+01
      vertex   2.317967e+01 -1.062794e+01 -1.750000e+01
      vertex   -2.281560e+01 -1.138852e+01 -1.750000e+01
    endloop
  endfacet
  facet normal 0.000000e+00 0.000000e+00 -1.000000e+00
    outer loop
      vertex   -2.281560e+01 -1.138852e+01 -1.750000e+01
      vertex   2.317967e+01 -1.062794e+01 -1.750000e+01
      vertex   2.242658e+01 -1.213666e+01 -1.750000e+01
    endloop
  endfacet
  facet normal 0.000000e+00 0.000000e+00 -1.000000e+00
    outer loop
      vertex   -2.281560e+01 -1.138852e+01 -1.750000e+01
      vertex   2.242658e+01 -1.213666e+01 -1.750000e+01
      vertex   -2.201304e+01 -1.287152e+01 -1.750000e+01
    endloop
  endfacet
  facet normal 0.000000e+00 0.000000e+00 -1.000000e+00
    outer loop
      vertex   -2.201304e+01 -1.287152e+01 -1.750000e+01
      vertex   2.242658e+01 -1.213666e+01 -1.750000e+01
      vertex   2.157543e+01 -1.359231e+01 -1.750000e+01
    endloop
  endfacet
  facet normal 0.000000e+00 0.000000e+00 -1.000000e+00
    outer loop
      vertex   -2.201304e+01 -1.287152e+01 -1.750000e+01
      vertex   2.157543e+01 -1.359231e+01 -1.750000e+01
      vertex   -2.111423e+01 -1.429823e+01 -1.750000e+01
    endloop
  endfacet
  facet normal 0.000000e+00 0.000000e+00 -1.000000e+00
    outer loop
      vertex   -2.111423e+01 -1.429823e+01 -1.750000e+01
      vertex   2.157543e+01 -1.359231e+01 -1.750000e+01
      vertex   2.062993e+01 -1.498852e+01 -1.750000e+01
    endloop
  endfacet
  facet normal 0.000000e+00 0.000000e+00 -1.000000e+00
    outer loop
      vertex   -2.111423e+01 -1.429823e+01 -1.750000e+01
      vertex   2.062993e+01 -1.498852e+01 -1.750000e+01
      vertex   -2.012308e+01 -1.566242e+01 -1.750000e+01
    endloop
  endfacet
  facet normal 0.000000e+00 0.000000e+00 -1.000000e+00
    outer loop
      vertex   -2.012308e+01 -1.566242e+01 -1.750000e+01
      vertex   2.062993e+01 -1.498852e+01 -1.750000e+01
      vertex   1.959423e+01 -1.631920e+01 -1.750000e+01
    endloop
  endfacet
  facet normal 0.000000e+00 0.000000e+00 -1.000000e+00
    outer loop
      vertex   -2.012308e+01 -1.566242e+01 -1.750000e+01
      vertex   1.959423e+01 -1.631920e+01 -1.750000e+01
      vertex   -1.904395e+01 -1.695813e+01 -1.750000e+01
    endloop
  endfacet
  facet normal 0.000000e+00 0.000000e+00 -1.000000e+00
    outer loop
      vertex   -1.904395e+01 -1.695813e+01 -1.750000e+01
      vertex   1.959423e+01 -1.631920e+01 -1.750000e+01
      vertex   1.847284e+01 -1.757851e+01 -1.750000e+01
    endloop
  endfacet
  facet normal 0.000000e+00 0.000000e+00 -1.000000e+00
    outer loop
      vertex   -1.904395e+01 -1.695813e+01 -1.750000e+01
      vertex   1.847284e+01 -1.757851e+01 -1.750000e+01
      vertex   -1.788154e+01 -1.817968e+01 -1.750000e+01
    endloop
  endfacet
  facet normal 0.000000e+00 0.000000e+00 -1.000000e+00
    outer loop
      vertex   -1.788154e+01 -1.817968e+01 -1.750000e+01
      vertex   1.847284e+01 -1.757851e+01 -1.750000e+01
      vertex   1.727068e+01 -1.876096e+01 -1.750000e+01
    endloop
  endfacet
  facet normal 0.000000e+00 0.000000e+00 -1.000000e+00
    outer loop
      vertex   -1.788154e+01 -1.817968e+01 -1.750000e+01
      vertex   1.727068e+01 -1.876096e+01 -1.750000e+01
      vertex   -1.664094e+01 -1.932173e+01 -1.750000e+01
    endloop
  endfacet
  facet normal 0.000000e+00 0.000000e+00 -1.000000e+00
    outer loop
      vertex   -1.664094e+01 -1.932173e+01 -1.750000e+01
      vertex   1.727068e+01 -1.876096e+01 -1.750000e+01
      vertex   1.599300e+01 -1.986137e+01 -1.750000e+01
    endloop
  endfacet
  facet normal 0.000000e+00 0.000000e+00 -1.000000e+00
    outer loop
      vertex   -1.664094e+01 -1.932173e+01 -1.750000e+01
      vertex   1.599300e+01 -1.986137e+01 -1.750000e+01
      vertex   -1.532757e+01 -2.037929e+01 -1.750000e+01
    endloop
  endfacet
  facet normal 0.000000e+00 0.000000e+00 -1.000000e+00
    outer loop
      vertex   -1.532757e+01 -2.037929e+01 -1.750000e+01
      vertex   1.599300e+01 -1.986137e+01 -1.750000e+01
      vertex   1.464538e+01 -2.087493e+01 -1.750000e+01
    endloop
  endfacet
  facet normal 0.000000e+00 0.000000e+00 -1.000000e+00
    outer loop
      vertex   -1.532757e+01 -2.037929e+01 -1.750000e+01
      vertex   1.464538e+01 -2.087493e+01 -1.750000e+01
      vertex   -1.394718e+01 -2.134775e+01 -1.750000e+01
    endloop
  endfacet
  facet normal 0.000000e+00 0.000000e+00 -1.000000e+00
    outer loop
      vertex   -1.394718e+01 -2.134775e+01 -1.750000e+01
      vertex   1.464538e+01 -2.087493e+01 -1.750000e+01
      vertex   1.323372e+01 -2.179721e+01 -1.750000e+01
    endloop
  endfacet
  facet normal 0.000000e+00 0.000000e+00 -1.000000e+00
    outer loop
      vertex   -1.394718e+01 -2.134775e+01 -1.750000e+01
      vertex   1.323372e+01 -2.179721e+01 -1.750000e+01
      vertex   -1.250580e+01 -2.222285e+01 -1.750000e+01
    endloop
  endfacet
  facet normal 0.000000e+00 0.000000e+00 -1.000000e+00
    outer loop
      vertex   -1.250580e+01 -2.222285e+01 -1.750000e+01
      vertex   1.323372e+01 -2.179721e+01 -1.750000e+01
      vertex   1.176420e+01 -2.262418e+01 -1.750000e+01
    endloop
  endfacet
  facet normal 0.000000e+00 0.000000e+00 -1.000000e+00
    outer loop
      vertex   -1.250580e+01 -2.222285e+01 -1.750000e+01
      vertex   1.176420e+01 -2.262418e+01 -1.750000e+01
      vertex   -1.100974e+01 -2.300078e+01 -1.750000e+01
    endloop
  endfacet
  facet normal 0.000000e+00 0.000000e+00 -1.000000e+00
    outer loop
      vertex   -1.100974e+01 -2.300078e+01 -1.750000e+01
      vertex   1.176420e+01 -2.262418e+01 -1.750000e+01
      vertex   1.024323e+01 -2.335222e+01 -1.750000e+01
    endloop
  endfacet
  facet normal 0.000000e+00 0.000000e+00 -1.000000e+00
    outer loop
      vertex   -1.100974e+01 -2.300078e+01 -1.750000e+01
      vertex   1.024323e+01 -2.335222e+01 -1.750000e+01
      vertex   -9.465530e+00 -2.367813e+01 -1.750000e+01
    endloop
  endfacet
  facet normal 0.000000e+00 0.000000e+00 -1.000000e+00
    outer loop
      vertex   -9.465530e+00 -2.367813e+01 -1.750000e+01
      vertex   1.024323e+01 -2.335222e+01 -1.750000e+01
      vertex   8.677476e+00 -2.397814e+01 -1.750000e+01
    endloop
  endfacet
  facet normal 0.000000e+00 0.000000e+00 -1.000000e+00
    outer loop
      vertex   -9.465530e+00 -2.367813e+01 -1.750000e+01
      vertex   8.677476e+00 -2.397814e+01 -1.750000e+01
      vertex   -7.879933e+00 -2.425194e+01 -1.750000e+01
    endloop
  endfacet
  facet normal 0.000000e+00 0.000000e+00 -1.000000e+00
    outer loop
      vertex   -7.879933e+00 -2.425194e+01 -1.750000e+01
      vertex   8.677476e+00 -2.397814e+01 -1.750000e+01
      vertex   7.073774e+00 -2.449922e+01 -1.750000e+01
    endloop
  endfacet
  facet normal 0.000000e+00 0.000000e+00 -1.000000e+00
    outer loop
      vertex   -7.879933e+00 -2.425194e+01 -1.750000e+01
      vertex   7.073774e+00 -2.449922e+01 -1.750000e+01
      vertex   -6.259880e+00 -2.471971e+01 -1.750000e+01
    endloop
  endfacet
  facet normal 0.000000e+00 0.000000e+00 -1.000000e+00
    outer loop
      vertex   -6.259880e+00 -2.471971e+01 -1.750000e+01
      vertex   7.073774e+00 -2.449922e+01 -1.750000e+01
      vertex   5.439141e+00 -2.491316e+01 -1.750000e+01
    endloop
  endfacet
  facet normal 0.000000e+00 0.000000e+00 -1.000000e+00
    outer loop
      vertex   -6.259880e+00 -2.471971e+01 -1.750000e+01
      vertex   5.439141e+00 -2.491316e+01 -1.750000e+01
      vertex   -4.612454e+00 -2.507938e+01 -1.750000e+01
    endloop
  endfacet
  facet normal 0.000000e+00 0.000000e+00 -1.000000e+00
    outer loop
      vertex   -4.612454e+00 -2.507938e+01 -1.750000e+01
      vertex   5.439141e+00 -2.491316e+01 -1.750000e+01
      vertex   3.780723e+00 -2.521817e+01 -1.750000e+01
    endloop
  endfacet
  facet normal 0.000000e+00 0.000000e+00 -1.000000e+00
    outer loop
      vertex   -4.612454e+00 -2.507938e+01 -1.750000e+01
      vertex   3.780723e+00 -2.521817e+01 -1.750000e+01
      vertex   -2.944858e+00 -2.532939e+01 -1.750000e+01
    endloop
  endfacet
  facet normal 0.000000e+00 0.000000e+00 -1.000000e+00
    outer loop
      vertex   -2.944858e+00 -2.532939e+01 -1.750000e+01
      vertex   3.780723e+00 -2.521817e+01 -1.750000e+01
      vertex   2.105773e+00 -2.541290e+01 -1.750000e+01
    endloop
  endfacet
  facet normal 0.000000e+00 0.000000e+00 -1.000000e+00
    outer loop
      vertex   -2.944858e+00 -2.532939e+01 -1.750000e+01
      vertex   2.105773e+00 -2.541290e+01 -1.750000e+01
      vertex   -1.264386e+00 -2.546863e+01 -1.750000e+01
    endloop
  endfacet
  facet normal 0.000000e+00 0.000000e+00 -1.000000e+00
    outer loop
      vertex   -1.264386e+00 -2.546863e+01 -1.750000e+01
      vertex   2.105773e+00 -2.541290e+01 -1.750000e+01
      vertex   4.216156e-01 -2.549651e+01 -1.750000e+01
    endloop
  endfacet
  facet normal 0.000000e+00 0.000000e+00 -1.000000e+00
    outer loop
      vertex   2.548606e+01 8.431159e-01 -1.750000e+01
      vertex   -2.544425e+01 1.685310e+00 -1.750000e+01
      vertex   2.537461e+01 2.525661e+00 -1.750000e+01
    endloop
  endfacet
  facet normal -0.000000e+00 0.000000e+00 -1.000000e+00
    outer loop
      vertex   2.537461e+01 2.525661e+00 -1.750000e+01
      vertex   -2.544425e+01 1.685310e+00 -1.750000e+01
      vertex   -2.527723e+01 3.363250e+00 -1.750000e+01
    endloop
  endfacet
  facet normal 0.000000e+00 0.000000e+00 -1.000000e+00
    outer loop
      vertex   2.537461e+01 2.525661e+00 -1.750000e+01
      vertex   -2.527723e+01 3.363250e+00 -1.750000e+01
      vertex   2.515221e+01 4.197162e+00 -1.750000e+01
    endloop
  endfacet
  facet normal -0.000000e+00 0.000000e+00 -1.000000e+00
    outer loop
      vertex   2.515221e+01 4.197162e+00 -1.750000e+01
      vertex   -2.527723e+01 3.363250e+00 -1.750000e+01
      vertex   -2.499969e+01 5.026484e+00 -1.750000e+01
    endloop
  endfacet
  facet normal 0.000000e+00 0.000000e+00 -1.000000e+00
    outer loop
      vertex   2.515221e+01 4.197162e+00 -1.750000e+01
      vertex   -2.499969e+01 5.026484e+00 -1.750000e+01
      vertex   2.481983e+01 5.850310e+00 -1.750000e+01
    endloop
  endfacet
  facet normal -0.000000e+00 0.000000e+00 -1.000000e+00
    outer loop
      vertex   2.481983e+01 5.850310e+00 -1.750000e+01
      vertex   -2.499969e+01 5.026484e+00 -1.750000e+01
      vertex   2.437891e+01 7.477876e+00 -1.750000e+01
    endloop
  endfacet
  facet normal -0.000000e+00 0.000000e+00 -1.000000e+00
    outer loop
      vertex   2.437891e+01 7.477876e+00 -1.750000e+01
      vertex   -2.499969e+01 5.026484e+00 -1.750000e+01
      vertex   2.383139e+01 9.072743e+00 -1.750000e+01
    endloop
  endfacet
  facet normal -0.000000e+00 0.000000e+00 -1.000000e+00
    outer loop
      vertex   2.383139e+01 9.072743e+00 -1.750000e+01
      vertex   -2.499969e+01 5.026484e+00 -1.750000e+01
      vertex   2.317967e+01 1.062794e+01 -1.750000e+01
    endloop
  endfacet
  facet normal -0.000000e+00 0.000000e+00 -1.000000e+00
    outer loop
      vertex   2.317967e+01 1.062794e+01 -1.750000e+01
      vertex   -2.499969e+01 5.026484e+00 -1.750000e+01
      vertex   2.242658e+01 1.213666e+01 -1.750000e+01
    endloop
  endfacet
  facet normal -0.000000e+00 0.000000e+00 -1.000000e+00
    outer loop
      vertex   2.242658e+01 1.213666e+01 -1.750000e+01
      vertex   -2.499969e+01 5.026484e+00 -1.750000e+01
      vertex   2.157543e+01 1.359231e+01 -1.750000e+01
    endloop
  endfacet
  facet normal -0.000000e+00 0.000000e+00 -1.000000e+00
    outer loop
      vertex   2.157543e+01 1.359231e+01 -1.750000e+01
      vertex   -2.499969e+01 5.026484e+00 -1.750000e+01
      vertex   2.062993e+01 1.498852e+01 -1.750000e+01
    endloop
  endfacet
  facet normal -0.000000e+00 0.000000e+00 -1.000000e+00
    outer loop
      vertex   2.062993e+01 1.498852e+01 -1.750000e+01
      vertex   -2.499969e+01 5.026484e+00 -1.750000e+01
      vertex   1.959423e+01 1.631920e+01 -1.750000e+01
    endloop
  endfacet
  facet normal -0.000000e+00 0.000000e+00 -1.000000e+00
    outer loop
      vertex   1.959423e+01 1.631920e+01 -1.750000e+01
      vertex   -2.499969e+01 5.026484e+00 -1.750000e+01
      vertex   1.847284e+01 1.757851e+01 -1.750000e+01
    endloop
  endfacet
  facet normal -0.000000e+00 0.000000e+00 -1.000000e+00
    outer loop
      vertex   1.847284e+01 1.757851e+01 -1.750000e+01
      vertex   -2.499969e+01 5.026484e+00 -1.750000e+01
      vertex   1.727068e+01 1.876096e+01 -1.750000e+01
    endloop
  endfacet
  facet normal -0.000000e+00 0.000000e+00 -1.000000e+00
    outer loop
      vertex   1.727068e+01 1.876096e+01 -1.750000e+01
      vertex   -2.499969e+01 5.026484e+00 -1.750000e+01
      vertex   1.599300e+01 1.986137e+01 -1.750000e+01
    endloop
  endfacet
  facet normal 0.000000e+00 0.000000e+00 -1.000000e+00
    outer loop
      vertex   1.599300e+01 1.986137e+01 -1.750000e+01
      vertex   -2.499969e+01 5.026484e+00 -1.750000e+01
      vertex   -2.461283e+01 6.667738e+00 -1.750000e+01
    endloop
  endfacet
  facet normal -0.000000e+00 0.000000e+00 -1.000000e+00
    outer loop
      vertex   1.599300e+01 1.986137e+01 -1.750000e+01
      vertex   -2.461283e+01 6.667738e+00 -1.750000e+01
      vertex   1.464538e+01 2.087493e+01 -1.750000e+01
    endloop
  endfacet
  facet normal -0.000000e+00 0.000000e+00 -1.000000e+00
    outer loop
      vertex   1.464538e+01 2.087493e+01 -1.750000e+01
      vertex   -2.461283e+01 6.667738e+00 -1.750000e+01
      vertex   1.323372e+01 2.179721e+01 -1.750000e+01
    endloop
  endfacet
  facet normal -0.000000e+00 0.000000e+00 -1.000000e+00
    outer loop
      vertex   1.323372e+01 2.179721e+01 -1.750000e+01
      vertex   -2.461283e+01 6.667738e+00 -1.750000e+01
      vertex   1.176420e+01 2.262418e+01 -1.750000e+01
    endloop
  endfacet
  facet normal -0.000000e+00 0.000000e+00 -1.000000e+00
    outer loop
      vertex   1.176420e+01 2.262418e+01 -1.750000e+01
      vertex   -2.461283e+01 6.667738e+00 -1.750000e+01
      vertex   1.024323e+01 2.335222e+01 -1.750000e+01
    endloop
  endfacet
  facet normal -0.000000e+00 0.000000e+00 -1.000000e+00
    outer loop
      vertex   1.024323e+01 2.335222e+01 -1.750000e+01
      vertex   -2.461283e+01 6.667738e+00 -1.750000e+01
      vertex   8.677476e+00 2.397814e+01 -1.750000e+01
    endloop
  endfacet
  facet normal -0.000000e+00 0.000000e+00 -1.000000e+00
    outer loop
      vertex   8.677476e+00 2.397814e+01 -1.750000e+01
      vertex   -2.461283e+01 6.667738e+00 -1.750000e+01
      vertex   7.073774e+00 2.449922e+01 -1.750000e+01
    endloop
  endfacet
  facet normal -0.000000e+00 0.000000e+00 -1.000000e+00
    outer loop
      vertex   7.073774e+00 2.449922e+01 -1.750000e+01
      vertex   -2.461283e+01 6.667738e+00 -1.750000e+01
      vertex   5.439141e+00 2.491316e+01 -1.750000e+01
    endloop
  endfacet
  facet normal -0.000000e+00 0.000000e+00 -1.000000e+00
    outer loop
      vertex   5.439141e+00 2.491316e+01 -1.750000e+01
      vertex   -2.461283e+01 6.667738e+00 -1.750000e+01
      vertex   3.780723e+00 2.521817e+01 -1.750000e+01
    endloop
  endfacet
  facet normal -0.000000e+00 0.000000e+00 -1.000000e+00
    outer loop
      vertex   3.780723e+00 2.521817e+01 -1.750000e+01
      vertex   -2.461283e+01 6.667738e+00 -1.750000e+01
      vertex   2.105773e+00 2.541290e+01 -1.750000e+01
    endloop
  endfacet
  facet normal -0.000000e+00 0.000000e+00 -1.000000e+00
    outer loop
      vertex   2.105773e+00 2.541290e+01 -1.750000e+01
      vertex   -2.461283e+01 6.667738e+00 -1.750000e+01
      vertex   4.216156e-01 2.549651e+01 -1.750000e+01
    endloop
  endfacet
  facet normal 0.000000e+00 0.000000e+00 -1.000000e+00
    outer loop
      vertex   4.216156e-01 2.549651e+01 -1.750000e+01
      vertex   -2.461283e+01 6.667738e+00 -1.750000e+01
      vertex   -1.264386e+00 2.546863e+01 -1.750000e+01
    endloop
  endfacet
  facet normal 0.000000e+00 0.000000e+00 -1.000000e+00
    outer loop
      vertex   -1.264386e+00 2.546863e+01 -1.750000e+01
      vertex   -2.461283e+01 6.667738e+00 -1.750000e+01
      vertex   -2.944858e+00 2.532939e+01 -1.750000e+01
    endloop
  endfacet
  facet normal 0.000000e+00 0.000000e+00 -1.000000e+00
    outer loop
      vertex   -2.944858e+00 2.532939e+01 -1.750000e+01
      vertex   -2.461283e+01 6.667738e+00 -1.750000e+01
      vertex   -4.612454e+00 2.507938e+01 -1.750000e+01
    endloop
  endfacet
  facet normal 0.000000e+00 0.000000e+00 -1.000000e+00
    outer loop
      vertex   -4.612454e+00 2.507938e+01 -1.750000e+01
      vertex   -2.461283e+01 6.667738e+00 -1.750000e+01
      vertex   -6.259880e+00 2.471971e+01 -1.750000e+01
    endloop
  endfacet
  facet normal 0.000000e+00 0.000000e+00 -1.000000e+00
    outer loop
      vertex   -6.259880e+00 2.471971e+01 -1.750000e+01
      vertex   -2.461283e+01 6.667738e+00 -1.750000e+01
      vertex   -7.879933e+00 2.425194e+01 -1.750000e+01
    endloop
  endfacet
  facet normal 0.000000e+00 0.000000e+00 -1.000000e+00
    outer loop
      vertex   -7.879933e+00 2.425194e+01 -1.750000e+01
      vertex   -2.461283e+01 6.667738e+00 -1.750000e+01
      vertex   -9.465530e+00 2.367813e+01 -1.750000e+01
    endloop
  endfacet
  facet normal 0.000000e+00 0.000000e+00 -1.000000e+00
    outer loop
      vertex   -9.465530e+00 2.367813e+01 -1.750000e+01
      vertex   -2.461283e+01 6.667738e+00 -1.750000e+01
      vertex   -1.100974e+01 2.300078e+01 -1.750000e+01
    endloop
  endfacet
  facet normal 0.000000e+00 0.000000e+00 -1.000000e+00
    outer loop
      vertex   -1.100974e+01 2.300078e+01 -1.750000e+01
      vertex   -2.461283e+01 6.667738e+00 -1.750000e+01
      vertex   -1.250580e+01 2.222285e+01 -1.750000e+01
    endloop
  endfacet
  facet normal 0.000000e+00 0.000000e+00 -1.000000e+00
    outer loop
      vertex   -1.250580e+01 2.222285e+01 -1.750000e+01
      vertex   -2.461283e+01 6.667738e+00 -1.750000e+01
      vertex   -1.394718e+01 2.134775e+01 -1.750000e+01
    endloop
  endfacet
  facet normal 0.000000e+00 0.000000e+00 -1.000000e+00
    outer loop
      vertex   -1.394718e+01 2.134775e+01 -1.750000e+01
      vertex   -2.461283e+01 6.667738e+00 -1.750000e+01
      vertex   -1.532757e+01 2.037929e+01 -1.750000e+01
    endloop
  endfacet
  facet normal 0.000000e+00 0.000000e+00 -1.000000e+00
    outer loop
      vertex   -1.532757e+01 2.037929e+01 -1.750000e+01
      vertex   -2.461283e+01 6.667738e+00 -1.750000e+01
      vertex   -1.664094e+01 1.932173e+01 -1.750000e+01
    endloop
  endfacet
  facet normal 0.000000e+00 0.000000e+00 -1.000000e+00
    outer loop
      vertex   -1.664094e+01 1.932173e+01 -1.750000e+01
      vertex   -2.461283e+01 6.667738e+00 -1.750000e+01
      vertex   -1.788154e+01 1.817968e+01 -1.750000e+01
    endloop
  endfacet
  facet normal 0.000000e+00 0.000000e+00 -1.000000e+00
    outer loop
      vertex   -1.788154e+01 1.817968e+01 -1.750000e+01
      vertex   -2.461283e+01 6.667738e+00 -1.750000e+01
      vertex   -1.904395e+01 1.695813e+01 -1.750000e+01
    endloop
  endfacet
  facet normal 0.000000e+00 0.000000e+00 -1.000000e+00
    outer loop
      vertex   -1.904395e+01 1.695813e+01 -1.750000e+01
      vertex   -2.461283e+01 6.667738e+00 -1.750000e+01
      vertex   -2.012308e+01 1.566242e+01 -1.750000e+01
    endloop
  endfacet
  facet normal 0.000000e+00 0.000000e+00 -1.000000e+00
    outer loop
      vertex   -2.012308e+01 1.566242e+01 -1.750000e+01
      vertex   -2.461283e+01 6.667738e+00 -1.750000e+01
      vertex   -2.111423e+01 1.429823e+01 -1.750000e+01
    endloop
  endfacet
  facet normal 0.000000e+00 0.000000e+00 -1.000000e+00
    outer loop
      vertex   -2.111423e+01 1.429823e+01 -1.750000e+01
      vertex   -2.461283e+01 6.667738e+00 -1.750000e+01
      vertex   -2.201304e+01 1.287152e+01 -1.750000e+01
    endloop
  endfacet
  facet normal 0.000000e+00 0.000000e+00 -1.000000e+00
    outer loop
      vertex   -2.201304e+01 1.287152e+01 -1.750000e+01
      vertex   -2.461283e+01 6.667738e+00 -1.750000e+01
      vertex   -2.281560e+01 1.138852e+01 -1.750000e+01
    endloop
  endfacet
  facet normal 0.000000e+00 0.000000e+00 -1.000000e+00
    outer loop
      vertex   -2.281560e+01 1.138852e+01 -1.750000e+01
      vertex   -2.461283e+01 6.667738e+00 -1.750000e+01
      vertex   -2.351839e+01 9.855729e+00 -1.750000e+01
    endloop
  endfacet
  facet normal 0.000000e+00 0.000000e+00 -1.000000e+00
    outer loop
      vertex   -2.351839e+01 9.855729e+00 -1.750000e+01
      vertex   -2.461283e+01 6.667738e+00 -1.750000e+01
      vertex   -2.411834e+01 8.279836e+00 -1.750000e+01
    endloop
  endfacet
endsolid
