solid ASCII
  facet normal 9.991678e-01 4.078859e-02 0.000000e+00
    outer loop
      vertex   -3.189352e+01 -2.608297e+00 3.271000e+01
      vertex   -3.189352e+01 -2.608297e+00 -1.839000e+01
      vertex   -3.200000e+01 3.918870e-15 3.271000e+01
    endloop
  endfacet
  facet normal 9.991678e-01 4.078859e-02 0.000000e+00
    outer loop
      vertex   -3.200000e+01 3.918870e-15 3.271000e+01
      vertex   -3.189352e+01 -2.608297e+00 -1.839000e+01
      vertex   -3.200000e+01 3.918870e-15 -1.839000e+01
    endloop
  endfacet
  facet normal 9.991678e-01 -4.078859e-02 0.000000e+00
    outer loop
      vertex   -3.200000e+01 3.918870e-15 3.271000e+01
      vertex   -3.200000e+01 3.918870e-15 -1.839000e+01
      vertex   -3.189352e+01 2.608297e+00 3.271000e+01
    endloop
  endfacet
  facet normal 9.991678e-01 -4.078859e-02 0.000000e+00
    outer loop
      vertex   -3.189352e+01 2.608297e+00 3.271000e+01
      vertex   -3.200000e+01 3.918870e-15 -1.839000e+01
      vertex   -3.189352e+01 2.608297e+00 -1.839000e+01
    endloop
  endfacet
  facet normal 9.925185e-01 -1.220943e-01 0.000000e+00
    outer loop
      vertex   -3.189352e+01 2.608297e+00 3.271000e+01
      vertex   -3.189352e+01 2.608297e+00 -1.839000e+01
      vertex   -3.157480e+01 5.199236e+00 3.271000e+01
    endloop
  endfacet
  facet normal 9.925185e-01 -1.220943e-01 0.000000e+00
    outer loop
      vertex   -3.157480e+01 5.199236e+00 3.271000e+01
      vertex   -3.189352e+01 2.608297e+00 -1.839000e+01
      vertex   -3.157480e+01 5.199236e+00 -1.839000e+01
    endloop
  endfacet
  facet normal 9.792642e-01 -2.025875e-01 0.000000e+00
    outer loop
      vertex   -3.157480e+01 5.199236e+00 3.271000e+01
      vertex   -3.157480e+01 5.199236e+00 -1.839000e+01
      vertex   -3.104595e+01 7.755576e+00 3.271000e+01
    endloop
  endfacet
  facet normal 9.792642e-01 -2.025875e-01 0.000000e+00
    outer loop
      vertex   -3.104595e+01 7.755576e+00 3.271000e+01
      vertex   -3.157480e+01 5.199236e+00 -1.839000e+01
      vertex   -3.104595e+01 7.755576e+00 -1.839000e+01
    endloop
  endfacet
  facet normal 9.594930e-01 -2.817326e-01 0.000000e+00
    outer loop
      vertex   -3.104595e+01 7.755576e+00 3.271000e+01
      vertex   -3.104595e+01 7.755576e+00 -1.839000e+01
      vertex   -3.031050e+01 1.026030e+01 3.271000e+01
    endloop
  endfacet
  facet normal 9.594930e-01 -2.817326e-01 0.000000e+00
    outer loop
      vertex   -3.031050e+01 1.026030e+01 3.271000e+01
      vertex   -3.104595e+01 7.755576e+00 -1.839000e+01
      vertex   -3.031050e+01 1.026030e+01 -1.839000e+01
    endloop
  endfacet
  facet normal 9.333365e-01 -3.590027e-01 0.000000e+00
    outer loop
      vertex   -3.031050e+01 1.026030e+01 3.271000e+01
      vertex   -3.031050e+01 1.026030e+01 -1.839000e+01
      vertex   -2.937333e+01 1.269675e+01 3.271000e+01
    endloop
  endfacet
  facet normal 9.333365e-01 -3.590027e-01 0.000000e+00
    outer loop
      vertex   -2.937333e+01 1.269675e+01 3.271000e+01
      vertex   -3.031050e+01 1.026030e+01 -1.839000e+01
      vertex   -2.937333e+01 1.269675e+01 -1.839000e+01
    endloop
  endfacet
  facet normal 9.009689e-01 -4.338837e-01 0.000000e+00
    outer loop
      vertex   -2.937333e+01 1.269675e+01 3.271000e+01
      vertex   -2.937333e+01 1.269675e+01 -1.839000e+01
      vertex   -2.824069e+01 1.504870e+01 3.271000e+01
    endloop
  endfacet
  facet normal 9.009689e-01 -4.338837e-01 0.000000e+00
    outer loop
      vertex   -2.824069e+01 1.504870e+01 3.271000e+01
      vertex   -2.937333e+01 1.269675e+01 -1.839000e+01
      vertex   -2.824069e+01 1.504870e+01 -1.839000e+01
    endloop
  endfacet
  facet normal 8.626054e-01 -5.058774e-01 0.000000e+00
    outer loop
      vertex   -2.824069e+01 1.504870e+01 3.271000e+01
      vertex   -2.824069e+01 1.504870e+01 -1.839000e+01
      vertex   -2.692011e+01 1.730051e+01 3.271000e+01
    endloop
  endfacet
  facet normal 8.626054e-01 -5.058774e-01 0.000000e+00
    outer loop
      vertex   -2.692011e+01 1.730051e+01 3.271000e+01
      vertex   -2.824069e+01 1.504870e+01 -1.839000e+01
      vertex   -2.692011e+01 1.730051e+01 -1.839000e+01
    endloop
  endfacet
  facet normal 8.185015e-01 -5.745044e-01 0.000000e+00
    outer loop
      vertex   -2.692011e+01 1.730051e+01 3.271000e+01
      vertex   -2.692011e+01 1.730051e+01 -1.839000e+01
      vertex   -2.542039e+01 1.943718e+01 3.271000e+01
    endloop
  endfacet
  facet normal 8.185015e-01 -5.745044e-01 0.000000e+00
    outer loop
      vertex   -2.542039e+01 1.943718e+01 3.271000e+01
      vertex   -2.692011e+01 1.730051e+01 -1.839000e+01
      vertex   -2.542039e+01 1.943718e+01 -1.839000e+01
    endloop
  endfacet
  facet normal 7.689505e-01 -6.393083e-01 0.000000e+00
    outer loop
      vertex   -2.542039e+01 1.943718e+01 3.271000e+01
      vertex   -2.542039e+01 1.943718e+01 -1.839000e+01
      vertex   -2.375149e+01 2.144450e+01 3.271000e+01
    endloop
  endfacet
  facet normal 7.689505e-01 -6.393083e-01 0.000000e+00
    outer loop
      vertex   -2.375149e+01 2.144450e+01 3.271000e+01
      vertex   -2.542039e+01 1.943718e+01 -1.839000e+01
      vertex   -2.375149e+01 2.144450e+01 -1.839000e+01
    endloop
  endfacet
  facet normal 7.142823e-01 -6.998577e-01 0.000000e+00
    outer loop
      vertex   -2.375149e+01 2.144450e+01 3.271000e+01
      vertex   -2.375149e+01 2.144450e+01 -1.839000e+01
      vertex   -2.192453e+01 2.330911e+01 3.271000e+01
    endloop
  endfacet
  facet normal 7.142823e-01 -6.998577e-01 0.000000e+00
    outer loop
      vertex   -2.192453e+01 2.330911e+01 3.271000e+01
      vertex   -2.375149e+01 2.144450e+01 -1.839000e+01
      vertex   -2.192453e+01 2.330911e+01 -1.839000e+01
    endloop
  endfacet
  facet normal 6.548607e-01 -7.557496e-01 0.000000e+00
    outer loop
      vertex   -2.192453e+01 2.330911e+01 3.271000e+01
      vertex   -2.192453e+01 2.330911e+01 -1.839000e+01
      vertex   -1.995167e+01 2.501861e+01 3.271000e+01
    endloop
  endfacet
  facet normal 6.548607e-01 -7.557496e-01 0.000000e+00
    outer loop
      vertex   -1.995167e+01 2.501861e+01 3.271000e+01
      vertex   -2.192453e+01 2.330911e+01 -1.839000e+01
      vertex   -1.995167e+01 2.501861e+01 -1.839000e+01
    endloop
  endfacet
  facet normal 5.910811e-01 -8.066121e-01 0.000000e+00
    outer loop
      vertex   -1.995167e+01 2.501861e+01 3.271000e+01
      vertex   -1.995167e+01 2.501861e+01 -1.839000e+01
      vertex   -1.784604e+01 2.656161e+01 3.271000e+01
    endloop
  endfacet
  facet normal 5.910811e-01 -8.066121e-01 0.000000e+00
    outer loop
      vertex   -1.784604e+01 2.656161e+01 3.271000e+01
      vertex   -1.995167e+01 2.501861e+01 -1.839000e+01
      vertex   -1.784604e+01 2.656161e+01 -1.839000e+01
    endloop
  endfacet
  facet normal 5.233680e-01 -8.521068e-01 0.000000e+00
    outer loop
      vertex   -1.784604e+01 2.656161e+01 3.271000e+01
      vertex   -1.784604e+01 2.656161e+01 -1.839000e+01
      vertex   -1.562164e+01 2.792784e+01 3.271000e+01
    endloop
  endfacet
  facet normal 5.233680e-01 -8.521068e-01 0.000000e+00
    outer loop
      vertex   -1.562164e+01 2.792784e+01 3.271000e+01
      vertex   -1.784604e+01 2.656161e+01 -1.839000e+01
      vertex   -1.562164e+01 2.792784e+01 -1.839000e+01
    endloop
  endfacet
  facet normal 4.521719e-01 -8.919308e-01 0.000000e+00
    outer loop
      vertex   -1.562164e+01 2.792784e+01 3.271000e+01
      vertex   -1.562164e+01 2.792784e+01 -1.839000e+01
      vertex   -1.329328e+01 2.910822e+01 3.271000e+01
    endloop
  endfacet
  facet normal 4.521719e-01 -8.919308e-01 0.000000e+00
    outer loop
      vertex   -1.329328e+01 2.910822e+01 3.271000e+01
      vertex   -1.562164e+01 2.792784e+01 -1.839000e+01
      vertex   -1.329328e+01 2.910822e+01 -1.839000e+01
    endloop
  endfacet
  facet normal 3.779667e-01 -9.258192e-01 0.000000e+00
    outer loop
      vertex   -1.329328e+01 2.910822e+01 3.271000e+01
      vertex   -1.329328e+01 2.910822e+01 -1.839000e+01
      vertex   -1.087646e+01 3.009489e+01 3.271000e+01
    endloop
  endfacet
  facet normal 3.779667e-01 -9.258192e-01 0.000000e+00
    outer loop
      vertex   -1.087646e+01 3.009489e+01 3.271000e+01
      vertex   -1.329328e+01 2.910822e+01 -1.839000e+01
      vertex   -1.087646e+01 3.009489e+01 -1.839000e+01
    endloop
  endfacet
  facet normal 3.012462e-01 -9.535464e-01 0.000000e+00
    outer loop
      vertex   -1.087646e+01 3.009489e+01 3.271000e+01
      vertex   -1.087646e+01 3.009489e+01 -1.839000e+01
      vertex   -8.387254e+00 3.088129e+01 3.271000e+01
    endloop
  endfacet
  facet normal 3.012462e-01 -9.535464e-01 0.000000e+00
    outer loop
      vertex   -8.387254e+00 3.088129e+01 3.271000e+01
      vertex   -1.087646e+01 3.009489e+01 -1.839000e+01
      vertex   -8.387254e+00 3.088129e+01 -1.839000e+01
    endloop
  endfacet
  facet normal 2.225209e-01 -9.749279e-01 0.000000e+00
    outer loop
      vertex   -8.387254e+00 3.088129e+01 3.271000e+01
      vertex   -8.387254e+00 3.088129e+01 -1.839000e+01
      vertex   -5.842234e+00 3.146217e+01 3.271000e+01
    endloop
  endfacet
  facet normal 2.225209e-01 -9.749279e-01 0.000000e+00
    outer loop
      vertex   -5.842234e+00 3.146217e+01 3.271000e+01
      vertex   -8.387254e+00 3.088129e+01 -1.839000e+01
      vertex   -5.842234e+00 3.146217e+01 -1.839000e+01
    endloop
  endfacet
  facet normal 1.423148e-01 -9.898214e-01 0.000000e+00
    outer loop
      vertex   -5.842234e+00 3.146217e+01 3.271000e+01
      vertex   -5.842234e+00 3.146217e+01 -1.839000e+01
      vertex   -3.258336e+00 3.183368e+01 3.271000e+01
    endloop
  endfacet
  facet normal 1.423148e-01 -9.898214e-01 0.000000e+00
    outer loop
      vertex   -3.258336e+00 3.183368e+01 3.271000e+01
      vertex   -5.842234e+00 3.146217e+01 -1.839000e+01
      vertex   -3.258336e+00 3.183368e+01 -1.839000e+01
    endloop
  endfacet
  facet normal 6.116166e-02 -9.981279e-01 0.000000e+00
    outer loop
      vertex   -3.258336e+00 3.183368e+01 3.271000e+01
      vertex   -3.258336e+00 3.183368e+01 -1.839000e+01
      vertex   -6.527532e-01 3.199334e+01 3.271000e+01
    endloop
  endfacet
  facet normal 6.116166e-02 -9.981279e-01 0.000000e+00
    outer loop
      vertex   -6.527532e-01 3.199334e+01 3.271000e+01
      vertex   -3.258336e+00 3.183368e+01 -1.839000e+01
      vertex   -6.527532e-01 3.199334e+01 -1.839000e+01
    endloop
  endfacet
  facet normal -2.039854e-02 -9.997919e-01 -0.000000e+00
    outer loop
      vertex   -6.527532e-01 3.199334e+01 3.271000e+01
      vertex   -6.527532e-01 3.199334e+01 -1.839000e+01
      vertex   1.957173e+00 3.194009e+01 3.271000e+01
    endloop
  endfacet
  facet normal -2.039854e-02 -9.997919e-01 -0.000000e+00
    outer loop
      vertex   1.957173e+00 3.194009e+01 3.271000e+01
      vertex   -6.527532e-01 3.199334e+01 -1.839000e+01
      vertex   1.957173e+00 3.194009e+01 -1.839000e+01
    endloop
  endfacet
  facet normal -1.018230e-01 -9.948025e-01 -0.000000e+00
    outer loop
      vertex   1.957173e+00 3.194009e+01 3.271000e+01
      vertex   1.957173e+00 3.194009e+01 -1.839000e+01
      vertex   4.554075e+00 3.167429e+01 3.271000e+01
    endloop
  endfacet
  facet normal -1.018230e-01 -9.948025e-01 -0.000000e+00
    outer loop
      vertex   4.554075e+00 3.167429e+01 3.271000e+01
      vertex   1.957173e+00 3.194009e+01 -1.839000e+01
      vertex   4.554075e+00 3.167429e+01 -1.839000e+01
    endloop
  endfacet
  facet normal -1.825698e-01 -9.831929e-01 -0.000000e+00
    outer loop
      vertex   4.554075e+00 3.167429e+01 3.271000e+01
      vertex   4.554075e+00 3.167429e+01 -1.839000e+01
      vertex   7.120670e+00 3.119769e+01 3.271000e+01
    endloop
  endfacet
  facet normal -1.825698e-01 -9.831929e-01 -0.000000e+00
    outer loop
      vertex   7.120670e+00 3.119769e+01 3.271000e+01
      vertex   4.554075e+00 3.167429e+01 -1.839000e+01
      vertex   7.120670e+00 3.119769e+01 -1.839000e+01
    endloop
  endfacet
  facet normal -2.621017e-01 -9.650403e-01 -0.000000e+00
    outer loop
      vertex   7.120670e+00 3.119769e+01 3.271000e+01
      vertex   7.120670e+00 3.119769e+01 -1.839000e+01
      vertex   9.639878e+00 3.051348e+01 3.271000e+01
    endloop
  endfacet
  facet normal -2.621017e-01 -9.650403e-01 -0.000000e+00
    outer loop
      vertex   9.639878e+00 3.051348e+01 3.271000e+01
      vertex   7.120670e+00 3.119769e+01 -1.839000e+01
      vertex   9.639878e+00 3.051348e+01 -1.839000e+01
    endloop
  endfacet
  facet normal -3.398893e-01 -9.404655e-01 -0.000000e+00
    outer loop
      vertex   9.639878e+00 3.051348e+01 3.271000e+01
      vertex   9.639878e+00 3.051348e+01 -1.839000e+01
      vertex   1.209493e+01 2.962621e+01 3.271000e+01
    endloop
  endfacet
  facet normal -3.398893e-01 -9.404655e-01 -0.000000e+00
    outer loop
      vertex   1.209493e+01 2.962621e+01 3.271000e+01
      vertex   9.639878e+00 3.051348e+01 -1.839000e+01
      vertex   1.209493e+01 2.962621e+01 -1.839000e+01
    endloop
  endfacet
  facet normal -4.154150e-01 -9.096320e-01 -0.000000e+00
    outer loop
      vertex   1.209493e+01 2.962621e+01 3.271000e+01
      vertex   1.209493e+01 2.962621e+01 -1.839000e+01
      vertex   1.446950e+01 2.854179e+01 3.271000e+01
    endloop
  endfacet
  facet normal -4.154150e-01 -9.096320e-01 -0.000000e+00
    outer loop
      vertex   1.446950e+01 2.854179e+01 3.271000e+01
      vertex   1.209493e+01 2.962621e+01 -1.839000e+01
      vertex   1.446950e+01 2.854179e+01 -1.839000e+01
    endloop
  endfacet
  facet normal -4.881762e-01 -8.727451e-01 -0.000000e+00
    outer loop
      vertex   1.446950e+01 2.854179e+01 3.271000e+01
      vertex   1.446950e+01 2.854179e+01 -1.839000e+01
      vertex   1.674778e+01 2.726742e+01 3.271000e+01
    endloop
  endfacet
  facet normal -4.881762e-01 -8.727451e-01 -0.000000e+00
    outer loop
      vertex   1.674778e+01 2.726742e+01 3.271000e+01
      vertex   1.446950e+01 2.854179e+01 -1.839000e+01
      vertex   1.674778e+01 2.726742e+01 -1.839000e+01
    endloop
  endfacet
  facet normal -5.576887e-01 -8.300502e-01 -0.000000e+00
    outer loop
      vertex   1.674778e+01 2.726742e+01 3.271000e+01
      vertex   1.674778e+01 2.726742e+01 -1.839000e+01
      vertex   1.891460e+01 2.581159e+01 3.271000e+01
    endloop
  endfacet
  facet normal -5.576887e-01 -8.300502e-01 -0.000000e+00
    outer loop
      vertex   1.891460e+01 2.581159e+01 3.271000e+01
      vertex   1.674778e+01 2.726742e+01 -1.839000e+01
      vertex   1.891460e+01 2.581159e+01 -1.839000e+01
    endloop
  endfacet
  facet normal -6.234898e-01 -7.818315e-01 -0.000000e+00
    outer loop
      vertex   1.891460e+01 2.581159e+01 3.271000e+01
      vertex   1.891460e+01 2.581159e+01 -1.839000e+01
      vertex   2.095554e+01 2.418399e+01 3.271000e+01
    endloop
  endfacet
  facet normal -6.234898e-01 -7.818315e-01 -0.000000e+00
    outer loop
      vertex   2.095554e+01 2.418399e+01 3.271000e+01
      vertex   1.891460e+01 2.581159e+01 -1.839000e+01
      vertex   2.095554e+01 2.418399e+01 -1.839000e+01
    endloop
  endfacet
  facet normal -6.851417e-01 -7.284098e-01 -0.000000e+00
    outer loop
      vertex   2.095554e+01 2.418399e+01 3.271000e+01
      vertex   2.095554e+01 2.418399e+01 -1.839000e+01
      vertex   2.285704e+01 2.239544e+01 3.271000e+01
    endloop
  endfacet
  facet normal -6.851417e-01 -7.284098e-01 -0.000000e+00
    outer loop
      vertex   2.285704e+01 2.239544e+01 3.271000e+01
      vertex   2.095554e+01 2.418399e+01 -1.839000e+01
      vertex   2.285704e+01 2.239544e+01 -1.839000e+01
    endloop
  endfacet
  facet normal -7.422341e-01 -6.701407e-01 -0.000000e+00
    outer loop
      vertex   2.285704e+01 2.239544e+01 3.271000e+01
      vertex   2.285704e+01 2.239544e+01 -1.839000e+01
      vertex   2.460642e+01 2.045787e+01 3.271000e+01
    endloop
  endfacet
  facet normal -7.422341e-01 -6.701407e-01 -0.000000e+00
    outer loop
      vertex   2.460642e+01 2.045787e+01 3.271000e+01
      vertex   2.285704e+01 2.239544e+01 -1.839000e+01
      vertex   2.460642e+01 2.045787e+01 -1.839000e+01
    endloop
  endfacet
  facet normal -7.943871e-01 -6.074119e-01 -0.000000e+00
    outer loop
      vertex   2.460642e+01 2.045787e+01 3.271000e+01
      vertex   2.460642e+01 2.045787e+01 -1.839000e+01
      vertex   2.619205e+01 1.838414e+01 3.271000e+01
    endloop
  endfacet
  facet normal -7.943871e-01 -6.074119e-01 -0.000000e+00
    outer loop
      vertex   2.619205e+01 1.838414e+01 3.271000e+01
      vertex   2.460642e+01 2.045787e+01 -1.839000e+01
      vertex   2.619205e+01 1.838414e+01 -1.839000e+01
    endloop
  endfacet
  facet normal -8.412535e-01 -5.406408e-01 -0.000000e+00
    outer loop
      vertex   2.619205e+01 1.838414e+01 3.271000e+01
      vertex   2.619205e+01 1.838414e+01 -1.839000e+01
      vertex   2.760337e+01 1.618808e+01 3.271000e+01
    endloop
  endfacet
  facet normal -8.412535e-01 -5.406408e-01 -0.000000e+00
    outer loop
      vertex   2.760337e+01 1.618808e+01 3.271000e+01
      vertex   2.619205e+01 1.838414e+01 -1.839000e+01
      vertex   2.760337e+01 1.618808e+01 -1.839000e+01
    endloop
  endfacet
  facet normal -8.825216e-01 -4.702719e-01 -0.000000e+00
    outer loop
      vertex   2.760337e+01 1.618808e+01 3.271000e+01
      vertex   2.760337e+01 1.618808e+01 -1.839000e+01
      vertex   2.883100e+01 1.388428e+01 3.271000e+01
    endloop
  endfacet
  facet normal -8.825216e-01 -4.702719e-01 -0.000000e+00
    outer loop
      vertex   2.883100e+01 1.388428e+01 3.271000e+01
      vertex   2.760337e+01 1.618808e+01 -1.839000e+01
      vertex   2.883100e+01 1.388428e+01 -1.839000e+01
    endloop
  endfacet
  facet normal -9.179166e-01 -3.967734e-01 -0.000000e+00
    outer loop
      vertex   2.883100e+01 1.388428e+01 3.271000e+01
      vertex   2.883100e+01 1.388428e+01 -1.839000e+01
      vertex   2.986677e+01 1.148809e+01 3.271000e+01
    endloop
  endfacet
  facet normal -9.179166e-01 -3.967734e-01 -0.000000e+00
    outer loop
      vertex   2.986677e+01 1.148809e+01 3.271000e+01
      vertex   2.883100e+01 1.388428e+01 -1.839000e+01
      vertex   2.986677e+01 1.148809e+01 -1.839000e+01
    endloop
  endfacet
  facet normal -9.472030e-01 -3.206345e-01 -0.000000e+00
    outer loop
      vertex   2.986677e+01 1.148809e+01 3.271000e+01
      vertex   2.986677e+01 1.148809e+01 -1.839000e+01
      vertex   3.070378e+01 9.015442e+00 3.271000e+01
    endloop
  endfacet
  facet normal -9.472030e-01 -3.206345e-01 -0.000000e+00
    outer loop
      vertex   3.070378e+01 9.015442e+00 3.271000e+01
      vertex   2.986677e+01 1.148809e+01 -1.839000e+01
      vertex   3.070378e+01 9.015442e+00 -1.839000e+01
    endloop
  endfacet
  facet normal -9.701860e-01 -2.423617e-01 -0.000000e+00
    outer loop
      vertex   3.070378e+01 9.015442e+00 3.271000e+01
      vertex   3.070378e+01 9.015442e+00 -1.839000e+01
      vertex   3.133645e+01 6.482801e+00 3.271000e+01
    endloop
  endfacet
  facet normal -9.701860e-01 -2.423617e-01 -0.000000e+00
    outer loop
      vertex   3.133645e+01 6.482801e+00 3.271000e+01
      vertex   3.070378e+01 9.015442e+00 -1.839000e+01
      vertex   3.133645e+01 6.482801e+00 -1.839000e+01
    endloop
  endfacet
  facet normal -9.867125e-01 -1.624761e-01 -0.000000e+00
    outer loop
      vertex   3.133645e+01 6.482801e+00 3.271000e+01
      vertex   3.133645e+01 6.482801e+00 -1.839000e+01
      vertex   3.176059e+01 3.907018e+00 3.271000e+01
    endloop
  endfacet
  facet normal -9.867125e-01 -1.624761e-01 -0.000000e+00
    outer loop
      vertex   3.176059e+01 3.907018e+00 3.271000e+01
      vertex   3.133645e+01 6.482801e+00 -1.839000e+01
      vertex   3.176059e+01 3.907018e+00 -1.839000e+01
    endloop
  endfacet
  facet normal -9.966726e-01 -8.150928e-02 -0.000000e+00
    outer loop
      vertex   3.176059e+01 3.907018e+00 3.271000e+01
      vertex   3.176059e+01 3.907018e+00 -1.839000e+01
      vertex   3.197337e+01 1.305235e+00 3.271000e+01
    endloop
  endfacet
  facet normal -9.966726e-01 -8.150928e-02 -0.000000e+00
    outer loop
      vertex   3.197337e+01 1.305235e+00 3.271000e+01
      vertex   3.176059e+01 3.907018e+00 -1.839000e+01
      vertex   3.197337e+01 1.305235e+00 -1.839000e+01
    endloop
  endfacet
  facet normal -1.000000e+00 -0.000000e+00 -0.000000e+00
    outer loop
      vertex   3.197337e+01 1.305235e+00 3.271000e+01
      vertex   3.197337e+01 1.305235e+00 -1.839000e+01
      vertex   3.197337e+01 -1.305235e+00 3.271000e+01
    endloop
  endfacet
  facet normal -1.000000e+00 0.000000e+00 0.000000e+00
    outer loop
      vertex   3.197337e+01 -1.305235e+00 3.271000e+01
      vertex   3.197337e+01 1.305235e+00 -1.839000e+01
      vertex   3.197337e+01 -1.305235e+00 -1.839000e+01
    endloop
  endfacet
  facet normal -9.966726e-01 8.150928e-02 0.000000e+00
    outer loop
      vertex   3.197337e+01 -1.305235e+00 3.271000e+01
      vertex   3.197337e+01 -1.305235e+00 -1.839000e+01
      vertex   3.176059e+01 -3.907018e+00 3.271000e+01
    endloop
  endfacet
  facet normal -9.966726e-01 8.150928e-02 0.000000e+00
    outer loop
      vertex   3.176059e+01 -3.907018e+00 3.271000e+01
      vertex   3.197337e+01 -1.305235e+00 -1.839000e+01
      vertex   3.176059e+01 -3.907018e+00 -1.839000e+01
    endloop
  endfacet
  facet normal -9.867125e-01 1.624761e-01 0.000000e+00
    outer loop
      vertex   3.176059e+01 -3.907018e+00 3.271000e+01
      vertex   3.176059e+01 -3.907018e+00 -1.839000e+01
      vertex   3.133645e+01 -6.482801e+00 3.271000e+01
    endloop
  endfacet
  facet normal -9.867125e-01 1.624761e-01 0.000000e+00
    outer loop
      vertex   3.133645e+01 -6.482801e+00 3.271000e+01
      vertex   3.176059e+01 -3.907018e+00 -1.839000e+01
      vertex   3.133645e+01 -6.482801e+00 -1.839000e+01
    endloop
  endfacet
  facet normal -9.701860e-01 2.423617e-01 0.000000e+00
    outer loop
      vertex   3.133645e+01 -6.482801e+00 3.271000e+01
      vertex   3.133645e+01 -6.482801e+00 -1.839000e+01
      vertex   3.070378e+01 -9.015442e+00 3.271000e+01
    endloop
  endfacet
  facet normal -9.701860e-01 2.423617e-01 0.000000e+00
    outer loop
      vertex   3.070378e+01 -9.015442e+00 3.271000e+01
      vertex   3.133645e+01 -6.482801e+00 -1.839000e+01
      vertex   3.070378e+01 -9.015442e+00 -1.839000e+01
    endloop
  endfacet
  facet normal -9.472030e-01 3.206345e-01 0.000000e+00
    outer loop
      vertex   3.070378e+01 -9.015442e+00 3.271000e+01
      vertex   3.070378e+01 -9.015442e+00 -1.839000e+01
      vertex   2.986677e+01 -1.148809e+01 3.271000e+01
    endloop
  endfacet
  facet normal -9.472030e-01 3.206345e-01 0.000000e+00
    outer loop
      vertex   2.986677e+01 -1.148809e+01 3.271000e+01
      vertex   3.070378e+01 -9.015442e+00 -1.839000e+01
      vertex   2.986677e+01 -1.148809e+01 -1.839000e+01
    endloop
  endfacet
  facet normal -9.179166e-01 3.967734e-01 0.000000e+00
    outer loop
      vertex   2.986677e+01 -1.148809e+01 3.271000e+01
      vertex   2.986677e+01 -1.148809e+01 -1.839000e+01
      vertex   2.883100e+01 -1.388428e+01 3.271000e+01
    endloop
  endfacet
  facet normal -9.179166e-01 3.967734e-01 0.000000e+00
    outer loop
      vertex   2.883100e+01 -1.388428e+01 3.271000e+01
      vertex   2.986677e+01 -1.148809e+01 -1.839000e+01
      vertex   2.883100e+01 -1.388428e+01 -1.839000e+01
    endloop
  endfacet
  facet normal -8.825216e-01 4.702719e-01 0.000000e+00
    outer loop
      vertex   2.883100e+01 -1.388428e+01 3.271000e+01
      vertex   2.883100e+01 -1.388428e+01 -1.839000e+01
      vertex   2.760337e+01 -1.618808e+01 3.271000e+01
    endloop
  endfacet
  facet normal -8.825216e-01 4.702719e-01 0.000000e+00
    outer loop
      vertex   2.760337e+01 -1.618808e+01 3.271000e+01
      vertex   2.883100e+01 -1.388428e+01 -1.839000e+01
      vertex   2.760337e+01 -1.618808e+01 -1.839000e+01
    endloop
  endfacet
  facet normal -8.412535e-01 5.406408e-01 0.000000e+00
    outer loop
      vertex   2.760337e+01 -1.618808e+01 3.271000e+01
      vertex   2.760337e+01 -1.618808e+01 -1.839000e+01
      vertex   2.619205e+01 -1.838414e+01 3.271000e+01
    endloop
  endfacet
  facet normal -8.412535e-01 5.406408e-01 0.000000e+00
    outer loop
      vertex   2.619205e+01 -1.838414e+01 3.271000e+01
      vertex   2.760337e+01 -1.618808e+01 -1.839000e+01
      vertex   2.619205e+01 -1.838414e+01 -1.839000e+01
    endloop
  endfacet
  facet normal -7.943871e-01 6.074119e-01 0.000000e+00
    outer loop
      vertex   2.619205e+01 -1.838414e+01 3.271000e+01
      vertex   2.619205e+01 -1.838414e+01 -1.839000e+01
      vertex   2.460642e+01 -2.045787e+01 3.271000e+01
    endloop
  endfacet
  facet normal -7.943871e-01 6.074119e-01 0.000000e+00
    outer loop
      vertex   2.460642e+01 -2.045787e+01 3.271000e+01
      vertex   2.619205e+01 -1.838414e+01 -1.839000e+01
      vertex   2.460642e+01 -2.045787e+01 -1.839000e+01
    endloop
  endfacet
  facet normal -7.422341e-01 6.701407e-01 0.000000e+00
    outer loop
      vertex   2.460642e+01 -2.045787e+01 3.271000e+01
      vertex   2.460642e+01 -2.045787e+01 -1.839000e+01
      vertex   2.285704e+01 -2.239544e+01 3.271000e+01
    endloop
  endfacet
  facet normal -7.422341e-01 6.701407e-01 0.000000e+00
    outer loop
      vertex   2.285704e+01 -2.239544e+01 3.271000e+01
      vertex   2.460642e+01 -2.045787e+01 -1.839000e+01
      vertex   2.285704e+01 -2.239544e+01 -1.839000e+01
    endloop
  endfacet
  facet normal -6.851417e-01 7.284098e-01 0.000000e+00
    outer loop
      vertex   2.285704e+01 -2.239544e+01 3.271000e+01
      vertex   2.285704e+01 -2.239544e+01 -1.839000e+01
      vertex   2.095554e+01 -2.418399e+01 3.271000e+01
    endloop
  endfacet
  facet normal -6.851417e-01 7.284098e-01 0.000000e+00
    outer loop
      vertex   2.095554e+01 -2.418399e+01 3.271000e+01
      vertex   2.285704e+01 -2.239544e+01 -1.839000e+01
      vertex   2.095554e+01 -2.418399e+01 -1.839000e+01
    endloop
  endfacet
  facet normal -6.234898e-01 7.818315e-01 0.000000e+00
    outer loop
      vertex   2.095554e+01 -2.418399e+01 3.271000e+01
      vertex   2.095554e+01 -2.418399e+01 -1.839000e+01
      vertex   1.891460e+01 -2.581159e+01 3.271000e+01
    endloop
  endfacet
  facet normal -6.234898e-01 7.818315e-01 0.000000e+00
    outer loop
      vertex   1.891460e+01 -2.581159e+01 3.271000e+01
      vertex   2.095554e+01 -2.418399e+01 -1.839000e+01
      vertex   1.891460e+01 -2.581159e+01 -1.839000e+01
    endloop
  endfacet
  facet normal -5.576887e-01 8.300502e-01 0.000000e+00
    outer loop
      vertex   1.891460e+01 -2.581159e+01 3.271000e+01
      vertex   1.891460e+01 -2.581159e+01 -1.839000e+01
      vertex   1.674778e+01 -2.726742e+01 3.271000e+01
    endloop
  endfacet
  facet normal -5.576887e-01 8.300502e-01 0.000000e+00
    outer loop
      vertex   1.674778e+01 -2.726742e+01 3.271000e+01
      vertex   1.891460e+01 -2.581159e+01 -1.839000e+01
      vertex   1.674778e+01 -2.726742e+01 -1.839000e+01
    endloop
  endfacet
  facet normal -4.881762e-01 8.727451e-01 0.000000e+00
    outer loop
      vertex   1.674778e+01 -2.726742e+01 3.271000e+01
      vertex   1.674778e+01 -2.726742e+01 -1.839000e+01
      vertex   1.446950e+01 -2.854179e+01 3.271000e+01
    endloop
  endfacet
  facet normal -4.881762e-01 8.727451e-01 0.000000e+00
    outer loop
      vertex   1.446950e+01 -2.854179e+01 3.271000e+01
      vertex   1.674778e+01 -2.726742e+01 -1.839000e+01
      vertex   1.446950e+01 -2.854179e+01 -1.839000e+01
    endloop
  endfacet
  facet normal -4.154150e-01 9.096320e-01 0.000000e+00
    outer loop
      vertex   1.446950e+01 -2.854179e+01 3.271000e+01
      vertex   1.446950e+01 -2.854179e+01 -1.839000e+01
      vertex   1.209493e+01 -2.962621e+01 3.271000e+01
    endloop
  endfacet
  facet normal -4.154150e-01 9.096320e-01 0.000000e+00
    outer loop
      vertex   1.209493e+01 -2.962621e+01 3.271000e+01
      vertex   1.446950e+01 -2.854179e+01 -1.839000e+01
      vertex   1.209493e+01 -2.962621e+01 -1.839000e+01
    endloop
  endfacet
  facet normal -3.398893e-01 9.404655e-01 0.000000e+00
    outer loop
      vertex   1.209493e+01 -2.962621e+01 3.271000e+01
      vertex   1.209493e+01 -2.962621e+01 -1.839000e+01
      vertex   9.639878e+00 -3.051348e+01 3.271000e+01
    endloop
  endfacet
  facet normal -3.398893e-01 9.404655e-01 0.000000e+00
    outer loop
      vertex   9.639878e+00 -3.051348e+01 3.271000e+01
      vertex   1.209493e+01 -2.962621e+01 -1.839000e+01
      vertex   9.639878e+00 -3.051348e+01 -1.839000e+01
    endloop
  endfacet
  facet normal -2.621017e-01 9.650403e-01 0.000000e+00
    outer loop
      vertex   9.639878e+00 -3.051348e+01 3.271000e+01
      vertex   9.639878e+00 -3.051348e+01 -1.839000e+01
      vertex   7.120670e+00 -3.119769e+01 3.271000e+01
    endloop
  endfacet
  facet normal -2.621017e-01 9.650403e-01 0.000000e+00
    outer loop
      vertex   7.120670e+00 -3.119769e+01 3.271000e+01
      vertex   9.639878e+00 -3.051348e+01 -1.839000e+01
      vertex   7.120670e+00 -3.119769e+01 -1.839000e+01
    endloop
  endfacet
  facet normal -1.825698e-01 9.831929e-01 0.000000e+00
    outer loop
      vertex   7.120670e+00 -3.119769e+01 3.271000e+01
      vertex   7.120670e+00 -3.119769e+01 -1.839000e+01
      vertex   4.554075e+00 -3.167429e+01 3.271000e+01
    endloop
  endfacet
  facet normal -1.825698e-01 9.831929e-01 0.000000e+00
    outer loop
      vertex   4.554075e+00 -3.167429e+01 3.271000e+01
      vertex   7.120670e+00 -3.119769e+01 -1.839000e+01
      vertex   4.554075e+00 -3.167429e+01 -1.839000e+01
    endloop
  endfacet
  facet normal -1.018230e-01 9.948025e-01 0.000000e+00
    outer loop
      vertex   4.554075e+00 -3.167429e+01 3.271000e+01
      vertex   4.554075e+00 -3.167429e+01 -1.839000e+01
      vertex   1.957173e+00 -3.194009e+01 3.271000e+01
    endloop
  endfacet
  facet normal -1.018230e-01 9.948025e-01 0.000000e+00
    outer loop
      vertex   1.957173e+00 -3.194009e+01 3.271000e+01
      vertex   4.554075e+00 -3.167429e+01 -1.839000e+01
      vertex   1.957173e+00 -3.194009e+01 -1.839000e+01
    endloop
  endfacet
  facet normal -2.039854e-02 9.997919e-01 0.000000e+00
    outer loop
      vertex   1.957173e+00 -3.194009e+01 3.271000e+01
      vertex   1.957173e+00 -3.194009e+01 -1.839000e+01
      vertex   -6.527532e-01 -3.199334e+01 3.271000e+01
    endloop
  endfacet
  facet normal -2.039854e-02 9.997919e-01 0.000000e+00
    outer loop
      vertex   -6.527532e-01 -3.199334e+01 3.271000e+01
      vertex   1.957173e+00 -3.194009e+01 -1.839000e+01
      vertex   -6.527532e-01 -3.199334e+01 -1.839000e+01
    endloop
  endfacet
  facet normal 6.116166e-02 9.981279e-01 0.000000e+00
    outer loop
      vertex   -6.527532e-01 -3.199334e+01 3.271000e+01
      vertex   -6.527532e-01 -3.199334e+01 -1.839000e+01
      vertex   -3.258336e+00 -3.183368e+01 3.271000e+01
    endloop
  endfacet
  facet normal 6.116166e-02 9.981279e-01 0.000000e+00
    outer loop
      vertex   -3.258336e+00 -3.183368e+01 3.271000e+01
      vertex   -6.527532e-01 -3.199334e+01 -1.839000e+01
      vertex   -3.258336e+00 -3.183368e+01 -1.839000e+01
    endloop
  endfacet
  facet normal 1.423148e-01 9.898214e-01 0.000000e+00
    outer loop
      vertex   -3.258336e+00 -3.183368e+01 3.271000e+01
      vertex   -3.258336e+00 -3.183368e+01 -1.839000e+01
      vertex   -5.842234e+00 -3.146217e+01 3.271000e+01
    endloop
  endfacet
  facet normal 1.423148e-01 9.898214e-01 0.000000e+00
    outer loop
      vertex   -5.842234e+00 -3.146217e+01 3.271000e+01
      vertex   -3.258336e+00 -3.183368e+01 -1.839000e+01
      vertex   -5.842234e+00 -3.146217e+01 -1.839000e+01
    endloop
  endfacet
  facet normal 2.225209e-01 9.749279e-01 0.000000e+00
    outer loop
      vertex   -5.842234e+00 -3.146217e+01 3.271000e+01
      vertex   -5.842234e+00 -3.146217e+01 -1.839000e+01
      vertex   -8.387254e+00 -3.088129e+01 3.271000e+01
    endloop
  endfacet
  facet normal 2.225209e-01 9.749279e-01 0.000000e+00
    outer loop
      vertex   -8.387254e+00 -3.088129e+01 3.271000e+01
      vertex   -5.842234e+00 -3.146217e+01 -1.839000e+01
      vertex   -8.387254e+00 -3.088129e+01 -1.839000e+01
    endloop
  endfacet
  facet normal 3.012462e-01 9.535464e-01 0.000000e+00
    outer loop
      vertex   -8.387254e+00 -3.088129e+01 3.271000e+01
      vertex   -8.387254e+00 -3.088129e+01 -1.839000e+01
      vertex   -1.087646e+01 -3.009489e+01 3.271000e+01
    endloop
  endfacet
  facet normal 3.012462e-01 9.535464e-01 0.000000e+00
    outer loop
      vertex   -1.087646e+01 -3.009489e+01 3.271000e+01
      vertex   -8.387254e+00 -3.088129e+01 -1.839000e+01
      vertex   -1.087646e+01 -3.009489e+01 -1.839000e+01
    endloop
  endfacet
  facet normal 3.779667e-01 9.258192e-01 0.000000e+00
    outer loop
      vertex   -1.087646e+01 -3.009489e+01 3.271000e+01
      vertex   -1.087646e+01 -3.009489e+01 -1.839000e+01
      vertex   -1.329328e+01 -2.910822e+01 3.271000e+01
    endloop
  endfacet
  facet normal 3.779667e-01 9.258192e-01 0.000000e+00
    outer loop
      vertex   -1.329328e+01 -2.910822e+01 3.271000e+01
      vertex   -1.087646e+01 -3.009489e+01 -1.839000e+01
      vertex   -1.329328e+01 -2.910822e+01 -1.839000e+01
    endloop
  endfacet
  facet normal 4.521719e-01 8.919308e-01 0.000000e+00
    outer loop
      vertex   -1.329328e+01 -2.910822e+01 3.271000e+01
      vertex   -1.329328e+01 -2.910822e+01 -1.839000e+01
      vertex   -1.562164e+01 -2.792784e+01 3.271000e+01
    endloop
  endfacet
  facet normal 4.521719e-01 8.919308e-01 0.000000e+00
    outer loop
      vertex   -1.562164e+01 -2.792784e+01 3.271000e+01
      vertex   -1.329328e+01 -2.910822e+01 -1.839000e+01
      vertex   -1.562164e+01 -2.792784e+01 -1.839000e+01
    endloop
  endfacet
  facet normal 5.233680e-01 8.521068e-01 0.000000e+00
    outer loop
      vertex   -1.562164e+01 -2.792784e+01 3.271000e+01
      vertex   -1.562164e+01 -2.792784e+01 -1.839000e+01
      vertex   -1.784604e+01 -2.656161e+01 3.271000e+01
    endloop
  endfacet
  facet normal 5.233680e-01 8.521068e-01 0.000000e+00
    outer loop
      vertex   -1.784604e+01 -2.656161e+01 3.271000e+01
      vertex   -1.562164e+01 -2.792784e+01 -1.839000e+01
      vertex   -1.784604e+01 -2.656161e+01 -1.839000e+01
    endloop
  endfacet
  facet normal 5.910811e-01 8.066121e-01 0.000000e+00
    outer loop
      vertex   -1.784604e+01 -2.656161e+01 3.271000e+01
      vertex   -1.784604e+01 -2.656161e+01 -1.839000e+01
      vertex   -1.995167e+01 -2.501861e+01 3.271000e+01
    endloop
  endfacet
  facet normal 5.910811e-01 8.066121e-01 0.000000e+00
    outer loop
      vertex   -1.995167e+01 -2.501861e+01 3.271000e+01
      vertex   -1.784604e+01 -2.656161e+01 -1.839000e+01
      vertex   -1.995167e+01 -2.501861e+01 -1.839000e+01
    endloop
  endfacet
  facet normal 6.548607e-01 7.557496e-01 0.000000e+00
    outer loop
      vertex   -1.995167e+01 -2.501861e+01 3.271000e+01
      vertex   -1.995167e+01 -2.501861e+01 -1.839000e+01
      vertex   -2.192453e+01 -2.330911e+01 3.271000e+01
    endloop
  endfacet
  facet normal 6.548607e-01 7.557496e-01 0.000000e+00
    outer loop
      vertex   -2.192453e+01 -2.330911e+01 3.271000e+01
      vertex   -1.995167e+01 -2.501861e+01 -1.839000e+01
      vertex   -2.192453e+01 -2.330911e+01 -1.839000e+01
    endloop
  endfacet
  facet normal 7.142823e-01 6.998577e-01 0.000000e+00
    outer loop
      vertex   -2.192453e+01 -2.330911e+01 3.271000e+01
      vertex   -2.192453e+01 -2.330911e+01 -1.839000e+01
      vertex   -2.375149e+01 -2.144450e+01 3.271000e+01
    endloop
  endfacet
  facet normal 7.142823e-01 6.998577e-01 0.000000e+00
    outer loop
      vertex   -2.375149e+01 -2.144450e+01 3.271000e+01
      vertex   -2.192453e+01 -2.330911e+01 -1.839000e+01
      vertex   -2.375149e+01 -2.144450e+01 -1.839000e+01
    endloop
  endfacet
  facet normal 7.689505e-01 6.393083e-01 0.000000e+00
    outer loop
      vertex   -2.375149e+01 -2.144450e+01 3.271000e+01
      vertex   -2.375149e+01 -2.144450e+01 -1.839000e+01
      vertex   -2.542039e+01 -1.943718e+01 3.271000e+01
    endloop
  endfacet
  facet normal 7.689505e-01 6.393083e-01 0.000000e+00
    outer loop
      vertex   -2.542039e+01 -1.943718e+01 3.271000e+01
      vertex   -2.375149e+01 -2.144450e+01 -1.839000e+01
      vertex   -2.542039e+01 -1.943718e+01 -1.839000e+01
    endloop
  endfacet
  facet normal 8.185015e-01 5.745044e-01 0.000000e+00
    outer loop
      vertex   -2.542039e+01 -1.943718e+01 3.271000e+01
      vertex   -2.542039e+01 -1.943718e+01 -1.839000e+01
      vertex   -2.692011e+01 -1.730051e+01 3.271000e+01
    endloop
  endfacet
  facet normal 8.185015e-01 5.745044e-01 0.000000e+00
    outer loop
      vertex   -2.692011e+01 -1.730051e+01 3.271000e+01
      vertex   -2.542039e+01 -1.943718e+01 -1.839000e+01
      vertex   -2.692011e+01 -1.730051e+01 -1.839000e+01
    endloop
  endfacet
  facet normal 8.626054e-01 5.058774e-01 0.000000e+00
    outer loop
      vertex   -2.692011e+01 -1.730051e+01 3.271000e+01
      vertex   -2.692011e+01 -1.730051e+01 -1.839000e+01
      vertex   -2.824069e+01 -1.504870e+01 3.271000e+01
    endloop
  endfacet
  facet normal 8.626054e-01 5.058774e-01 0.000000e+00
    outer loop
      vertex   -2.824069e+01 -1.504870e+01 3.271000e+01
      vertex   -2.692011e+01 -1.730051e+01 -1.839000e+01
      vertex   -2.824069e+01 -1.504870e+01 -1.839000e+01
    endloop
  endfacet
  facet normal 9.009689e-01 4.338837e-01 0.000000e+00
    outer loop
      vertex   -2.824069e+01 -1.504870e+01 3.271000e+01
      vertex   -2.824069e+01 -1.504870e+01 -1.839000e+01
      vertex   -2.937333e+01 -1.269675e+01 3.271000e+01
    endloop
  endfacet
  facet normal 9.009689e-01 4.338837e-01 0.000000e+00
    outer loop
      vertex   -2.937333e+01 -1.269675e+01 3.271000e+01
      vertex   -2.824069e+01 -1.504870e+01 -1.839000e+01
      vertex   -2.937333e+01 -1.269675e+01 -1.839000e+01
    endloop
  endfacet
  facet normal 9.333365e-01 3.590027e-01 0.000000e+00
    outer loop
      vertex   -2.937333e+01 -1.269675e+01 3.271000e+01
      vertex   -2.937333e+01 -1.269675e+01 -1.839000e+01
      vertex   -3.031050e+01 -1.026030e+01 3.271000e+01
    endloop
  endfacet
  facet normal 9.333365e-01 3.590027e-01 0.000000e+00
    outer loop
      vertex   -3.031050e+01 -1.026030e+01 3.271000e+01
      vertex   -2.937333e+01 -1.269675e+01 -1.839000e+01
      vertex   -3.031050e+01 -1.026030e+01 -1.839000e+01
    endloop
  endfacet
  facet normal 9.594930e-01 2.817326e-01 0.000000e+00
    outer loop
      vertex   -3.031050e+01 -1.026030e+01 3.271000e+01
      vertex   -3.031050e+01 -1.026030e+01 -1.839000e+01
      vertex   -3.104595e+01 -7.755576e+00 3.271000e+01
    endloop
  endfacet
  facet normal 9.594930e-01 2.817326e-01 0.000000e+00
    outer loop
      vertex   -3.104595e+01 -7.755576e+00 3.271000e+01
      vertex   -3.031050e+01 -1.026030e+01 -1.839000e+01
      vertex   -3.104595e+01 -7.755576e+00 -1.839000e+01
    endloop
  endfacet
  facet normal 9.792642e-01 2.025875e-01 0.000000e+00
    outer loop
      vertex   -3.104595e+01 -7.755576e+00 3.271000e+01
      vertex   -3.104595e+01 -7.755576e+00 -1.839000e+01
      vertex   -3.157480e+01 -5.199236e+00 3.271000e+01
    endloop
  endfacet
  facet normal 9.792642e-01 2.025875e-01 0.000000e+00
    outer loop
      vertex   -3.157480e+01 -5.199236e+00 3.271000e+01
      vertex   -3.104595e+01 -7.755576e+00 -1.839000e+01
      vertex   -3.157480e+01 -5.199236e+00 -1.839000e+01
    endloop
  endfacet
  facet normal 9.925185e-01 1.220943e-01 0.000000e+00
    outer loop
      vertex   -3.157480e+01 -5.199236e+00 3.271000e+01
      vertex   -3.157480e+01 -5.199236e+00 -1.839000e+01
      vertex   -3.189352e+01 -2.608297e+00 3.271000e+01
    endloop
  endfacet
  facet normal 9.925185e-01 1.220943e-01 0.000000e+00
    outer loop
      vertex   -3.189352e+01 -2.608297e+00 3.271000e+01
      vertex   -3.157480e+01 -5.199236e+00 -1.839000e+01
      vertex   -3.189352e+01 -2.608297e+00 -1.839000e+01
    endloop
  endfacet
  facet normal -9.967573e-01 8.046657e-02 0.000000e+00
    outer loop
      vertex   7.896402e+00 -1.283290e+00 3.271000e+01
      vertex   7.896402e+00 -1.283290e+00 3.561000e+01
      vertex   8.000000e+00 9.797174e-16 3.271000e+01
    endloop
  endfacet
  facet normal -9.967573e-01 8.046657e-02 5.436862e-17
    outer loop
      vertex   8.000000e+00 9.797174e-16 3.271000e+01
      vertex   7.896402e+00 -1.283290e+00 3.561000e+01
      vertex   8.000000e+00 -9.797174e-16 3.561000e+01
    endloop
  endfacet
  facet normal -9.967573e-01 -8.046657e-02 -5.436862e-17
    outer loop
      vertex   8.000000e+00 9.797174e-16 3.271000e+01
      vertex   8.000000e+00 -9.797174e-16 3.561000e+01
      vertex   7.896402e+00 1.283290e+00 3.271000e+01
    endloop
  endfacet
  facet normal -9.967573e-01 -8.046657e-02 0.000000e+00
    outer loop
      vertex   7.896402e+00 1.283290e+00 3.271000e+01
      vertex   8.000000e+00 -9.797174e-16 3.561000e+01
      vertex   7.896402e+00 1.283290e+00 3.561000e+01
    endloop
  endfacet
  facet normal -9.709418e-01 -2.393157e-01 0.000000e+00
    outer loop
      vertex   7.896402e+00 1.283290e+00 3.271000e+01
      vertex   7.896402e+00 1.283290e+00 3.561000e+01
      vertex   7.588292e+00 2.533344e+00 3.271000e+01
    endloop
  endfacet
  facet normal -9.709418e-01 -2.393157e-01 -4.189495e-18
    outer loop
      vertex   7.588292e+00 2.533344e+00 3.271000e+01
      vertex   7.896402e+00 1.283290e+00 3.561000e+01
      vertex   7.588292e+00 2.533344e+00 3.561000e+01
    endloop
  endfacet
  facet normal -9.199794e-01 -3.919666e-01 1.984273e-16
    outer loop
      vertex   7.588292e+00 2.533344e+00 3.271000e+01
      vertex   7.588292e+00 2.533344e+00 3.561000e+01
      vertex   7.083648e+00 3.717785e+00 3.271000e+01
    endloop
  endfacet
  facet normal -9.199794e-01 -3.919666e-01 -8.333332e-17
    outer loop
      vertex   7.083648e+00 3.717785e+00 3.271000e+01
      vertex   7.588292e+00 2.533344e+00 3.561000e+01
      vertex   7.083648e+00 3.717785e+00 3.561000e+01
    endloop
  endfacet
  facet normal -8.451901e-01 -5.344658e-01 1.370500e-16
    outer loop
      vertex   7.083648e+00 3.717785e+00 3.271000e+01
      vertex   7.083648e+00 3.717785e+00 3.561000e+01
      vertex   6.395542e+00 4.805938e+00 3.271000e+01
    endloop
  endfacet
  facet normal -8.451901e-01 -5.344658e-01 -3.121351e-16
    outer loop
      vertex   6.395542e+00 4.805938e+00 3.271000e+01
      vertex   7.083648e+00 3.717785e+00 3.561000e+01
      vertex   6.395542e+00 4.805938e+00 3.561000e+01
    endloop
  endfacet
  facet normal -7.485107e-01 -6.631227e-01 7.233515e-17
    outer loop
      vertex   6.395542e+00 4.805938e+00 3.271000e+01
      vertex   6.395542e+00 4.805938e+00 3.561000e+01
      vertex   5.541795e+00 5.769620e+00 3.271000e+01
    endloop
  endfacet
  facet normal -7.485107e-01 -6.631227e-01 0.000000e+00
    outer loop
      vertex   5.541795e+00 5.769620e+00 3.271000e+01
      vertex   6.395542e+00 4.805938e+00 3.561000e+01
      vertex   5.541795e+00 5.769620e+00 3.561000e+01
    endloop
  endfacet
  facet normal -6.324454e-01 -7.746050e-01 0.000000e+00
    outer loop
      vertex   5.541795e+00 5.769620e+00 3.271000e+01
      vertex   5.541795e+00 5.769620e+00 3.561000e+01
      vertex   4.544518e+00 6.583871e+00 3.271000e+01
    endloop
  endfacet
  facet normal -6.324454e-01 -7.746050e-01 0.000000e+00
    outer loop
      vertex   4.544518e+00 6.583871e+00 3.271000e+01
      vertex   5.541795e+00 5.769620e+00 3.561000e+01
      vertex   4.544518e+00 6.583871e+00 3.561000e+01
    endloop
  endfacet
  facet normal -5.000000e-01 -8.660254e-01 0.000000e+00
    outer loop
      vertex   4.544518e+00 6.583871e+00 3.271000e+01
      vertex   4.544518e+00 6.583871e+00 3.561000e+01
      vertex   3.429540e+00 7.227603e+00 3.271000e+01
    endloop
  endfacet
  facet normal -5.000000e-01 -8.660254e-01 0.000000e+00
    outer loop
      vertex   3.429540e+00 7.227603e+00 3.271000e+01
      vertex   4.544518e+00 6.583871e+00 3.561000e+01
      vertex   3.429540e+00 7.227603e+00 3.561000e+01
    endloop
  endfacet
  facet normal -3.546049e-01 -9.350162e-01 0.000000e+00
    outer loop
      vertex   3.429540e+00 7.227603e+00 3.271000e+01
      vertex   3.429540e+00 7.227603e+00 3.561000e+01
      vertex   2.225740e+00 7.684145e+00 3.271000e+01
    endloop
  endfacet
  facet normal -3.546049e-01 -9.350162e-01 1.383148e-16
    outer loop
      vertex   2.225740e+00 7.684145e+00 3.271000e+01
      vertex   3.429540e+00 7.227603e+00 3.561000e+01
      vertex   2.225740e+00 7.684145e+00 3.561000e+01
    endloop
  endfacet
  facet normal -2.000257e-01 -9.797907e-01 3.551117e-16
    outer loop
      vertex   2.225740e+00 7.684145e+00 3.271000e+01
      vertex   2.225740e+00 7.684145e+00 3.561000e+01
      vertex   9.642934e-01 7.941671e+00 3.271000e+01
    endloop
  endfacet
  facet normal -2.000257e-01 -9.797907e-01 -5.217500e-17
    outer loop
      vertex   9.642934e-01 7.941671e+00 3.271000e+01
      vertex   2.225740e+00 7.684145e+00 3.561000e+01
      vertex   9.642934e-01 7.941671e+00 3.561000e+01
    endloop
  endfacet
  facet normal -4.026594e-02 -9.991890e-01 2.351100e-16
    outer loop
      vertex   9.642934e-01 7.941671e+00 3.271000e+01
      vertex   9.642934e-01 7.941671e+00 3.561000e+01
      vertex   -3.221275e-01 7.993512e+00 3.271000e+01
    endloop
  endfacet
  facet normal -4.026594e-02 -9.991890e-01 0.000000e+00
    outer loop
      vertex   -3.221275e-01 7.993512e+00 3.271000e+01
      vertex   9.642934e-01 7.941671e+00 3.561000e+01
      vertex   -3.221275e-01 7.993512e+00 3.561000e+01
    endloop
  endfacet
  facet normal 1.205367e-01 -9.927089e-01 0.000000e+00
    outer loop
      vertex   -3.221275e-01 7.993512e+00 3.271000e+01
      vertex   -3.221275e-01 7.993512e+00 3.561000e+01
      vertex   -1.600206e+00 7.838325e+00 3.271000e+01
    endloop
  endfacet
  facet normal 1.205367e-01 -9.927089e-01 0.000000e+00
    outer loop
      vertex   -1.600206e+00 7.838325e+00 3.271000e+01
      vertex   -3.221275e-01 7.993512e+00 3.561000e+01
      vertex   -1.600206e+00 7.838325e+00 3.561000e+01
    endloop
  endfacet
  facet normal 2.782175e-01 -9.605181e-01 0.000000e+00
    outer loop
      vertex   -1.600206e+00 7.838325e+00 3.271000e+01
      vertex   -1.600206e+00 7.838325e+00 3.561000e+01
      vertex   -2.836839e+00 7.480130e+00 3.271000e+01
    endloop
  endfacet
  facet normal 2.782175e-01 -9.605181e-01 -1.237579e-16
    outer loop
      vertex   -2.836839e+00 7.480130e+00 3.271000e+01
      vertex   -1.600206e+00 7.838325e+00 3.561000e+01
      vertex   -2.836839e+00 7.480130e+00 3.561000e+01
    endloop
  endfacet
  facet normal 4.286926e-01 -9.034504e-01 -1.410835e-17
    outer loop
      vertex   -2.836839e+00 7.480130e+00 3.271000e+01
      vertex   -2.836839e+00 7.480130e+00 3.561000e+01
      vertex   -4.000000e+00 6.928203e+00 3.271000e+01
    endloop
  endfacet
  facet normal 4.286926e-01 -9.034504e-01 -3.049150e-16
    outer loop
      vertex   -4.000000e+00 6.928203e+00 3.271000e+01
      vertex   -2.836839e+00 7.480130e+00 3.561000e+01
      vertex   -4.000000e+00 6.928203e+00 3.561000e+01
    endloop
  endfacet
  facet normal 5.680647e-01 -8.229839e-01 -6.024074e-17
    outer loop
      vertex   -4.000000e+00 6.928203e+00 3.271000e+01
      vertex   -4.000000e+00 6.928203e+00 3.561000e+01
      vertex   -5.059563e+00 6.196840e+00 3.271000e+01
    endloop
  endfacet
  facet normal 5.680647e-01 -8.229839e-01 -2.342210e-16
    outer loop
      vertex   -5.059563e+00 6.196840e+00 3.271000e+01
      vertex   -4.000000e+00 6.928203e+00 3.561000e+01
      vertex   -5.059563e+00 6.196840e+00 3.561000e+01
    endloop
  endfacet
  facet normal 6.927244e-01 -7.212024e-01 -2.616582e-17
    outer loop
      vertex   -5.059563e+00 6.196840e+00 3.271000e+01
      vertex   -5.059563e+00 6.196840e+00 3.561000e+01
      vertex   -5.988086e+00 5.304981e+00 3.271000e+01
    endloop
  endfacet
  facet normal 6.927244e-01 -7.212024e-01 -6.713665e-16
    outer loop
      vertex   -5.988086e+00 5.304981e+00 3.271000e+01
      vertex   -5.059563e+00 6.196840e+00 3.561000e+01
      vertex   -5.988086e+00 5.304981e+00 3.561000e+01
    endloop
  endfacet
  facet normal 7.994428e-01 -6.007423e-01 -4.911095e-16
    outer loop
      vertex   -5.988086e+00 5.304981e+00 3.271000e+01
      vertex   -5.988086e+00 5.304981e+00 3.561000e+01
      vertex   -6.761521e+00 4.275727e+00 3.271000e+01
    endloop
  endfacet
  facet normal 7.994428e-01 -6.007423e-01 -3.071211e-16
    outer loop
      vertex   -6.761521e+00 4.275727e+00 3.271000e+01
      vertex   -5.988086e+00 5.304981e+00 3.561000e+01
      vertex   -6.761521e+00 4.275727e+00 3.561000e+01
    endloop
  endfacet
  facet normal 8.854560e-01 -4.647232e-01 -1.558029e-16
    outer loop
      vertex   -6.761521e+00 4.275727e+00 3.271000e+01
      vertex   -6.761521e+00 4.275727e+00 3.561000e+01
      vertex   -7.359836e+00 3.135733e+00 3.271000e+01
    endloop
  endfacet
  facet normal 8.854560e-01 -4.647232e-01 0.000000e+00
    outer loop
      vertex   -7.359836e+00 3.135733e+00 3.271000e+01
      vertex   -6.761521e+00 4.275727e+00 3.561000e+01
      vertex   -7.359836e+00 3.135733e+00 3.561000e+01
    endloop
  endfacet
  facet normal 9.485364e-01 -3.166680e-01 0.000000e+00
    outer loop
      vertex   -7.359836e+00 3.135733e+00 3.271000e+01
      vertex   -7.359836e+00 3.135733e+00 3.561000e+01
      vertex   -7.767535e+00 1.914525e+00 3.271000e+01
    endloop
  endfacet
  facet normal 9.485364e-01 -3.166680e-01 -7.318852e-17
    outer loop
      vertex   -7.767535e+00 1.914525e+00 3.271000e+01
      vertex   -7.359836e+00 3.135733e+00 3.561000e+01
      vertex   -7.767535e+00 1.914525e+00 3.561000e+01
    endloop
  endfacet
  facet normal 9.870503e-01 -1.604113e-01 1.180689e-16
    outer loop
      vertex   -7.767535e+00 1.914525e+00 3.271000e+01
      vertex   -7.767535e+00 1.914525e+00 3.561000e+01
      vertex   -7.974058e+00 6.437325e-01 3.271000e+01
    endloop
  endfacet
  facet normal 9.870503e-01 -1.604113e-01 1.057867e-16
    outer loop
      vertex   -7.974058e+00 6.437325e-01 3.271000e+01
      vertex   -7.767535e+00 1.914525e+00 3.561000e+01
      vertex   -7.974058e+00 6.437325e-01 3.561000e+01
    endloop
  endfacet
  facet normal 1.000000e+00 -6.898660e-16 3.062684e-16
    outer loop
      vertex   -7.974058e+00 6.437325e-01 3.271000e+01
      vertex   -7.974058e+00 6.437325e-01 3.561000e+01
      vertex   -7.974058e+00 -6.437325e-01 3.271000e+01
    endloop
  endfacet
  facet normal 1.000000e+00 6.898660e-16 -3.062684e-16
    outer loop
      vertex   -7.974058e+00 -6.437325e-01 3.271000e+01
      vertex   -7.974058e+00 6.437325e-01 3.561000e+01
      vertex   -7.974058e+00 -6.437325e-01 3.561000e+01
    endloop
  endfacet
  facet normal 9.870503e-01 1.604113e-01 -1.057867e-16
    outer loop
      vertex   -7.974058e+00 -6.437325e-01 3.271000e+01
      vertex   -7.974058e+00 -6.437325e-01 3.561000e+01
      vertex   -7.767535e+00 -1.914525e+00 3.271000e+01
    endloop
  endfacet
  facet normal 9.870503e-01 1.604113e-01 -1.180689e-16
    outer loop
      vertex   -7.767535e+00 -1.914525e+00 3.271000e+01
      vertex   -7.974058e+00 -6.437325e-01 3.561000e+01
      vertex   -7.767535e+00 -1.914525e+00 3.561000e+01
    endloop
  endfacet
  facet normal 9.485364e-01 3.166680e-01 7.318852e-17
    outer loop
      vertex   -7.767535e+00 -1.914525e+00 3.271000e+01
      vertex   -7.767535e+00 -1.914525e+00 3.561000e+01
      vertex   -7.359836e+00 -3.135733e+00 3.271000e+01
    endloop
  endfacet
  facet normal 9.485364e-01 3.166680e-01 -0.000000e+00
    outer loop
      vertex   -7.359836e+00 -3.135733e+00 3.271000e+01
      vertex   -7.767535e+00 -1.914525e+00 3.561000e+01
      vertex   -7.359836e+00 -3.135733e+00 3.561000e+01
    endloop
  endfacet
  facet normal 8.854560e-01 4.647232e-01 -0.000000e+00
    outer loop
      vertex   -7.359836e+00 -3.135733e+00 3.271000e+01
      vertex   -7.359836e+00 -3.135733e+00 3.561000e+01
      vertex   -6.761521e+00 -4.275727e+00 3.271000e+01
    endloop
  endfacet
  facet normal 8.854560e-01 4.647232e-01 1.558029e-16
    outer loop
      vertex   -6.761521e+00 -4.275727e+00 3.271000e+01
      vertex   -7.359836e+00 -3.135733e+00 3.561000e+01
      vertex   -6.761521e+00 -4.275727e+00 3.561000e+01
    endloop
  endfacet
  facet normal 7.994428e-01 6.007423e-01 3.071211e-16
    outer loop
      vertex   -6.761521e+00 -4.275727e+00 3.271000e+01
      vertex   -6.761521e+00 -4.275727e+00 3.561000e+01
      vertex   -5.988086e+00 -5.304981e+00 3.271000e+01
    endloop
  endfacet
  facet normal 7.994428e-01 6.007423e-01 4.911095e-16
    outer loop
      vertex   -5.988086e+00 -5.304981e+00 3.271000e+01
      vertex   -6.761521e+00 -4.275727e+00 3.561000e+01
      vertex   -5.988086e+00 -5.304981e+00 3.561000e+01
    endloop
  endfacet
  facet normal 6.927244e-01 7.212024e-01 6.713665e-16
    outer loop
      vertex   -5.988086e+00 -5.304981e+00 3.271000e+01
      vertex   -5.988086e+00 -5.304981e+00 3.561000e+01
      vertex   -5.059563e+00 -6.196840e+00 3.271000e+01
    endloop
  endfacet
  facet normal 6.927244e-01 7.212024e-01 2.616582e-17
    outer loop
      vertex   -5.059563e+00 -6.196840e+00 3.271000e+01
      vertex   -5.988086e+00 -5.304981e+00 3.561000e+01
      vertex   -5.059563e+00 -6.196840e+00 3.561000e+01
    endloop
  endfacet
  facet normal 5.680647e-01 8.229839e-01 2.342210e-16
    outer loop
      vertex   -5.059563e+00 -6.196840e+00 3.271000e+01
      vertex   -5.059563e+00 -6.196840e+00 3.561000e+01
      vertex   -4.000000e+00 -6.928203e+00 3.271000e+01
    endloop
  endfacet
  facet normal 5.680647e-01 8.229839e-01 6.024074e-17
    outer loop
      vertex   -4.000000e+00 -6.928203e+00 3.271000e+01
      vertex   -5.059563e+00 -6.196840e+00 3.561000e+01
      vertex   -4.000000e+00 -6.928203e+00 3.561000e+01
    endloop
  endfacet
  facet normal 4.286926e-01 9.034504e-01 3.049150e-16
    outer loop
      vertex   -4.000000e+00 -6.928203e+00 3.271000e+01
      vertex   -4.000000e+00 -6.928203e+00 3.561000e+01
      vertex   -2.836839e+00 -7.480130e+00 3.271000e+01
    endloop
  endfacet
  facet normal 4.286926e-01 9.034504e-01 1.410835e-17
    outer loop
      vertex   -2.836839e+00 -7.480130e+00 3.271000e+01
      vertex   -4.000000e+00 -6.928203e+00 3.561000e+01
      vertex   -2.836839e+00 -7.480130e+00 3.561000e+01
    endloop
  endfacet
  facet normal 2.782175e-01 9.605181e-01 1.237579e-16
    outer loop
      vertex   -2.836839e+00 -7.480130e+00 3.271000e+01
      vertex   -2.836839e+00 -7.480130e+00 3.561000e+01
      vertex   -1.600206e+00 -7.838325e+00 3.271000e+01
    endloop
  endfacet
  facet normal 2.782175e-01 9.605181e-01 -0.000000e+00
    outer loop
      vertex   -1.600206e+00 -7.838325e+00 3.271000e+01
      vertex   -2.836839e+00 -7.480130e+00 3.561000e+01
      vertex   -1.600206e+00 -7.838325e+00 3.561000e+01
    endloop
  endfacet
  facet normal 1.205367e-01 9.927089e-01 -0.000000e+00
    outer loop
      vertex   -1.600206e+00 -7.838325e+00 3.271000e+01
      vertex   -1.600206e+00 -7.838325e+00 3.561000e+01
      vertex   -3.221275e-01 -7.993512e+00 3.271000e+01
    endloop
  endfacet
  facet normal 1.205367e-01 9.927089e-01 -0.000000e+00
    outer loop
      vertex   -3.221275e-01 -7.993512e+00 3.271000e+01
      vertex   -1.600206e+00 -7.838325e+00 3.561000e+01
      vertex   -3.221275e-01 -7.993512e+00 3.561000e+01
    endloop
  endfacet
  facet normal -4.026594e-02 9.991890e-01 0.000000e+00
    outer loop
      vertex   -3.221275e-01 -7.993512e+00 3.271000e+01
      vertex   -3.221275e-01 -7.993512e+00 3.561000e+01
      vertex   9.642934e-01 -7.941671e+00 3.271000e+01
    endloop
  endfacet
  facet normal -4.026594e-02 9.991890e-01 -2.351100e-16
    outer loop
      vertex   9.642934e-01 -7.941671e+00 3.271000e+01
      vertex   -3.221275e-01 -7.993512e+00 3.561000e+01
      vertex   9.642934e-01 -7.941671e+00 3.561000e+01
    endloop
  endfacet
  facet normal -2.000257e-01 9.797907e-01 5.217500e-17
    outer loop
      vertex   9.642934e-01 -7.941671e+00 3.271000e+01
      vertex   9.642934e-01 -7.941671e+00 3.561000e+01
      vertex   2.225740e+00 -7.684145e+00 3.271000e+01
    endloop
  endfacet
  facet normal -2.000257e-01 9.797907e-01 -3.551117e-16
    outer loop
      vertex   2.225740e+00 -7.684145e+00 3.271000e+01
      vertex   9.642934e-01 -7.941671e+00 3.561000e+01
      vertex   2.225740e+00 -7.684145e+00 3.561000e+01
    endloop
  endfacet
  facet normal -3.546049e-01 9.350162e-01 -1.383148e-16
    outer loop
      vertex   2.225740e+00 -7.684145e+00 3.271000e+01
      vertex   2.225740e+00 -7.684145e+00 3.561000e+01
      vertex   3.429540e+00 -7.227603e+00 3.271000e+01
    endloop
  endfacet
  facet normal -3.546049e-01 9.350162e-01 0.000000e+00
    outer loop
      vertex   3.429540e+00 -7.227603e+00 3.271000e+01
      vertex   2.225740e+00 -7.684145e+00 3.561000e+01
      vertex   3.429540e+00 -7.227603e+00 3.561000e+01
    endloop
  endfacet
  facet normal -5.000000e-01 8.660254e-01 0.000000e+00
    outer loop
      vertex   3.429540e+00 -7.227603e+00 3.271000e+01
      vertex   3.429540e+00 -7.227603e+00 3.561000e+01
      vertex   4.544518e+00 -6.583871e+00 3.271000e+01
    endloop
  endfacet
  facet normal -5.000000e-01 8.660254e-01 0.000000e+00
    outer loop
      vertex   4.544518e+00 -6.583871e+00 3.271000e+01
      vertex   3.429540e+00 -7.227603e+00 3.561000e+01
      vertex   4.544518e+00 -6.583871e+00 3.561000e+01
    endloop
  endfacet
  facet normal -6.324454e-01 7.746050e-01 0.000000e+00
    outer loop
      vertex   4.544518e+00 -6.583871e+00 3.271000e+01
      vertex   4.544518e+00 -6.583871e+00 3.561000e+01
      vertex   5.541795e+00 -5.769620e+00 3.271000e+01
    endloop
  endfacet
  facet normal -6.324454e-01 7.746050e-01 0.000000e+00
    outer loop
      vertex   5.541795e+00 -5.769620e+00 3.271000e+01
      vertex   4.544518e+00 -6.583871e+00 3.561000e+01
      vertex   5.541795e+00 -5.769620e+00 3.561000e+01
    endloop
  endfacet
  facet normal -7.485107e-01 6.631227e-01 0.000000e+00
    outer loop
      vertex   5.541795e+00 -5.769620e+00 3.271000e+01
      vertex   5.541795e+00 -5.769620e+00 3.561000e+01
      vertex   6.395542e+00 -4.805938e+00 3.271000e+01
    endloop
  endfacet
  facet normal -7.485107e-01 6.631227e-01 -7.233515e-17
    outer loop
      vertex   6.395542e+00 -4.805938e+00 3.271000e+01
      vertex   5.541795e+00 -5.769620e+00 3.561000e+01
      vertex   6.395542e+00 -4.805938e+00 3.561000e+01
    endloop
  endfacet
  facet normal -8.451901e-01 5.344658e-01 3.121351e-16
    outer loop
      vertex   6.395542e+00 -4.805938e+00 3.271000e+01
      vertex   6.395542e+00 -4.805938e+00 3.561000e+01
      vertex   7.083648e+00 -3.717785e+00 3.271000e+01
    endloop
  endfacet
  facet normal -8.451901e-01 5.344658e-01 -1.370500e-16
    outer loop
      vertex   7.083648e+00 -3.717785e+00 3.271000e+01
      vertex   6.395542e+00 -4.805938e+00 3.561000e+01
      vertex   7.083648e+00 -3.717785e+00 3.561000e+01
    endloop
  endfacet
  facet normal -9.199794e-01 3.919666e-01 8.333332e-17
    outer loop
      vertex   7.083648e+00 -3.717785e+00 3.271000e+01
      vertex   7.083648e+00 -3.717785e+00 3.561000e+01
      vertex   7.588292e+00 -2.533344e+00 3.271000e+01
    endloop
  endfacet
  facet normal -9.199794e-01 3.919666e-01 -1.984273e-16
    outer loop
      vertex   7.588292e+00 -2.533344e+00 3.271000e+01
      vertex   7.083648e+00 -3.717785e+00 3.561000e+01
      vertex   7.588292e+00 -2.533344e+00 3.561000e+01
    endloop
  endfacet
  facet normal -9.709418e-01 2.393157e-01 4.189495e-18
    outer loop
      vertex   7.588292e+00 -2.533344e+00 3.271000e+01
      vertex   7.588292e+00 -2.533344e+00 3.561000e+01
      vertex   7.896402e+00 -1.283290e+00 3.271000e+01
    endloop
  endfacet
  facet normal -9.709418e-01 2.393157e-01 0.000000e+00
    outer loop
      vertex   7.896402e+00 -1.283290e+00 3.271000e+01
      vertex   7.588292e+00 -2.533344e+00 3.561000e+01
      vertex   7.896402e+00 -1.283290e+00 3.561000e+01
    endloop
  endfacet
  facet normal 0.000000e+00 -0.000000e+00 -1.000000e+00
    outer loop
      vertex   -3.189352e+01 2.608297e+00 3.271000e+01
      vertex   -7.974058e+00 6.437325e-01 3.271000e+01
      vertex   -3.200000e+01 3.918870e-15 3.271000e+01
    endloop
  endfacet
  facet normal 0.000000e+00 0.000000e+00 -1.000000e+00
    outer loop
      vertex   -3.200000e+01 3.918870e-15 3.271000e+01
      vertex   -7.974058e+00 6.437325e-01 3.271000e+01
      vertex   -7.974058e+00 -6.437325e-01 3.271000e+01
    endloop
  endfacet
  facet normal 0.000000e+00 0.000000e+00 -1.000000e+00
    outer loop
      vertex   -3.200000e+01 3.918870e-15 3.271000e+01
      vertex   -7.974058e+00 -6.437325e-01 3.271000e+01
      vertex   -3.189352e+01 -2.608297e+00 3.271000e+01
    endloop
  endfacet
  facet normal 0.000000e+00 0.000000e+00 -1.000000e+00
    outer loop
      vertex   -3.189352e+01 -2.608297e+00 3.271000e+01
      vertex   -7.974058e+00 -6.437325e-01 3.271000e+01
      vertex   -3.157480e+01 -5.199236e+00 3.271000e+01
    endloop
  endfacet
  facet normal 0.000000e+00 0.000000e+00 -1.000000e+00
    outer loop
      vertex   -3.157480e+01 -5.199236e+00 3.271000e+01
      vertex   -7.974058e+00 -6.437325e-01 3.271000e+01
      vertex   -7.767535e+00 -1.914525e+00 3.271000e+01
    endloop
  endfacet
  facet normal 0.000000e+00 0.000000e+00 -1.000000e+00
    outer loop
      vertex   -3.157480e+01 -5.199236e+00 3.271000e+01
      vertex   -7.767535e+00 -1.914525e+00 3.271000e+01
      vertex   -3.104595e+01 -7.755576e+00 3.271000e+01
    endloop
  endfacet
  facet normal 0.000000e+00 0.000000e+00 -1.000000e+00
    outer loop
      vertex   -3.104595e+01 -7.755576e+00 3.271000e+01
      vertex   -7.767535e+00 -1.914525e+00 3.271000e+01
      vertex   -3.031050e+01 -1.026030e+01 3.271000e+01
    endloop
  endfacet
  facet normal 0.000000e+00 0.000000e+00 -1.000000e+00
    outer loop
      vertex   -3.031050e+01 -1.026030e+01 3.271000e+01
      vertex   -7.767535e+00 -1.914525e+00 3.271000e+01
      vertex   -7.359836e+00 -3.135733e+00 3.271000e+01
    endloop
  endfacet
  facet normal 0.000000e+00 0.000000e+00 -1.000000e+00
    outer loop
      vertex   -3.031050e+01 -1.026030e+01 3.271000e+01
      vertex   -7.359836e+00 -3.135733e+00 3.271000e+01
      vertex   -2.937333e+01 -1.269675e+01 3.271000e+01
    endloop
  endfacet
  facet normal 0.000000e+00 0.000000e+00 -1.000000e+00
    outer loop
      vertex   -2.937333e+01 -1.269675e+01 3.271000e+01
      vertex   -7.359836e+00 -3.135733e+00 3.271000e+01
      vertex   -2.824069e+01 -1.504870e+01 3.271000e+01
    endloop
  endfacet
  facet normal 0.000000e+00 0.000000e+00 -1.000000e+00
    outer loop
      vertex   -2.824069e+01 -1.504870e+01 3.271000e+01
      vertex   -7.359836e+00 -3.135733e+00 3.271000e+01
      vertex   -6.761521e+00 -4.275727e+00 3.271000e+01
    endloop
  endfacet
  facet normal 0.000000e+00 0.000000e+00 -1.000000e+00
    outer loop
      vertex   -2.824069e+01 -1.504870e+01 3.271000e+01
      vertex   -6.761521e+00 -4.275727e+00 3.271000e+01
      vertex   -2.692011e+01 -1.730051e+01 3.271000e+01
    endloop
  endfacet
  facet normal 0.000000e+00 0.000000e+00 -1.000000e+00
    outer loop
      vertex   -2.692011e+01 -1.730051e+01 3.271000e+01
      vertex   -6.761521e+00 -4.275727e+00 3.271000e+01
      vertex   -2.542039e+01 -1.943718e+01 3.271000e+01
    endloop
  endfacet
  facet normal 0.000000e+00 0.000000e+00 -1.000000e+00
    outer loop
      vertex   -2.542039e+01 -1.943718e+01 3.271000e+01
      vertex   -6.761521e+00 -4.275727e+00 3.271000e+01
      vertex   -5.988086e+00 -5.304981e+00 3.271000e+01
    endloop
  endfacet
  facet normal 0.000000e+00 0.000000e+00 -1.000000e+00
    outer loop
      vertex   -2.542039e+01 -1.943718e+01 3.271000e+01
      vertex   -5.988086e+00 -5.304981e+00 3.271000e+01
      vertex   -2.375149e+01 -2.144450e+01 3.271000e+01
    endloop
  endfacet
  facet normal 0.000000e+00 0.000000e+00 -1.000000e+00
    outer loop
      vertex   -2.375149e+01 -2.144450e+01 3.271000e+01
      vertex   -5.988086e+00 -5.304981e+00 3.271000e+01
      vertex   -2.192453e+01 -2.330911e+01 3.271000e+01
    endloop
  endfacet
  facet normal 0.000000e+00 0.000000e+00 -1.000000e+00
    outer loop
      vertex   -2.192453e+01 -2.330911e+01 3.271000e+01
      vertex   -5.988086e+00 -5.304981e+00 3.271000e+01
      vertex   -5.059563e+00 -6.196840e+00 3.271000e+01
    endloop
  endfacet
  facet normal 0.000000e+00 0.000000e+00 -1.000000e+00
    outer loop
      vertex   -2.192453e+01 -2.330911e+01 3.271000e+01
      vertex   -5.059563e+00 -6.196840e+00 3.271000e+01
      vertex   -1.995167e+01 -2.501861e+01 3.271000e+01
    endloop
  endfacet
  facet normal 0.000000e+00 0.000000e+00 -1.000000e+00
    outer loop
      vertex   -1.995167e+01 -2.501861e+01 3.271000e+01
      vertex   -5.059563e+00 -6.196840e+00 3.271000e+01
      vertex   -1.784604e+01 -2.656161e+01 3.271000e+01
    endloop
  endfacet
  facet normal 0.000000e+00 0.000000e+00 -1.000000e+00
    outer loop
      vertex   -1.784604e+01 -2.656161e+01 3.271000e+01
      vertex   -5.059563e+00 -6.196840e+00 3.271000e+01
      vertex   -4.000000e+00 -6.928203e+00 3.271000e+01
    endloop
  endfacet
  facet normal 0.000000e+00 0.000000e+00 -1.000000e+00
    outer loop
      vertex   -1.784604e+01 -2.656161e+01 3.271000e+01
      vertex   -4.000000e+00 -6.928203e+00 3.271000e+01
      vertex   -1.562164e+01 -2.792784e+01 3.271000e+01
    endloop
  endfacet
  facet normal 0.000000e+00 0.000000e+00 -1.000000e+00
    outer loop
      vertex   -1.562164e+01 -2.792784e+01 3.271000e+01
      vertex   -4.000000e+00 -6.928203e+00 3.271000e+01
      vertex   -1.329328e+01 -2.910822e+01 3.271000e+01
    endloop
  endfacet
  facet normal 0.000000e+00 0.000000e+00 -1.000000e+00
    outer loop
      vertex   -1.329328e+01 -2.910822e+01 3.271000e+01
      vertex   -4.000000e+00 -6.928203e+00 3.271000e+01
      vertex   -2.836839e+00 -7.480130e+00 3.271000e+01
    endloop
  endfacet
  facet normal 0.000000e+00 0.000000e+00 -1.000000e+00
    outer loop
      vertex   -1.329328e+01 -2.910822e+01 3.271000e+01
      vertex   -2.836839e+00 -7.480130e+00 3.271000e+01
      vertex   -1.087646e+01 -3.009489e+01 3.271000e+01
    endloop
  endfacet
  facet normal 0.000000e+00 0.000000e+00 -1.000000e+00
    outer loop
      vertex   -1.087646e+01 -3.009489e+01 3.271000e+01
      vertex   -2.836839e+00 -7.480130e+00 3.271000e+01
      vertex   -8.387254e+00 -3.088129e+01 3.271000e+01
    endloop
  endfacet
  facet normal 0.000000e+00 0.000000e+00 -1.000000e+00
    outer loop
      vertex   -8.387254e+00 -3.088129e+01 3.271000e+01
      vertex   -2.836839e+00 -7.480130e+00 3.271000e+01
      vertex   -1.600206e+00 -7.838325e+00 3.271000e+01
    endloop
  endfacet
  facet normal 0.000000e+00 0.000000e+00 -1.000000e+00
    outer loop
      vertex   -8.387254e+00 -3.088129e+01 3.271000e+01
      vertex   -1.600206e+00 -7.838325e+00 3.271000e+01
      vertex   -5.842234e+00 -3.146217e+01 3.271000e+01
    endloop
  endfacet
  facet normal 0.000000e+00 0.000000e+00 -1.000000e+00
    outer loop
      vertex   -5.842234e+00 -3.146217e+01 3.271000e+01
      vertex   -1.600206e+00 -7.838325e+00 3.271000e+01
      vertex   -3.258336e+00 -3.183368e+01 3.271000e+01
    endloop
  endfacet
  facet normal 0.000000e+00 0.000000e+00 -1.000000e+00
    outer loop
      vertex   -3.258336e+00 -3.183368e+01 3.271000e+01
      vertex   -1.600206e+00 -7.838325e+00 3.271000e+01
      vertex   -3.221275e-01 -7.993512e+00 3.271000e+01
    endloop
  endfacet
  facet normal 0.000000e+00 0.000000e+00 -1.000000e+00
    outer loop
      vertex   -3.258336e+00 -3.183368e+01 3.271000e+01
      vertex   -3.221275e-01 -7.993512e+00 3.271000e+01
      vertex   -6.527532e-01 -3.199334e+01 3.271000e+01
    endloop
  endfacet
  facet normal 0.000000e+00 0.000000e+00 -1.000000e+00
    outer loop
      vertex   -6.527532e-01 -3.199334e+01 3.271000e+01
      vertex   -3.221275e-01 -7.993512e+00 3.271000e+01
      vertex   1.957173e+00 -3.194009e+01 3.271000e+01
    endloop
  endfacet
  facet normal 0.000000e+00 0.000000e+00 -1.000000e+00
    outer loop
      vertex   1.957173e+00 -3.194009e+01 3.271000e+01
      vertex   -3.221275e-01 -7.993512e+00 3.271000e+01
      vertex   4.554075e+00 -3.167429e+01 3.271000e+01
    endloop
  endfacet
  facet normal 0.000000e+00 0.000000e+00 -1.000000e+00
    outer loop
      vertex   4.554075e+00 -3.167429e+01 3.271000e+01
      vertex   -3.221275e-01 -7.993512e+00 3.271000e+01
      vertex   7.120670e+00 -3.119769e+01 3.271000e+01
    endloop
  endfacet
  facet normal 0.000000e+00 0.000000e+00 -1.000000e+00
    outer loop
      vertex   7.120670e+00 -3.119769e+01 3.271000e+01
      vertex   -3.221275e-01 -7.993512e+00 3.271000e+01
      vertex   9.639878e+00 -3.051348e+01 3.271000e+01
    endloop
  endfacet
  facet normal 0.000000e+00 0.000000e+00 -1.000000e+00
    outer loop
      vertex   9.639878e+00 -3.051348e+01 3.271000e+01
      vertex   -3.221275e-01 -7.993512e+00 3.271000e+01
      vertex   1.209493e+01 -2.962621e+01 3.271000e+01
    endloop
  endfacet
  facet normal 0.000000e+00 0.000000e+00 -1.000000e+00
    outer loop
      vertex   1.209493e+01 -2.962621e+01 3.271000e+01
      vertex   -3.221275e-01 -7.993512e+00 3.271000e+01
      vertex   1.446950e+01 -2.854179e+01 3.271000e+01
    endloop
  endfacet
  facet normal 0.000000e+00 0.000000e+00 -1.000000e+00
    outer loop
      vertex   1.446950e+01 -2.854179e+01 3.271000e+01
      vertex   -3.221275e-01 -7.993512e+00 3.271000e+01
      vertex   1.674778e+01 -2.726742e+01 3.271000e+01
    endloop
  endfacet
  facet normal 0.000000e+00 0.000000e+00 -1.000000e+00
    outer loop
      vertex   1.674778e+01 -2.726742e+01 3.271000e+01
      vertex   -3.221275e-01 -7.993512e+00 3.271000e+01
      vertex   1.891460e+01 -2.581159e+01 3.271000e+01
    endloop
  endfacet
  facet normal 0.000000e+00 0.000000e+00 -1.000000e+00
    outer loop
      vertex   1.891460e+01 -2.581159e+01 3.271000e+01
      vertex   -3.221275e-01 -7.993512e+00 3.271000e+01
      vertex   2.095554e+01 -2.418399e+01 3.271000e+01
    endloop
  endfacet
  facet normal 0.000000e+00 0.000000e+00 -1.000000e+00
    outer loop
      vertex   2.095554e+01 -2.418399e+01 3.271000e+01
      vertex   -3.221275e-01 -7.993512e+00 3.271000e+01
      vertex   2.285704e+01 -2.239544e+01 3.271000e+01
    endloop
  endfacet
  facet normal 0.000000e+00 0.000000e+00 -1.000000e+00
    outer loop
      vertex   2.285704e+01 -2.239544e+01 3.271000e+01
      vertex   -3.221275e-01 -7.993512e+00 3.271000e+01
      vertex   2.460642e+01 -2.045787e+01 3.271000e+01
    endloop
  endfacet
  facet normal 0.000000e+00 0.000000e+00 -1.000000e+00
    outer loop
      vertex   2.460642e+01 -2.045787e+01 3.271000e+01
      vertex   -3.221275e-01 -7.993512e+00 3.271000e+01
      vertex   2.619205e+01 -1.838414e+01 3.271000e+01
    endloop
  endfacet
  facet normal 0.000000e+00 0.000000e+00 -1.000000e+00
    outer loop
      vertex   2.619205e+01 -1.838414e+01 3.271000e+01
      vertex   -3.221275e-01 -7.993512e+00 3.271000e+01
      vertex   2.760337e+01 -1.618808e+01 3.271000e+01
    endloop
  endfacet
  facet normal 0.000000e+00 0.000000e+00 -1.000000e+00
    outer loop
      vertex   2.760337e+01 -1.618808e+01 3.271000e+01
      vertex   -3.221275e-01 -7.993512e+00 3.271000e+01
      vertex   2.883100e+01 -1.388428e+01 3.271000e+01
    endloop
  endfacet
  facet normal 0.000000e+00 0.000000e+00 -1.000000e+00
    outer loop
      vertex   2.883100e+01 -1.388428e+01 3.271000e+01
      vertex   -3.221275e-01 -7.993512e+00 3.271000e+01
      vertex   2.986677e+01 -1.148809e+01 3.271000e+01
    endloop
  endfacet
  facet normal 0.000000e+00 0.000000e+00 -1.000000e+00
    outer loop
      vertex   2.986677e+01 -1.148809e+01 3.271000e+01
      vertex   -3.221275e-01 -7.993512e+00 3.271000e+01
      vertex   3.070378e+01 -9.015442e+00 3.271000e+01
    endloop
  endfacet
  facet normal 0.000000e+00 0.000000e+00 -1.000000e+00
    outer loop
      vertex   3.070378e+01 -9.015442e+00 3.271000e+01
      vertex   -3.221275e-01 -7.993512e+00 3.271000e+01
      vertex   9.642934e-01 -7.941671e+00 3.271000e+01
    endloop
  endfacet
  facet normal 0.000000e+00 0.000000e+00 -1.000000e+00
    outer loop
      vertex   3.070378e+01 -9.015442e+00 3.271000e+01
      vertex   9.642934e-01 -7.941671e+00 3.271000e+01
      vertex   2.225740e+00 -7.684145e+00 3.271000e+01
    endloop
  endfacet
  facet normal 0.000000e+00 0.000000e+00 -1.000000e+00
    outer loop
      vertex   -3.189352e+01 2.608297e+00 3.271000e+01
      vertex   -3.157480e+01 5.199236e+00 3.271000e+01
      vertex   -7.974058e+00 6.437325e-01 3.271000e+01
    endloop
  endfacet
  facet normal 0.000000e+00 0.000000e+00 -1.000000e+00
    outer loop
      vertex   -7.974058e+00 6.437325e-01 3.271000e+01
      vertex   -3.157480e+01 5.199236e+00 3.271000e+01
      vertex   -7.767535e+00 1.914525e+00 3.271000e+01
    endloop
  endfacet
  facet normal 0.000000e+00 0.000000e+00 -1.000000e+00
    outer loop
      vertex   -7.767535e+00 1.914525e+00 3.271000e+01
      vertex   -3.157480e+01 5.199236e+00 3.271000e+01
      vertex   -3.104595e+01 7.755576e+00 3.271000e+01
    endloop
  endfacet
  facet normal 0.000000e+00 0.000000e+00 -1.000000e+00
    outer loop
      vertex   -7.767535e+00 1.914525e+00 3.271000e+01
      vertex   -3.104595e+01 7.755576e+00 3.271000e+01
      vertex   -3.031050e+01 1.026030e+01 3.271000e+01
    endloop
  endfacet
  facet normal 0.000000e+00 0.000000e+00 -1.000000e+00
    outer loop
      vertex   -7.767535e+00 1.914525e+00 3.271000e+01
      vertex   -3.031050e+01 1.026030e+01 3.271000e+01
      vertex   -7.359836e+00 3.135733e+00 3.271000e+01
    endloop
  endfacet
  facet normal 0.000000e+00 0.000000e+00 -1.000000e+00
    outer loop
      vertex   -7.359836e+00 3.135733e+00 3.271000e+01
      vertex   -3.031050e+01 1.026030e+01 3.271000e+01
      vertex   -2.937333e+01 1.269675e+01 3.271000e+01
    endloop
  endfacet
  facet normal 0.000000e+00 0.000000e+00 -1.000000e+00
    outer loop
      vertex   -7.359836e+00 3.135733e+00 3.271000e+01
      vertex   -2.937333e+01 1.269675e+01 3.271000e+01
      vertex   -2.824069e+01 1.504870e+01 3.271000e+01
    endloop
  endfacet
  facet normal 0.000000e+00 0.000000e+00 -1.000000e+00
    outer loop
      vertex   -7.359836e+00 3.135733e+00 3.271000e+01
      vertex   -2.824069e+01 1.504870e+01 3.271000e+01
      vertex   -6.761521e+00 4.275727e+00 3.271000e+01
    endloop
  endfacet
  facet normal 0.000000e+00 0.000000e+00 -1.000000e+00
    outer loop
      vertex   -6.761521e+00 4.275727e+00 3.271000e+01
      vertex   -2.824069e+01 1.504870e+01 3.271000e+01
      vertex   -2.692011e+01 1.730051e+01 3.271000e+01
    endloop
  endfacet
  facet normal 0.000000e+00 0.000000e+00 -1.000000e+00
    outer loop
      vertex   -6.761521e+00 4.275727e+00 3.271000e+01
      vertex   -2.692011e+01 1.730051e+01 3.271000e+01
      vertex   -2.542039e+01 1.943718e+01 3.271000e+01
    endloop
  endfacet
  facet normal 0.000000e+00 0.000000e+00 -1.000000e+00
    outer loop
      vertex   -6.761521e+00 4.275727e+00 3.271000e+01
      vertex   -2.542039e+01 1.943718e+01 3.271000e+01
      vertex   -5.988086e+00 5.304981e+00 3.271000e+01
    endloop
  endfacet
  facet normal 0.000000e+00 0.000000e+00 -1.000000e+00
    outer loop
      vertex   -5.988086e+00 5.304981e+00 3.271000e+01
      vertex   -2.542039e+01 1.943718e+01 3.271000e+01
      vertex   -2.375149e+01 2.144450e+01 3.271000e+01
    endloop
  endfacet
  facet normal 0.000000e+00 0.000000e+00 -1.000000e+00
    outer loop
      vertex   -5.988086e+00 5.304981e+00 3.271000e+01
      vertex   -2.375149e+01 2.144450e+01 3.271000e+01
      vertex   -2.192453e+01 2.330911e+01 3.271000e+01
    endloop
  endfacet
  facet normal 0.000000e+00 0.000000e+00 -1.000000e+00
    outer loop
      vertex   -5.988086e+00 5.304981e+00 3.271000e+01
      vertex   -2.192453e+01 2.330911e+01 3.271000e+01
      vertex   -5.059563e+00 6.196840e+00 3.271000e+01
    endloop
  endfacet
  facet normal 0.000000e+00 0.000000e+00 -1.000000e+00
    outer loop
      vertex   -5.059563e+00 6.196840e+00 3.271000e+01
      vertex   -2.192453e+01 2.330911e+01 3.271000e+01
      vertex   -1.995167e+01 2.501861e+01 3.271000e+01
    endloop
  endfacet
  facet normal 0.000000e+00 0.000000e+00 -1.000000e+00
    outer loop
      vertex   -5.059563e+00 6.196840e+00 3.271000e+01
      vertex   -1.995167e+01 2.501861e+01 3.271000e+01
      vertex   -1.784604e+01 2.656161e+01 3.271000e+01
    endloop
  endfacet
  facet normal 0.000000e+00 -0.000000e+00 -1.000000e+00
    outer loop
      vertex   -1.562164e+01 2.792784e+01 3.271000e+01
      vertex   1.674778e+01 2.726742e+01 3.271000e+01
      vertex   -1.784604e+01 2.656161e+01 3.271000e+01
    endloop
  endfacet
  facet normal 0.000000e+00 0.000000e+00 -1.000000e+00
    outer loop
      vertex   -1.784604e+01 2.656161e+01 3.271000e+01
      vertex   1.674778e+01 2.726742e+01 3.271000e+01
      vertex   1.891460e+01 2.581159e+01 3.271000e+01
    endloop
  endfacet
  facet normal 0.000000e+00 0.000000e+00 -1.000000e+00
    outer loop
      vertex   -1.784604e+01 2.656161e+01 3.271000e+01
      vertex   1.891460e+01 2.581159e+01 3.271000e+01
      vertex   -3.221275e-01 7.993512e+00 3.271000e+01
    endloop
  endfacet
  facet normal 0.000000e+00 0.000000e+00 -1.000000e+00
    outer loop
      vertex   -3.221275e-01 7.993512e+00 3.271000e+01
      vertex   1.891460e+01 2.581159e+01 3.271000e+01
      vertex   2.095554e+01 2.418399e+01 3.271000e+01
    endloop
  endfacet
  facet normal 0.000000e+00 0.000000e+00 -1.000000e+00
    outer loop
      vertex   -3.221275e-01 7.993512e+00 3.271000e+01
      vertex   2.095554e+01 2.418399e+01 3.271000e+01
      vertex   2.285704e+01 2.239544e+01 3.271000e+01
    endloop
  endfacet
  facet normal 0.000000e+00 0.000000e+00 -1.000000e+00
    outer loop
      vertex   1.674778e+01 2.726742e+01 3.271000e+01
      vertex   -1.562164e+01 2.792784e+01 3.271000e+01
      vertex   1.446950e+01 2.854179e+01 3.271000e+01
    endloop
  endfacet
  facet normal -0.000000e+00 0.000000e+00 -1.000000e+00
    outer loop
      vertex   1.446950e+01 2.854179e+01 3.271000e+01
      vertex   -1.562164e+01 2.792784e+01 3.271000e+01
      vertex   -1.329328e+01 2.910822e+01 3.271000e+01
    endloop
  endfacet
  facet normal 0.000000e+00 0.000000e+00 -1.000000e+00
    outer loop
      vertex   1.446950e+01 2.854179e+01 3.271000e+01
      vertex   -1.329328e+01 2.910822e+01 3.271000e+01
      vertex   1.209493e+01 2.962621e+01 3.271000e+01
    endloop
  endfacet
  facet normal -0.000000e+00 0.000000e+00 -1.000000e+00
    outer loop
      vertex   1.209493e+01 2.962621e+01 3.271000e+01
      vertex   -1.329328e+01 2.910822e+01 3.271000e+01
      vertex   -1.087646e+01 3.009489e+01 3.271000e+01
    endloop
  endfacet
  facet normal 0.000000e+00 0.000000e+00 -1.000000e+00
    outer loop
      vertex   1.209493e+01 2.962621e+01 3.271000e+01
      vertex   -1.087646e+01 3.009489e+01 3.271000e+01
      vertex   9.639878e+00 3.051348e+01 3.271000e+01
    endloop
  endfacet
  facet normal -0.000000e+00 0.000000e+00 -1.000000e+00
    outer loop
      vertex   9.639878e+00 3.051348e+01 3.271000e+01
      vertex   -1.087646e+01 3.009489e+01 3.271000e+01
      vertex   -8.387254e+00 3.088129e+01 3.271000e+01
    endloop
  endfacet
  facet normal 0.000000e+00 0.000000e+00 -1.000000e+00
    outer loop
      vertex   9.639878e+00 3.051348e+01 3.271000e+01
      vertex   -8.387254e+00 3.088129e+01 3.271000e+01
      vertex   7.120670e+00 3.119769e+01 3.271000e+01
    endloop
  endfacet
  facet normal -0.000000e+00 0.000000e+00 -1.000000e+00
    outer loop
      vertex   7.120670e+00 3.119769e+01 3.271000e+01
      vertex   -8.387254e+00 3.088129e+01 3.271000e+01
      vertex   -5.842234e+00 3.146217e+01 3.271000e+01
    endloop
  endfacet
  facet normal 0.000000e+00 0.000000e+00 -1.000000e+00
    outer loop
      vertex   7.120670e+00 3.119769e+01 3.271000e+01
      vertex   -5.842234e+00 3.146217e+01 3.271000e+01
      vertex   4.554075e+00 3.167429e+01 3.271000e+01
    endloop
  endfacet
  facet normal -0.000000e+00 0.000000e+00 -1.000000e+00
    outer loop
      vertex   4.554075e+00 3.167429e+01 3.271000e+01
      vertex   -5.842234e+00 3.146217e+01 3.271000e+01
      vertex   -3.258336e+00 3.183368e+01 3.271000e+01
    endloop
  endfacet
  facet normal 0.000000e+00 0.000000e+00 -1.000000e+00
    outer loop
      vertex   4.554075e+00 3.167429e+01 3.271000e+01
      vertex   -3.258336e+00 3.183368e+01 3.271000e+01
      vertex   1.957173e+00 3.194009e+01 3.271000e+01
    endloop
  endfacet
  facet normal -0.000000e+00 0.000000e+00 -1.000000e+00
    outer loop
      vertex   1.957173e+00 3.194009e+01 3.271000e+01
      vertex   -3.258336e+00 3.183368e+01 3.271000e+01
      vertex   -6.527532e-01 3.199334e+01 3.271000e+01
    endloop
  endfacet
  facet normal 0.000000e+00 -0.000000e+00 -1.000000e+00
    outer loop
      vertex   2.285704e+01 2.239544e+01 3.271000e+01
      vertex   2.460642e+01 2.045787e+01 3.271000e+01
      vertex   -3.221275e-01 7.993512e+00 3.271000e+01
    endloop
  endfacet
  facet normal 0.000000e+00 0.000000e+00 -1.000000e+00
    outer loop
      vertex   -3.221275e-01 7.993512e+00 3.271000e+01
      vertex   2.460642e+01 2.045787e+01 3.271000e+01
      vertex   2.619205e+01 1.838414e+01 3.271000e+01
    endloop
  endfacet
  facet normal 0.000000e+00 0.000000e+00 -1.000000e+00
    outer loop
      vertex   -3.221275e-01 7.993512e+00 3.271000e+01
      vertex   2.619205e+01 1.838414e+01 3.271000e+01
      vertex   2.760337e+01 1.618808e+01 3.271000e+01
    endloop
  endfacet
  facet normal 0.000000e+00 -0.000000e+00 -1.000000e+00
    outer loop
      vertex   2.760337e+01 1.618808e+01 3.271000e+01
      vertex   2.883100e+01 1.388428e+01 3.271000e+01
      vertex   -3.221275e-01 7.993512e+00 3.271000e+01
    endloop
  endfacet
  facet normal 0.000000e+00 0.000000e+00 -1.000000e+00
    outer loop
      vertex   -3.221275e-01 7.993512e+00 3.271000e+01
      vertex   2.883100e+01 1.388428e+01 3.271000e+01
      vertex   2.986677e+01 1.148809e+01 3.271000e+01
    endloop
  endfacet
  facet normal 0.000000e+00 0.000000e+00 -1.000000e+00
    outer loop
      vertex   -3.221275e-01 7.993512e+00 3.271000e+01
      vertex   2.986677e+01 1.148809e+01 3.271000e+01
      vertex   3.070378e+01 9.015442e+00 3.271000e+01
    endloop
  endfacet
  facet normal -0.000000e+00 0.000000e+00 -1.000000e+00
    outer loop
      vertex   3.133645e+01 6.482801e+00 3.271000e+01
      vertex   7.588292e+00 2.533344e+00 3.271000e+01
      vertex   3.070378e+01 9.015442e+00 3.271000e+01
    endloop
  endfacet
  facet normal 0.000000e+00 0.000000e+00 -1.000000e+00
    outer loop
      vertex   3.070378e+01 9.015442e+00 3.271000e+01
      vertex   7.588292e+00 2.533344e+00 3.271000e+01
      vertex   7.083648e+00 3.717785e+00 3.271000e+01
    endloop
  endfacet
  facet normal 0.000000e+00 0.000000e+00 -1.000000e+00
    outer loop
      vertex   3.070378e+01 9.015442e+00 3.271000e+01
      vertex   7.083648e+00 3.717785e+00 3.271000e+01
      vertex   6.395542e+00 4.805938e+00 3.271000e+01
    endloop
  endfacet
  facet normal 0.000000e+00 0.000000e+00 -1.000000e+00
    outer loop
      vertex   7.588292e+00 2.533344e+00 3.271000e+01
      vertex   3.133645e+01 6.482801e+00 3.271000e+01
      vertex   7.896402e+00 1.283290e+00 3.271000e+01
    endloop
  endfacet
  facet normal 0.000000e+00 0.000000e+00 -1.000000e+00
    outer loop
      vertex   7.896402e+00 1.283290e+00 3.271000e+01
      vertex   3.133645e+01 6.482801e+00 3.271000e+01
      vertex   3.176059e+01 3.907018e+00 3.271000e+01
    endloop
  endfacet
  facet normal 0.000000e+00 0.000000e+00 -1.000000e+00
    outer loop
      vertex   7.896402e+00 1.283290e+00 3.271000e+01
      vertex   3.176059e+01 3.907018e+00 3.271000e+01
      vertex   3.197337e+01 1.305235e+00 3.271000e+01
    endloop
  endfacet
  facet normal 0.000000e+00 0.000000e+00 -1.000000e+00
    outer loop
      vertex   7.896402e+00 1.283290e+00 3.271000e+01
      vertex   3.197337e+01 1.305235e+00 3.271000e+01
      vertex   8.000000e+00 9.797174e-16 3.271000e+01
    endloop
  endfacet
  facet normal 0.000000e+00 0.000000e+00 -1.000000e+00
    outer loop
      vertex   8.000000e+00 9.797174e-16 3.271000e+01
      vertex   3.197337e+01 1.305235e+00 3.271000e+01
      vertex   3.197337e+01 -1.305235e+00 3.271000e+01
    endloop
  endfacet
  facet normal 0.000000e+00 -0.000000e+00 -1.000000e+00
    outer loop
      vertex   8.000000e+00 9.797174e-16 3.271000e+01
      vertex   3.197337e+01 -1.305235e+00 3.271000e+01
      vertex   7.896402e+00 -1.283290e+00 3.271000e+01
    endloop
  endfacet
  facet normal 0.000000e+00 0.000000e+00 -1.000000e+00
    outer loop
      vertex   7.896402e+00 -1.283290e+00 3.271000e+01
      vertex   3.197337e+01 -1.305235e+00 3.271000e+01
      vertex   3.176059e+01 -3.907018e+00 3.271000e+01
    endloop
  endfacet
  facet normal 0.000000e+00 0.000000e+00 -1.000000e+00
    outer loop
      vertex   7.896402e+00 -1.283290e+00 3.271000e+01
      vertex   3.176059e+01 -3.907018e+00 3.271000e+01
      vertex   3.133645e+01 -6.482801e+00 3.271000e+01
    endloop
  endfacet
  facet normal 0.000000e+00 -0.000000e+00 -1.000000e+00
    outer loop
      vertex   7.896402e+00 -1.283290e+00 3.271000e+01
      vertex   3.133645e+01 -6.482801e+00 3.271000e+01
      vertex   7.588292e+00 -2.533344e+00 3.271000e+01
    endloop
  endfacet
  facet normal 0.000000e+00 0.000000e+00 -1.000000e+00
    outer loop
      vertex   7.588292e+00 -2.533344e+00 3.271000e+01
      vertex   3.133645e+01 -6.482801e+00 3.271000e+01
      vertex   3.070378e+01 -9.015442e+00 3.271000e+01
    endloop
  endfacet
  facet normal 0.000000e+00 -0.000000e+00 -1.000000e+00
    outer loop
      vertex   7.588292e+00 -2.533344e+00 3.271000e+01
      vertex   3.070378e+01 -9.015442e+00 3.271000e+01
      vertex   7.083648e+00 -3.717785e+00 3.271000e+01
    endloop
  endfacet
  facet normal 0.000000e+00 -0.000000e+00 -1.000000e+00
    outer loop
      vertex   7.083648e+00 -3.717785e+00 3.271000e+01
      vertex   3.070378e+01 -9.015442e+00 3.271000e+01
      vertex   6.395542e+00 -4.805938e+00 3.271000e+01
    endloop
  endfacet
  facet normal 0.000000e+00 -0.000000e+00 -1.000000e+00
    outer loop
      vertex   6.395542e+00 -4.805938e+00 3.271000e+01
      vertex   3.070378e+01 -9.015442e+00 3.271000e+01
      vertex   5.541795e+00 -5.769620e+00 3.271000e+01
    endloop
  endfacet
  facet normal 0.000000e+00 -0.000000e+00 -1.000000e+00
    outer loop
      vertex   5.541795e+00 -5.769620e+00 3.271000e+01
      vertex   3.070378e+01 -9.015442e+00 3.271000e+01
      vertex   4.544518e+00 -6.583871e+00 3.271000e+01
    endloop
  endfacet
  facet normal 0.000000e+00 -0.000000e+00 -1.000000e+00
    outer loop
      vertex   4.544518e+00 -6.583871e+00 3.271000e+01
      vertex   3.070378e+01 -9.015442e+00 3.271000e+01
      vertex   3.429540e+00 -7.227603e+00 3.271000e+01
    endloop
  endfacet
  facet normal 0.000000e+00 -0.000000e+00 -1.000000e+00
    outer loop
      vertex   3.429540e+00 -7.227603e+00 3.271000e+01
      vertex   3.070378e+01 -9.015442e+00 3.271000e+01
      vertex   2.225740e+00 -7.684145e+00 3.271000e+01
    endloop
  endfacet
  facet normal 0.000000e+00 0.000000e+00 -1.000000e+00
    outer loop
      vertex   6.395542e+00 4.805938e+00 3.271000e+01
      vertex   5.541795e+00 5.769620e+00 3.271000e+01
      vertex   3.070378e+01 9.015442e+00 3.271000e+01
    endloop
  endfacet
  facet normal 0.000000e+00 0.000000e+00 -1.000000e+00
    outer loop
      vertex   3.070378e+01 9.015442e+00 3.271000e+01
      vertex   5.541795e+00 5.769620e+00 3.271000e+01
      vertex   4.544518e+00 6.583871e+00 3.271000e+01
    endloop
  endfacet
  facet normal 0.000000e+00 0.000000e+00 -1.000000e+00
    outer loop
      vertex   3.070378e+01 9.015442e+00 3.271000e+01
      vertex   4.544518e+00 6.583871e+00 3.271000e+01
      vertex   3.429540e+00 7.227603e+00 3.271000e+01
    endloop
  endfacet
  facet normal 0.000000e+00 0.000000e+00 -1.000000e+00
    outer loop
      vertex   3.429540e+00 7.227603e+00 3.271000e+01
      vertex   2.225740e+00 7.684145e+00 3.271000e+01
      vertex   3.070378e+01 9.015442e+00 3.271000e+01
    endloop
  endfacet
  facet normal 0.000000e+00 0.000000e+00 -1.000000e+00
    outer loop
      vertex   3.070378e+01 9.015442e+00 3.271000e+01
      vertex   2.225740e+00 7.684145e+00 3.271000e+01
      vertex   9.642934e-01 7.941671e+00 3.271000e+01
    endloop
  endfacet
  facet normal 0.000000e+00 0.000000e+00 -1.000000e+00
    outer loop
      vertex   3.070378e+01 9.015442e+00 3.271000e+01
      vertex   9.642934e-01 7.941671e+00 3.271000e+01
      vertex   -3.221275e-01 7.993512e+00 3.271000e+01
    endloop
  endfacet
  facet normal -0.000000e+00 0.000000e+00 -1.000000e+00
    outer loop
      vertex   -3.221275e-01 7.993512e+00 3.271000e+01
      vertex   -1.600206e+00 7.838325e+00 3.271000e+01
      vertex   -1.784604e+01 2.656161e+01 3.271000e+01
    endloop
  endfacet
  facet normal 0.000000e+00 0.000000e+00 -1.000000e+00
    outer loop
      vertex   -1.784604e+01 2.656161e+01 3.271000e+01
      vertex   -1.600206e+00 7.838325e+00 3.271000e+01
      vertex   -2.836839e+00 7.480130e+00 3.271000e+01
    endloop
  endfacet
  facet normal 0.000000e+00 0.000000e+00 -1.000000e+00
    outer loop
      vertex   -1.784604e+01 2.656161e+01 3.271000e+01
      vertex   -2.836839e+00 7.480130e+00 3.271000e+01
      vertex   -4.000000e+00 6.928203e+00 3.271000e+01
    endloop
  endfacet
  facet normal -0.000000e+00 0.000000e+00 -1.000000e+00
    outer loop
      vertex   -4.000000e+00 6.928203e+00 3.271000e+01
      vertex   -5.059563e+00 6.196840e+00 3.271000e+01
      vertex   -1.784604e+01 2.656161e+01 3.271000e+01
    endloop
  endfacet
  facet normal -9.995349e-01 3.049617e-02 0.000000e+00
    outer loop
      vertex   -5.689398e+01 3.474946e+00 3.561000e+01
      vertex   -5.689398e+01 3.474946e+00 -1.839000e+01
      vertex   -5.700000e+01 -6.980487e-15 3.561000e+01
    endloop
  endfacet
  facet normal -9.995349e-01 3.049617e-02 0.000000e+00
    outer loop
      vertex   -5.700000e+01 -6.980487e-15 3.561000e+01
      vertex   -5.689398e+01 3.474946e+00 -1.839000e+01
      vertex   -5.700000e+01 -6.980487e-15 -1.839000e+01
    endloop
  endfacet
  facet normal -9.995349e-01 -3.049617e-02 -0.000000e+00
    outer loop
      vertex   -5.700000e+01 -6.980487e-15 3.561000e+01
      vertex   -5.700000e+01 -6.980487e-15 -1.839000e+01
      vertex   -5.689398e+01 -3.474946e+00 3.561000e+01
    endloop
  endfacet
  facet normal -9.995349e-01 -3.049617e-02 -0.000000e+00
    outer loop
      vertex   -5.689398e+01 -3.474946e+00 3.561000e+01
      vertex   -5.700000e+01 -6.980487e-15 -1.839000e+01
      vertex   -5.689398e+01 -3.474946e+00 -1.839000e+01
    endloop
  endfacet
  facet normal -9.958165e-01 -9.137506e-02 -0.000000e+00
    outer loop
      vertex   -5.689398e+01 -3.474946e+00 3.561000e+01
      vertex   -5.689398e+01 -3.474946e+00 -1.839000e+01
      vertex   -5.657631e+01 -6.936966e+00 3.561000e+01
    endloop
  endfacet
  facet normal -9.958165e-01 -9.137506e-02 -0.000000e+00
    outer loop
      vertex   -5.657631e+01 -6.936966e+00 3.561000e+01
      vertex   -5.689398e+01 -3.474946e+00 -1.839000e+01
      vertex   -5.657631e+01 -6.936966e+00 -1.839000e+01
    endloop
  endfacet
  facet normal -9.883937e-01 -1.519140e-01 -0.000000e+00
    outer loop
      vertex   -5.657631e+01 -6.936966e+00 3.561000e+01
      vertex   -5.657631e+01 -6.936966e+00 -1.839000e+01
      vertex   -5.604817e+01 -1.037318e+01 3.561000e+01
    endloop
  endfacet
  facet normal -9.883937e-01 -1.519140e-01 -0.000000e+00
    outer loop
      vertex   -5.604817e+01 -1.037318e+01 3.561000e+01
      vertex   -5.657631e+01 -6.936966e+00 -1.839000e+01
      vertex   -5.604817e+01 -1.037318e+01 -1.839000e+01
    endloop
  endfacet
  facet normal -9.772940e-01 -2.118879e-01 -0.000000e+00
    outer loop
      vertex   -5.604817e+01 -1.037318e+01 3.561000e+01
      vertex   -5.604817e+01 -1.037318e+01 -1.839000e+01
      vertex   -5.531153e+01 -1.377080e+01 3.561000e+01
    endloop
  endfacet
  facet normal -9.772940e-01 -2.118879e-01 -0.000000e+00
    outer loop
      vertex   -5.531153e+01 -1.377080e+01 3.561000e+01
      vertex   -5.604817e+01 -1.037318e+01 -1.839000e+01
      vertex   -5.531153e+01 -1.377080e+01 -1.839000e+01
    endloop
  endfacet
  facet normal -9.625587e-01 -2.710735e-01 -0.000000e+00
    outer loop
      vertex   -5.531153e+01 -1.377080e+01 3.561000e+01
      vertex   -5.531153e+01 -1.377080e+01 -1.839000e+01
      vertex   -5.436912e+01 -1.711720e+01 3.561000e+01
    endloop
  endfacet
  facet normal -9.625587e-01 -2.710735e-01 -0.000000e+00
    outer loop
      vertex   -5.436912e+01 -1.711720e+01 3.561000e+01
      vertex   -5.531153e+01 -1.377080e+01 -1.839000e+01
      vertex   -5.436912e+01 -1.711720e+01 -1.839000e+01
    endloop
  endfacet
  facet normal -9.442425e-01 -3.292507e-01 -0.000000e+00
    outer loop
      vertex   -5.436912e+01 -1.711720e+01 3.561000e+01
      vertex   -5.436912e+01 -1.711720e+01 -1.839000e+01
      vertex   -5.322446e+01 -2.039992e+01 3.561000e+01
    endloop
  endfacet
  facet normal -9.442425e-01 -3.292507e-01 -0.000000e+00
    outer loop
      vertex   -5.322446e+01 -2.039992e+01 3.561000e+01
      vertex   -5.436912e+01 -1.711720e+01 -1.839000e+01
      vertex   -5.322446e+01 -2.039992e+01 -1.839000e+01
    endloop
  endfacet
  facet normal -9.224138e-01 -3.862030e-01 -0.000000e+00
    outer loop
      vertex   -5.322446e+01 -2.039992e+01 3.561000e+01
      vertex   -5.322446e+01 -2.039992e+01 -1.839000e+01
      vertex   -5.188180e+01 -2.360675e+01 3.561000e+01
    endloop
  endfacet
  facet normal -9.224138e-01 -3.862030e-01 -0.000000e+00
    outer loop
      vertex   -5.188180e+01 -2.360675e+01 3.561000e+01
      vertex   -5.322446e+01 -2.039992e+01 -1.839000e+01
      vertex   -5.188180e+01 -2.360675e+01 -1.839000e+01
    endloop
  endfacet
  facet normal -8.971536e-01 -4.417187e-01 -0.000000e+00
    outer loop
      vertex   -5.188180e+01 -2.360675e+01 3.561000e+01
      vertex   -5.188180e+01 -2.360675e+01 -1.839000e+01
      vertex   -5.034614e+01 -2.672576e+01 3.561000e+01
    endloop
  endfacet
  facet normal -8.971536e-01 -4.417187e-01 -0.000000e+00
    outer loop
      vertex   -5.034614e+01 -2.672576e+01 3.561000e+01
      vertex   -5.188180e+01 -2.360675e+01 -1.839000e+01
      vertex   -5.034614e+01 -2.672576e+01 -1.839000e+01
    endloop
  endfacet
  facet normal -8.685559e-01 -4.955911e-01 -0.000000e+00
    outer loop
      vertex   -5.034614e+01 -2.672576e+01 3.561000e+01
      vertex   -5.034614e+01 -2.672576e+01 -1.839000e+01
      vertex   -4.862319e+01 -2.974535e+01 3.561000e+01
    endloop
  endfacet
  facet normal -8.685559e-01 -4.955911e-01 -0.000000e+00
    outer loop
      vertex   -4.862319e+01 -2.974535e+01 3.561000e+01
      vertex   -5.034614e+01 -2.672576e+01 -1.839000e+01
      vertex   -4.862319e+01 -2.974535e+01 -1.839000e+01
    endloop
  endfacet
  facet normal -8.367272e-01 -5.476199e-01 -0.000000e+00
    outer loop
      vertex   -4.862319e+01 -2.974535e+01 3.561000e+01
      vertex   -4.862319e+01 -2.974535e+01 -1.839000e+01
      vertex   -4.671935e+01 -3.265429e+01 3.561000e+01
    endloop
  endfacet
  facet normal -8.367272e-01 -5.476199e-01 -0.000000e+00
    outer loop
      vertex   -4.671935e+01 -3.265429e+01 3.561000e+01
      vertex   -4.862319e+01 -2.974535e+01 -1.839000e+01
      vertex   -4.671935e+01 -3.265429e+01 -1.839000e+01
    endloop
  endfacet
  facet normal -8.017858e-01 -5.976116e-01 -0.000000e+00
    outer loop
      vertex   -4.671935e+01 -3.265429e+01 3.561000e+01
      vertex   -4.671935e+01 -3.265429e+01 -1.839000e+01
      vertex   -4.464172e+01 -3.544174e+01 3.561000e+01
    endloop
  endfacet
  facet normal -8.017858e-01 -5.976116e-01 -0.000000e+00
    outer loop
      vertex   -4.464172e+01 -3.544174e+01 3.561000e+01
      vertex   -4.671935e+01 -3.265429e+01 -1.839000e+01
      vertex   -4.464172e+01 -3.544174e+01 -1.839000e+01
    endloop
  endfacet
  facet normal -7.638616e-01 -6.453800e-01 -0.000000e+00
    outer loop
      vertex   -4.464172e+01 -3.544174e+01 3.561000e+01
      vertex   -4.464172e+01 -3.544174e+01 -1.839000e+01
      vertex   -4.239801e+01 -3.809736e+01 3.561000e+01
    endloop
  endfacet
  facet normal -7.638616e-01 -6.453800e-01 -0.000000e+00
    outer loop
      vertex   -4.239801e+01 -3.809736e+01 3.561000e+01
      vertex   -4.464172e+01 -3.544174e+01 -1.839000e+01
      vertex   -4.239801e+01 -3.809736e+01 -1.839000e+01
    endloop
  endfacet
  facet normal -7.230959e-01 -6.907476e-01 -0.000000e+00
    outer loop
      vertex   -4.239801e+01 -3.809736e+01 3.561000e+01
      vertex   -4.239801e+01 -3.809736e+01 -1.839000e+01
      vertex   -3.999658e+01 -4.061125e+01 3.561000e+01
    endloop
  endfacet
  facet normal -7.230959e-01 -6.907476e-01 -0.000000e+00
    outer loop
      vertex   -3.999658e+01 -4.061125e+01 3.561000e+01
      vertex   -4.239801e+01 -3.809736e+01 -1.839000e+01
      vertex   -3.999658e+01 -4.061125e+01 -1.839000e+01
    endloop
  endfacet
  facet normal -6.796402e-01 -7.335456e-01 -0.000000e+00
    outer loop
      vertex   -3.999658e+01 -4.061125e+01 3.561000e+01
      vertex   -3.999658e+01 -4.061125e+01 -1.839000e+01
      vertex   -3.744636e+01 -4.297406e+01 3.561000e+01
    endloop
  endfacet
  facet normal -6.796402e-01 -7.335456e-01 -0.000000e+00
    outer loop
      vertex   -3.744636e+01 -4.297406e+01 3.561000e+01
      vertex   -3.999658e+01 -4.061125e+01 -1.839000e+01
      vertex   -3.744636e+01 -4.297406e+01 -1.839000e+01
    endloop
  endfacet
  facet normal -6.336562e-01 -7.736148e-01 -0.000000e+00
    outer loop
      vertex   -3.744636e+01 -4.297406e+01 3.561000e+01
      vertex   -3.744636e+01 -4.297406e+01 -1.839000e+01
      vertex   -3.475684e+01 -4.517701e+01 3.561000e+01
    endloop
  endfacet
  facet normal -6.336562e-01 -7.736148e-01 -0.000000e+00
    outer loop
      vertex   -3.475684e+01 -4.517701e+01 3.561000e+01
      vertex   -3.744636e+01 -4.297406e+01 -1.839000e+01
      vertex   -3.475684e+01 -4.517701e+01 -1.839000e+01
    endloop
  endfacet
  facet normal -5.853149e-01 -8.108060e-01 -0.000000e+00
    outer loop
      vertex   -3.475684e+01 -4.517701e+01 3.561000e+01
      vertex   -3.475684e+01 -4.517701e+01 -1.839000e+01
      vertex   -3.193803e+01 -4.721189e+01 3.561000e+01
    endloop
  endfacet
  facet normal -5.853149e-01 -8.108060e-01 -0.000000e+00
    outer loop
      vertex   -3.193803e+01 -4.721189e+01 3.561000e+01
      vertex   -3.475684e+01 -4.517701e+01 -1.839000e+01
      vertex   -3.193803e+01 -4.721189e+01 -1.839000e+01
    endloop
  endfacet
  facet normal -5.347963e-01 -8.449810e-01 -0.000000e+00
    outer loop
      vertex   -3.193803e+01 -4.721189e+01 3.561000e+01
      vertex   -3.193803e+01 -4.721189e+01 -1.839000e+01
      vertex   -2.900039e+01 -4.907114e+01 3.561000e+01
    endloop
  endfacet
  facet normal -5.347963e-01 -8.449810e-01 -0.000000e+00
    outer loop
      vertex   -2.900039e+01 -4.907114e+01 3.561000e+01
      vertex   -3.193803e+01 -4.721189e+01 -1.839000e+01
      vertex   -2.900039e+01 -4.907114e+01 -1.839000e+01
    endloop
  endfacet
  facet normal -4.822881e-01 -8.760126e-01 -0.000000e+00
    outer loop
      vertex   -2.900039e+01 -4.907114e+01 3.561000e+01
      vertex   -2.900039e+01 -4.907114e+01 -1.839000e+01
      vertex   -2.595488e+01 -5.074785e+01 3.561000e+01
    endloop
  endfacet
  facet normal -4.822881e-01 -8.760126e-01 -0.000000e+00
    outer loop
      vertex   -2.595488e+01 -5.074785e+01 3.561000e+01
      vertex   -2.900039e+01 -4.907114e+01 -1.839000e+01
      vertex   -2.595488e+01 -5.074785e+01 -1.839000e+01
    endloop
  endfacet
  facet normal -4.279859e-01 -9.037854e-01 -0.000000e+00
    outer loop
      vertex   -2.595488e+01 -5.074785e+01 3.561000e+01
      vertex   -2.595488e+01 -5.074785e+01 -1.839000e+01
      vertex   -2.281281e+01 -5.223577e+01 3.561000e+01
    endloop
  endfacet
  facet normal -4.279859e-01 -9.037854e-01 -0.000000e+00
    outer loop
      vertex   -2.281281e+01 -5.223577e+01 3.561000e+01
      vertex   -2.595488e+01 -5.074785e+01 -1.839000e+01
      vertex   -2.281281e+01 -5.223577e+01 -1.839000e+01
    endloop
  endfacet
  facet normal -3.720914e-01 -9.281961e-01 -0.000000e+00
    outer loop
      vertex   -2.281281e+01 -5.223577e+01 3.561000e+01
      vertex   -2.281281e+01 -5.223577e+01 -1.839000e+01
      vertex   -1.958588e+01 -5.352937e+01 3.561000e+01
    endloop
  endfacet
  facet normal -3.720914e-01 -9.281961e-01 -0.000000e+00
    outer loop
      vertex   -1.958588e+01 -5.352937e+01 3.561000e+01
      vertex   -2.281281e+01 -5.223577e+01 -1.839000e+01
      vertex   -1.958588e+01 -5.352937e+01 -1.839000e+01
    endloop
  endfacet
  facet normal -3.148128e-01 -9.491538e-01 -0.000000e+00
    outer loop
      vertex   -1.958588e+01 -5.352937e+01 3.561000e+01
      vertex   -1.958588e+01 -5.352937e+01 -1.839000e+01
      vertex   -1.628609e+01 -5.462383e+01 3.561000e+01
    endloop
  endfacet
  facet normal -3.148128e-01 -9.491538e-01 -0.000000e+00
    outer loop
      vertex   -1.628609e+01 -5.462383e+01 3.561000e+01
      vertex   -1.958588e+01 -5.352937e+01 -1.839000e+01
      vertex   -1.628609e+01 -5.462383e+01 -1.839000e+01
    endloop
  endfacet
  facet normal -2.563631e-01 -9.665806e-01 -0.000000e+00
    outer loop
      vertex   -1.628609e+01 -5.462383e+01 3.561000e+01
      vertex   -1.628609e+01 -5.462383e+01 -1.839000e+01
      vertex   -1.292571e+01 -5.551510e+01 3.561000e+01
    endloop
  endfacet
  facet normal -2.563631e-01 -9.665806e-01 -0.000000e+00
    outer loop
      vertex   -1.292571e+01 -5.551510e+01 3.561000e+01
      vertex   -1.628609e+01 -5.462383e+01 -1.839000e+01
      vertex   -1.292571e+01 -5.551510e+01 -1.839000e+01
    endloop
  endfacet
  facet normal -1.969596e-01 -9.804116e-01 -0.000000e+00
    outer loop
      vertex   -1.292571e+01 -5.551510e+01 3.561000e+01
      vertex   -1.292571e+01 -5.551510e+01 -1.839000e+01
      vertex   -9.517246e+00 -5.619984e+01 3.561000e+01
    endloop
  endfacet
  facet normal -1.969596e-01 -9.804116e-01 -0.000000e+00
    outer loop
      vertex   -9.517246e+00 -5.619984e+01 3.561000e+01
      vertex   -1.292571e+01 -5.551510e+01 -1.839000e+01
      vertex   -9.517246e+00 -5.619984e+01 -1.839000e+01
    endloop
  endfacet
  facet normal -1.368235e-01 -9.905954e-01 -0.000000e+00
    outer loop
      vertex   -9.517246e+00 -5.619984e+01 3.561000e+01
      vertex   -9.517246e+00 -5.619984e+01 -1.839000e+01
      vertex   -6.073378e+00 -5.667552e+01 3.561000e+01
    endloop
  endfacet
  facet normal -1.368235e-01 -9.905954e-01 -0.000000e+00
    outer loop
      vertex   -6.073378e+00 -5.667552e+01 3.561000e+01
      vertex   -9.517246e+00 -5.619984e+01 -1.839000e+01
      vertex   -6.073378e+00 -5.667552e+01 -1.839000e+01
    endloop
  endfacet
  facet normal -7.617838e-02 -9.970942e-01 -0.000000e+00
    outer loop
      vertex   -6.073378e+00 -5.667552e+01 3.561000e+01
      vertex   -6.073378e+00 -5.667552e+01 -1.839000e+01
      vertex   -2.606917e+00 -5.694035e+01 3.561000e+01
    endloop
  endfacet
  facet normal -7.617838e-02 -9.970942e-01 -0.000000e+00
    outer loop
      vertex   -2.606917e+00 -5.694035e+01 3.561000e+01
      vertex   -6.073378e+00 -5.667552e+01 -1.839000e+01
      vertex   -2.606917e+00 -5.694035e+01 -1.839000e+01
    endloop
  endfacet
  facet normal -1.524986e-02 -9.998837e-01 -0.000000e+00
    outer loop
      vertex   -2.606917e+00 -5.694035e+01 3.561000e+01
      vertex   -2.606917e+00 -5.694035e+01 -1.839000e+01
      vertex   8.692419e-01 -5.699337e+01 3.561000e+01
    endloop
  endfacet
  facet normal -1.524986e-02 -9.998837e-01 -0.000000e+00
    outer loop
      vertex   8.692419e-01 -5.699337e+01 3.561000e+01
      vertex   -2.606917e+00 -5.694035e+01 -1.839000e+01
      vertex   8.692419e-01 -5.699337e+01 -1.839000e+01
    endloop
  endfacet
  facet normal 4.573539e-02 -9.989536e-01 0.000000e+00
    outer loop
      vertex   8.692419e-01 -5.699337e+01 3.561000e+01
      vertex   8.692419e-01 -5.699337e+01 -1.839000e+01
      vertex   4.342167e+00 -5.683437e+01 3.561000e+01
    endloop
  endfacet
  facet normal 4.573539e-02 -9.989536e-01 0.000000e+00
    outer loop
      vertex   4.342167e+00 -5.683437e+01 3.561000e+01
      vertex   8.692419e-01 -5.699337e+01 -1.839000e+01
      vertex   4.342167e+00 -5.683437e+01 -1.839000e+01
    endloop
  endfacet
  facet normal 1.065505e-01 -9.943073e-01 0.000000e+00
    outer loop
      vertex   4.342167e+00 -5.683437e+01 3.561000e+01
      vertex   4.342167e+00 -5.683437e+01 -1.839000e+01
      vertex   7.798940e+00 -5.646394e+01 3.561000e+01
    endloop
  endfacet
  facet normal 1.065505e-01 -9.943073e-01 0.000000e+00
    outer loop
      vertex   7.798940e+00 -5.646394e+01 3.561000e+01
      vertex   4.342167e+00 -5.683437e+01 -1.839000e+01
      vertex   7.798940e+00 -5.646394e+01 -1.839000e+01
    endloop
  endfacet
  facet normal 1.669692e-01 -9.859621e-01 0.000000e+00
    outer loop
      vertex   7.798940e+00 -5.646394e+01 3.561000e+01
      vertex   7.798940e+00 -5.646394e+01 -1.839000e+01
      vertex   1.122670e+01 -5.588346e+01 3.561000e+01
    endloop
  endfacet
  facet normal 1.669692e-01 -9.859621e-01 0.000000e+00
    outer loop
      vertex   1.122670e+01 -5.588346e+01 3.561000e+01
      vertex   7.798940e+00 -5.646394e+01 -1.839000e+01
      vertex   1.122670e+01 -5.588346e+01 -1.839000e+01
    endloop
  endfacet
  facet normal 2.267668e-01 -9.739491e-01 0.000000e+00
    outer loop
      vertex   1.122670e+01 -5.588346e+01 3.561000e+01
      vertex   1.122670e+01 -5.588346e+01 -1.839000e+01
      vertex   1.461270e+01 -5.509509e+01 3.561000e+01
    endloop
  endfacet
  facet normal 2.267668e-01 -9.739491e-01 0.000000e+00
    outer loop
      vertex   1.461270e+01 -5.509509e+01 3.561000e+01
      vertex   1.122670e+01 -5.588346e+01 -1.839000e+01
      vertex   1.461270e+01 -5.509509e+01 -1.839000e+01
    endloop
  endfacet
  facet normal 2.857208e-01 -9.583129e-01 0.000000e+00
    outer loop
      vertex   1.461270e+01 -5.509509e+01 3.561000e+01
      vertex   1.461270e+01 -5.509509e+01 -1.839000e+01
      vertex   1.794433e+01 -5.410177e+01 3.561000e+01
    endloop
  endfacet
  facet normal 2.857208e-01 -9.583129e-01 0.000000e+00
    outer loop
      vertex   1.794433e+01 -5.410177e+01 3.561000e+01
      vertex   1.461270e+01 -5.509509e+01 -1.839000e+01
      vertex   1.794433e+01 -5.410177e+01 -1.839000e+01
    endloop
  endfacet
  facet normal 3.436120e-01 -9.391117e-01 0.000000e+00
    outer loop
      vertex   1.794433e+01 -5.410177e+01 3.561000e+01
      vertex   1.794433e+01 -5.410177e+01 -1.839000e+01
      vertex   2.120921e+01 -5.290718e+01 3.561000e+01
    endloop
  endfacet
  facet normal 3.436120e-01 -9.391117e-01 0.000000e+00
    outer loop
      vertex   2.120921e+01 -5.290718e+01 3.561000e+01
      vertex   1.794433e+01 -5.410177e+01 -1.839000e+01
      vertex   2.120921e+01 -5.290718e+01 -1.839000e+01
    endloop
  endfacet
  facet normal 4.002248e-01 -9.164170e-01 0.000000e+00
    outer loop
      vertex   2.120921e+01 -5.290718e+01 3.561000e+01
      vertex   2.120921e+01 -5.290718e+01 -1.839000e+01
      vertex   2.439519e+01 -5.151577e+01 3.561000e+01
    endloop
  endfacet
  facet normal 4.002248e-01 -9.164170e-01 0.000000e+00
    outer loop
      vertex   2.439519e+01 -5.151577e+01 3.561000e+01
      vertex   2.120921e+01 -5.290718e+01 -1.839000e+01
      vertex   2.439519e+01 -5.151577e+01 -1.839000e+01
    endloop
  endfacet
  facet normal 4.553488e-01 -8.903131e-01 0.000000e+00
    outer loop
      vertex   2.439519e+01 -5.151577e+01 3.561000e+01
      vertex   2.439519e+01 -5.151577e+01 -1.839000e+01
      vertex   2.749042e+01 -4.993272e+01 3.561000e+01
    endloop
  endfacet
  facet normal 4.553488e-01 -8.903131e-01 0.000000e+00
    outer loop
      vertex   2.749042e+01 -4.993272e+01 3.561000e+01
      vertex   2.439519e+01 -5.151577e+01 -1.839000e+01
      vertex   2.749042e+01 -4.993272e+01 -1.839000e+01
    endloop
  endfacet
  facet normal 5.087789e-01 -8.608972e-01 0.000000e+00
    outer loop
      vertex   2.749042e+01 -4.993272e+01 3.561000e+01
      vertex   2.749042e+01 -4.993272e+01 -1.839000e+01
      vertex   3.048339e+01 -4.816392e+01 3.561000e+01
    endloop
  endfacet
  facet normal 5.087789e-01 -8.608972e-01 0.000000e+00
    outer loop
      vertex   3.048339e+01 -4.816392e+01 3.561000e+01
      vertex   2.749042e+01 -4.993272e+01 -1.839000e+01
      vertex   3.048339e+01 -4.816392e+01 -1.839000e+01
    endloop
  endfacet
  facet normal 5.603162e-01 -8.282788e-01 0.000000e+00
    outer loop
      vertex   3.048339e+01 -4.816392e+01 3.561000e+01
      vertex   3.048339e+01 -4.816392e+01 -1.839000e+01
      vertex   3.336295e+01 -4.621594e+01 3.561000e+01
    endloop
  endfacet
  facet normal 5.603162e-01 -8.282788e-01 0.000000e+00
    outer loop
      vertex   3.336295e+01 -4.621594e+01 3.561000e+01
      vertex   3.048339e+01 -4.816392e+01 -1.839000e+01
      vertex   3.336295e+01 -4.621594e+01 -1.839000e+01
    endloop
  endfacet
  facet normal 6.097692e-01 -7.925790e-01 0.000000e+00
    outer loop
      vertex   3.336295e+01 -4.621594e+01 3.561000e+01
      vertex   3.336295e+01 -4.621594e+01 -1.839000e+01
      vertex   3.611840e+01 -4.409604e+01 3.561000e+01
    endloop
  endfacet
  facet normal 6.097692e-01 -7.925790e-01 0.000000e+00
    outer loop
      vertex   3.611840e+01 -4.409604e+01 3.561000e+01
      vertex   3.336295e+01 -4.621594e+01 -1.839000e+01
      vertex   3.611840e+01 -4.409604e+01 -1.839000e+01
    endloop
  endfacet
  facet normal 6.569538e-01 -7.539309e-01 0.000000e+00
    outer loop
      vertex   3.611840e+01 -4.409604e+01 3.561000e+01
      vertex   3.611840e+01 -4.409604e+01 -1.839000e+01
      vertex   3.873949e+01 -4.181210e+01 3.561000e+01
    endloop
  endfacet
  facet normal 6.569538e-01 -7.539309e-01 0.000000e+00
    outer loop
      vertex   3.873949e+01 -4.181210e+01 3.561000e+01
      vertex   3.611840e+01 -4.409604e+01 -1.839000e+01
      vertex   3.873949e+01 -4.181210e+01 -1.839000e+01
    endloop
  endfacet
  facet normal 7.016944e-01 -7.124780e-01 0.000000e+00
    outer loop
      vertex   3.873949e+01 -4.181210e+01 3.561000e+01
      vertex   3.873949e+01 -4.181210e+01 -1.839000e+01
      vertex   4.121647e+01 -3.937262e+01 3.561000e+01
    endloop
  endfacet
  facet normal 7.016944e-01 -7.124780e-01 0.000000e+00
    outer loop
      vertex   4.121647e+01 -3.937262e+01 3.561000e+01
      vertex   3.873949e+01 -4.181210e+01 -1.839000e+01
      vertex   4.121647e+01 -3.937262e+01 -1.839000e+01
    endloop
  endfacet
  facet normal 7.438247e-01 -6.683747e-01 0.000000e+00
    outer loop
      vertex   4.121647e+01 -3.937262e+01 3.561000e+01
      vertex   4.121647e+01 -3.937262e+01 -1.839000e+01
      vertex   4.354011e+01 -3.678666e+01 3.561000e+01
    endloop
  endfacet
  facet normal 7.438247e-01 -6.683747e-01 0.000000e+00
    outer loop
      vertex   4.354011e+01 -3.678666e+01 3.561000e+01
      vertex   4.121647e+01 -3.937262e+01 -1.839000e+01
      vertex   4.354011e+01 -3.678666e+01 -1.839000e+01
    endloop
  endfacet
  facet normal 7.831880e-01 -6.217850e-01 0.000000e+00
    outer loop
      vertex   4.354011e+01 -3.678666e+01 3.561000e+01
      vertex   4.354011e+01 -3.678666e+01 -1.839000e+01
      vertex   4.570179e+01 -3.406386e+01 3.561000e+01
    endloop
  endfacet
  facet normal 7.831880e-01 -6.217850e-01 0.000000e+00
    outer loop
      vertex   4.570179e+01 -3.406386e+01 3.561000e+01
      vertex   4.354011e+01 -3.678666e+01 -1.839000e+01
      vertex   4.570179e+01 -3.406386e+01 -1.839000e+01
    endloop
  endfacet
  facet normal 8.196377e-01 -5.728822e-01 0.000000e+00
    outer loop
      vertex   4.570179e+01 -3.406386e+01 3.561000e+01
      vertex   4.570179e+01 -3.406386e+01 -1.839000e+01
      vertex   4.769345e+01 -3.121434e+01 3.561000e+01
    endloop
  endfacet
  facet normal 8.196377e-01 -5.728822e-01 0.000000e+00
    outer loop
      vertex   4.769345e+01 -3.121434e+01 3.561000e+01
      vertex   4.570179e+01 -3.406386e+01 -1.839000e+01
      vertex   4.769345e+01 -3.121434e+01 -1.839000e+01
    endloop
  endfacet
  facet normal 8.530383e-01 -5.218483e-01 0.000000e+00
    outer loop
      vertex   4.769345e+01 -3.121434e+01 3.561000e+01
      vertex   4.769345e+01 -3.121434e+01 -1.839000e+01
      vertex   4.950769e+01 -2.824869e+01 3.561000e+01
    endloop
  endfacet
  facet normal 8.530383e-01 -5.218483e-01 0.000000e+00
    outer loop
      vertex   4.950769e+01 -2.824869e+01 3.561000e+01
      vertex   4.769345e+01 -3.121434e+01 -1.839000e+01
      vertex   4.950769e+01 -2.824869e+01 -1.839000e+01
    endloop
  endfacet
  facet normal 8.832656e-01 -4.688730e-01 0.000000e+00
    outer loop
      vertex   4.950769e+01 -2.824869e+01 3.561000e+01
      vertex   4.950769e+01 -2.824869e+01 -1.839000e+01
      vertex   5.113776e+01 -2.517797e+01 3.561000e+01
    endloop
  endfacet
  facet normal 8.832656e-01 -4.688730e-01 0.000000e+00
    outer loop
      vertex   5.113776e+01 -2.517797e+01 3.561000e+01
      vertex   4.950769e+01 -2.824869e+01 -1.839000e+01
      vertex   5.113776e+01 -2.517797e+01 -1.839000e+01
    endloop
  endfacet
  facet normal 9.102071e-01 -4.141535e-01 0.000000e+00
    outer loop
      vertex   5.113776e+01 -2.517797e+01 3.561000e+01
      vertex   5.113776e+01 -2.517797e+01 -1.839000e+01
      vertex   5.257759e+01 -2.201357e+01 3.561000e+01
    endloop
  endfacet
  facet normal 9.102071e-01 -4.141535e-01 0.000000e+00
    outer loop
      vertex   5.257759e+01 -2.201357e+01 3.561000e+01
      vertex   5.113776e+01 -2.517797e+01 -1.839000e+01
      vertex   5.257759e+01 -2.201357e+01 -1.839000e+01
    endloop
  endfacet
  facet normal 9.337625e-01 -3.578933e-01 0.000000e+00
    outer loop
      vertex   5.257759e+01 -2.201357e+01 3.561000e+01
      vertex   5.257759e+01 -2.201357e+01 -1.839000e+01
      vertex   5.382183e+01 -1.876729e+01 3.561000e+01
    endloop
  endfacet
  facet normal 9.337625e-01 -3.578933e-01 0.000000e+00
    outer loop
      vertex   5.382183e+01 -1.876729e+01 3.561000e+01
      vertex   5.257759e+01 -2.201357e+01 -1.839000e+01
      vertex   5.382183e+01 -1.876729e+01 -1.839000e+01
    endloop
  endfacet
  facet normal 9.538443e-01 -3.003018e-01 0.000000e+00
    outer loop
      vertex   5.382183e+01 -1.876729e+01 3.561000e+01
      vertex   5.382183e+01 -1.876729e+01 -1.839000e+01
      vertex   5.486584e+01 -1.545119e+01 3.561000e+01
    endloop
  endfacet
  facet normal 9.538443e-01 -3.003018e-01 0.000000e+00
    outer loop
      vertex   5.486584e+01 -1.545119e+01 3.561000e+01
      vertex   5.382183e+01 -1.876729e+01 -1.839000e+01
      vertex   5.486584e+01 -1.545119e+01 -1.839000e+01
    endloop
  endfacet
  facet normal 9.703777e-01 -2.415930e-01 0.000000e+00
    outer loop
      vertex   5.486584e+01 -1.545119e+01 3.561000e+01
      vertex   5.486584e+01 -1.545119e+01 -1.839000e+01
      vertex   5.570576e+01 -1.207761e+01 3.561000e+01
    endloop
  endfacet
  facet normal 9.703777e-01 -2.415930e-01 0.000000e+00
    outer loop
      vertex   5.570576e+01 -1.207761e+01 3.561000e+01
      vertex   5.486584e+01 -1.545119e+01 -1.839000e+01
      vertex   5.570576e+01 -1.207761e+01 -1.839000e+01
    endloop
  endfacet
  facet normal 9.833012e-01 -1.819856e-01 0.000000e+00
    outer loop
      vertex   5.570576e+01 -1.207761e+01 3.561000e+01
      vertex   5.570576e+01 -1.207761e+01 -1.839000e+01
      vertex   5.633844e+01 -8.659100e+00 3.561000e+01
    endloop
  endfacet
  facet normal 9.833012e-01 -1.819856e-01 0.000000e+00
    outer loop
      vertex   5.633844e+01 -8.659100e+00 3.561000e+01
      vertex   5.570576e+01 -1.207761e+01 -1.839000e+01
      vertex   5.633844e+01 -8.659100e+00 -1.839000e+01
    endloop
  endfacet
  facet normal 9.925668e-01 -1.217012e-01 0.000000e+00
    outer loop
      vertex   5.633844e+01 -8.659100e+00 3.561000e+01
      vertex   5.633844e+01 -8.659100e+00 -1.839000e+01
      vertex   5.676154e+01 -5.208379e+00 3.561000e+01
    endloop
  endfacet
  facet normal 9.925668e-01 -1.217012e-01 0.000000e+00
    outer loop
      vertex   5.676154e+01 -5.208379e+00 3.561000e+01
      vertex   5.633844e+01 -8.659100e+00 -1.839000e+01
      vertex   5.676154e+01 -5.208379e+00 -1.839000e+01
    endloop
  endfacet
  facet normal 9.981400e-01 -6.096397e-02 0.000000e+00
    outer loop
      vertex   5.676154e+01 -5.208379e+00 3.561000e+01
      vertex   5.676154e+01 -5.208379e+00 -1.839000e+01
      vertex   5.697349e+01 -1.738282e+00 3.561000e+01
    endloop
  endfacet
  facet normal 9.981400e-01 -6.096397e-02 0.000000e+00
    outer loop
      vertex   5.697349e+01 -1.738282e+00 3.561000e+01
      vertex   5.676154e+01 -5.208379e+00 -1.839000e+01
      vertex   5.697349e+01 -1.738282e+00 -1.839000e+01
    endloop
  endfacet
  facet normal 1.000000e+00 -0.000000e+00 0.000000e+00
    outer loop
      vertex   5.697349e+01 -1.738282e+00 3.561000e+01
      vertex   5.697349e+01 -1.738282e+00 -1.839000e+01
      vertex   5.697349e+01 1.738282e+00 3.561000e+01
    endloop
  endfacet
  facet normal 1.000000e+00 0.000000e+00 0.000000e+00
    outer loop
      vertex   5.697349e+01 1.738282e+00 3.561000e+01
      vertex   5.697349e+01 -1.738282e+00 -1.839000e+01
      vertex   5.697349e+01 1.738282e+00 -1.839000e+01
    endloop
  endfacet
  facet normal 9.981400e-01 6.096397e-02 0.000000e+00
    outer loop
      vertex   5.697349e+01 1.738282e+00 3.561000e+01
      vertex   5.697349e+01 1.738282e+00 -1.839000e+01
      vertex   5.676154e+01 5.208379e+00 3.561000e+01
    endloop
  endfacet
  facet normal 9.981400e-01 6.096397e-02 0.000000e+00
    outer loop
      vertex   5.676154e+01 5.208379e+00 3.561000e+01
      vertex   5.697349e+01 1.738282e+00 -1.839000e+01
      vertex   5.676154e+01 5.208379e+00 -1.839000e+01
    endloop
  endfacet
  facet normal 9.925668e-01 1.217012e-01 0.000000e+00
    outer loop
      vertex   5.676154e+01 5.208379e+00 3.561000e+01
      vertex   5.676154e+01 5.208379e+00 -1.839000e+01
      vertex   5.633844e+01 8.659100e+00 3.561000e+01
    endloop
  endfacet
  facet normal 9.925668e-01 1.217012e-01 0.000000e+00
    outer loop
      vertex   5.633844e+01 8.659100e+00 3.561000e+01
      vertex   5.676154e+01 5.208379e+00 -1.839000e+01
      vertex   5.633844e+01 8.659100e+00 -1.839000e+01
    endloop
  endfacet
  facet normal 9.833012e-01 1.819856e-01 0.000000e+00
    outer loop
      vertex   5.633844e+01 8.659100e+00 3.561000e+01
      vertex   5.633844e+01 8.659100e+00 -1.839000e+01
      vertex   5.570576e+01 1.207761e+01 3.561000e+01
    endloop
  endfacet
  facet normal 9.833012e-01 1.819856e-01 0.000000e+00
    outer loop
      vertex   5.570576e+01 1.207761e+01 3.561000e+01
      vertex   5.633844e+01 8.659100e+00 -1.839000e+01
      vertex   5.570576e+01 1.207761e+01 -1.839000e+01
    endloop
  endfacet
  facet normal 9.703777e-01 2.415930e-01 0.000000e+00
    outer loop
      vertex   5.570576e+01 1.207761e+01 3.561000e+01
      vertex   5.570576e+01 1.207761e+01 -1.839000e+01
      vertex   5.486584e+01 1.545119e+01 3.561000e+01
    endloop
  endfacet
  facet normal 9.703777e-01 2.415930e-01 0.000000e+00
    outer loop
      vertex   5.486584e+01 1.545119e+01 3.561000e+01
      vertex   5.570576e+01 1.207761e+01 -1.839000e+01
      vertex   5.486584e+01 1.545119e+01 -1.839000e+01
    endloop
  endfacet
  facet normal 9.538443e-01 3.003018e-01 0.000000e+00
    outer loop
      vertex   5.486584e+01 1.545119e+01 3.561000e+01
      vertex   5.486584e+01 1.545119e+01 -1.839000e+01
      vertex   5.382183e+01 1.876729e+01 3.561000e+01
    endloop
  endfacet
  facet normal 9.538443e-01 3.003018e-01 0.000000e+00
    outer loop
      vertex   5.382183e+01 1.876729e+01 3.561000e+01
      vertex   5.486584e+01 1.545119e+01 -1.839000e+01
      vertex   5.382183e+01 1.876729e+01 -1.839000e+01
    endloop
  endfacet
  facet normal 9.337625e-01 3.578933e-01 0.000000e+00
    outer loop
      vertex   5.382183e+01 1.876729e+01 3.561000e+01
      vertex   5.382183e+01 1.876729e+01 -1.839000e+01
      vertex   5.257759e+01 2.201357e+01 3.561000e+01
    endloop
  endfacet
  facet normal 9.337625e-01 3.578933e-01 0.000000e+00
    outer loop
      vertex   5.257759e+01 2.201357e+01 3.561000e+01
      vertex   5.382183e+01 1.876729e+01 -1.839000e+01
      vertex   5.257759e+01 2.201357e+01 -1.839000e+01
    endloop
  endfacet
  facet normal 9.102071e-01 4.141535e-01 0.000000e+00
    outer loop
      vertex   5.257759e+01 2.201357e+01 3.561000e+01
      vertex   5.257759e+01 2.201357e+01 -1.839000e+01
      vertex   5.113776e+01 2.517797e+01 3.561000e+01
    endloop
  endfacet
  facet normal 9.102071e-01 4.141535e-01 0.000000e+00
    outer loop
      vertex   5.113776e+01 2.517797e+01 3.561000e+01
      vertex   5.257759e+01 2.201357e+01 -1.839000e+01
      vertex   5.113776e+01 2.517797e+01 -1.839000e+01
    endloop
  endfacet
  facet normal 8.832656e-01 4.688730e-01 0.000000e+00
    outer loop
      vertex   5.113776e+01 2.517797e+01 3.561000e+01
      vertex   5.113776e+01 2.517797e+01 -1.839000e+01
      vertex   4.950769e+01 2.824869e+01 3.561000e+01
    endloop
  endfacet
  facet normal 8.832656e-01 4.688730e-01 0.000000e+00
    outer loop
      vertex   4.950769e+01 2.824869e+01 3.561000e+01
      vertex   5.113776e+01 2.517797e+01 -1.839000e+01
      vertex   4.950769e+01 2.824869e+01 -1.839000e+01
    endloop
  endfacet
  facet normal 8.530383e-01 5.218483e-01 0.000000e+00
    outer loop
      vertex   4.950769e+01 2.824869e+01 3.561000e+01
      vertex   4.950769e+01 2.824869e+01 -1.839000e+01
      vertex   4.769345e+01 3.121434e+01 3.561000e+01
    endloop
  endfacet
  facet normal 8.530383e-01 5.218483e-01 0.000000e+00
    outer loop
      vertex   4.769345e+01 3.121434e+01 3.561000e+01
      vertex   4.950769e+01 2.824869e+01 -1.839000e+01
      vertex   4.769345e+01 3.121434e+01 -1.839000e+01
    endloop
  endfacet
  facet normal 8.196377e-01 5.728822e-01 0.000000e+00
    outer loop
      vertex   4.769345e+01 3.121434e+01 3.561000e+01
      vertex   4.769345e+01 3.121434e+01 -1.839000e+01
      vertex   4.570179e+01 3.406386e+01 3.561000e+01
    endloop
  endfacet
  facet normal 8.196377e-01 5.728822e-01 0.000000e+00
    outer loop
      vertex   4.570179e+01 3.406386e+01 3.561000e+01
      vertex   4.769345e+01 3.121434e+01 -1.839000e+01
      vertex   4.570179e+01 3.406386e+01 -1.839000e+01
    endloop
  endfacet
  facet normal 7.831880e-01 6.217850e-01 0.000000e+00
    outer loop
      vertex   4.570179e+01 3.406386e+01 3.561000e+01
      vertex   4.570179e+01 3.406386e+01 -1.839000e+01
      vertex   4.354011e+01 3.678666e+01 3.561000e+01
    endloop
  endfacet
  facet normal 7.831880e-01 6.217850e-01 0.000000e+00
    outer loop
      vertex   4.354011e+01 3.678666e+01 3.561000e+01
      vertex   4.570179e+01 3.406386e+01 -1.839000e+01
      vertex   4.354011e+01 3.678666e+01 -1.839000e+01
    endloop
  endfacet
  facet normal 7.438247e-01 6.683747e-01 0.000000e+00
    outer loop
      vertex   4.354011e+01 3.678666e+01 3.561000e+01
      vertex   4.354011e+01 3.678666e+01 -1.839000e+01
      vertex   4.121647e+01 3.937262e+01 3.561000e+01
    endloop
  endfacet
  facet normal 7.438247e-01 6.683747e-01 0.000000e+00
    outer loop
      vertex   4.121647e+01 3.937262e+01 3.561000e+01
      vertex   4.354011e+01 3.678666e+01 -1.839000e+01
      vertex   4.121647e+01 3.937262e+01 -1.839000e+01
    endloop
  endfacet
  facet normal 7.016944e-01 7.124780e-01 0.000000e+00
    outer loop
      vertex   4.121647e+01 3.937262e+01 3.561000e+01
      vertex   4.121647e+01 3.937262e+01 -1.839000e+01
      vertex   3.873949e+01 4.181210e+01 3.561000e+01
    endloop
  endfacet
  facet normal 7.016944e-01 7.124780e-01 0.000000e+00
    outer loop
      vertex   3.873949e+01 4.181210e+01 3.561000e+01
      vertex   4.121647e+01 3.937262e+01 -1.839000e+01
      vertex   3.873949e+01 4.181210e+01 -1.839000e+01
    endloop
  endfacet
  facet normal 6.569538e-01 7.539309e-01 0.000000e+00
    outer loop
      vertex   3.873949e+01 4.181210e+01 3.561000e+01
      vertex   3.873949e+01 4.181210e+01 -1.839000e+01
      vertex   3.611840e+01 4.409604e+01 3.561000e+01
    endloop
  endfacet
  facet normal 6.569538e-01 7.539309e-01 0.000000e+00
    outer loop
      vertex   3.611840e+01 4.409604e+01 3.561000e+01
      vertex   3.873949e+01 4.181210e+01 -1.839000e+01
      vertex   3.611840e+01 4.409604e+01 -1.839000e+01
    endloop
  endfacet
  facet normal 6.097692e-01 7.925790e-01 0.000000e+00
    outer loop
      vertex   3.611840e+01 4.409604e+01 3.561000e+01
      vertex   3.611840e+01 4.409604e+01 -1.839000e+01
      vertex   3.336295e+01 4.621594e+01 3.561000e+01
    endloop
  endfacet
  facet normal 6.097692e-01 7.925790e-01 0.000000e+00
    outer loop
      vertex   3.336295e+01 4.621594e+01 3.561000e+01
      vertex   3.611840e+01 4.409604e+01 -1.839000e+01
      vertex   3.336295e+01 4.621594e+01 -1.839000e+01
    endloop
  endfacet
  facet normal 5.603162e-01 8.282788e-01 0.000000e+00
    outer loop
      vertex   3.336295e+01 4.621594e+01 3.561000e+01
      vertex   3.336295e+01 4.621594e+01 -1.839000e+01
      vertex   3.048339e+01 4.816392e+01 3.561000e+01
    endloop
  endfacet
  facet normal 5.603162e-01 8.282788e-01 0.000000e+00
    outer loop
      vertex   3.048339e+01 4.816392e+01 3.561000e+01
      vertex   3.336295e+01 4.621594e+01 -1.839000e+01
      vertex   3.048339e+01 4.816392e+01 -1.839000e+01
    endloop
  endfacet
  facet normal 5.087789e-01 8.608972e-01 0.000000e+00
    outer loop
      vertex   3.048339e+01 4.816392e+01 3.561000e+01
      vertex   3.048339e+01 4.816392e+01 -1.839000e+01
      vertex   2.749042e+01 4.993272e+01 3.561000e+01
    endloop
  endfacet
  facet normal 5.087789e-01 8.608972e-01 0.000000e+00
    outer loop
      vertex   2.749042e+01 4.993272e+01 3.561000e+01
      vertex   3.048339e+01 4.816392e+01 -1.839000e+01
      vertex   2.749042e+01 4.993272e+01 -1.839000e+01
    endloop
  endfacet
  facet normal 4.553488e-01 8.903131e-01 0.000000e+00
    outer loop
      vertex   2.749042e+01 4.993272e+01 3.561000e+01
      vertex   2.749042e+01 4.993272e+01 -1.839000e+01
      vertex   2.439519e+01 5.151577e+01 3.561000e+01
    endloop
  endfacet
  facet normal 4.553488e-01 8.903131e-01 0.000000e+00
    outer loop
      vertex   2.439519e+01 5.151577e+01 3.561000e+01
      vertex   2.749042e+01 4.993272e+01 -1.839000e+01
      vertex   2.439519e+01 5.151577e+01 -1.839000e+01
    endloop
  endfacet
  facet normal 4.002248e-01 9.164170e-01 0.000000e+00
    outer loop
      vertex   2.439519e+01 5.151577e+01 3.561000e+01
      vertex   2.439519e+01 5.151577e+01 -1.839000e+01
      vertex   2.120921e+01 5.290718e+01 3.561000e+01
    endloop
  endfacet
  facet normal 4.002248e-01 9.164170e-01 0.000000e+00
    outer loop
      vertex   2.120921e+01 5.290718e+01 3.561000e+01
      vertex   2.439519e+01 5.151577e+01 -1.839000e+01
      vertex   2.120921e+01 5.290718e+01 -1.839000e+01
    endloop
  endfacet
  facet normal 3.436120e-01 9.391117e-01 0.000000e+00
    outer loop
      vertex   2.120921e+01 5.290718e+01 3.561000e+01
      vertex   2.120921e+01 5.290718e+01 -1.839000e+01
      vertex   1.794433e+01 5.410177e+01 3.561000e+01
    endloop
  endfacet
  facet normal 3.436120e-01 9.391117e-01 0.000000e+00
    outer loop
      vertex   1.794433e+01 5.410177e+01 3.561000e+01
      vertex   2.120921e+01 5.290718e+01 -1.839000e+01
      vertex   1.794433e+01 5.410177e+01 -1.839000e+01
    endloop
  endfacet
  facet normal 2.857208e-01 9.583129e-01 0.000000e+00
    outer loop
      vertex   1.794433e+01 5.410177e+01 3.561000e+01
      vertex   1.794433e+01 5.410177e+01 -1.839000e+01
      vertex   1.461270e+01 5.509509e+01 3.561000e+01
    endloop
  endfacet
  facet normal 2.857208e-01 9.583129e-01 0.000000e+00
    outer loop
      vertex   1.461270e+01 5.509509e+01 3.561000e+01
      vertex   1.794433e+01 5.410177e+01 -1.839000e+01
      vertex   1.461270e+01 5.509509e+01 -1.839000e+01
    endloop
  endfacet
  facet normal 2.267668e-01 9.739491e-01 0.000000e+00
    outer loop
      vertex   1.461270e+01 5.509509e+01 3.561000e+01
      vertex   1.461270e+01 5.509509e+01 -1.839000e+01
      vertex   1.122670e+01 5.588346e+01 3.561000e+01
    endloop
  endfacet
  facet normal 2.267668e-01 9.739491e-01 0.000000e+00
    outer loop
      vertex   1.122670e+01 5.588346e+01 3.561000e+01
      vertex   1.461270e+01 5.509509e+01 -1.839000e+01
      vertex   1.122670e+01 5.588346e+01 -1.839000e+01
    endloop
  endfacet
  facet normal 1.669692e-01 9.859621e-01 0.000000e+00
    outer loop
      vertex   1.122670e+01 5.588346e+01 3.561000e+01
      vertex   1.122670e+01 5.588346e+01 -1.839000e+01
      vertex   7.798940e+00 5.646394e+01 3.561000e+01
    endloop
  endfacet
  facet normal 1.669692e-01 9.859621e-01 0.000000e+00
    outer loop
      vertex   7.798940e+00 5.646394e+01 3.561000e+01
      vertex   1.122670e+01 5.588346e+01 -1.839000e+01
      vertex   7.798940e+00 5.646394e+01 -1.839000e+01
    endloop
  endfacet
  facet normal 1.065505e-01 9.943073e-01 0.000000e+00
    outer loop
      vertex   7.798940e+00 5.646394e+01 3.561000e+01
      vertex   7.798940e+00 5.646394e+01 -1.839000e+01
      vertex   4.342167e+00 5.683437e+01 3.561000e+01
    endloop
  endfacet
  facet normal 1.065505e-01 9.943073e-01 0.000000e+00
    outer loop
      vertex   4.342167e+00 5.683437e+01 3.561000e+01
      vertex   7.798940e+00 5.646394e+01 -1.839000e+01
      vertex   4.342167e+00 5.683437e+01 -1.839000e+01
    endloop
  endfacet
  facet normal 4.573539e-02 9.989536e-01 0.000000e+00
    outer loop
      vertex   4.342167e+00 5.683437e+01 3.561000e+01
      vertex   4.342167e+00 5.683437e+01 -1.839000e+01
      vertex   8.692419e-01 5.699337e+01 3.561000e+01
    endloop
  endfacet
  facet normal 4.573539e-02 9.989536e-01 0.000000e+00
    outer loop
      vertex   8.692419e-01 5.699337e+01 3.561000e+01
      vertex   4.342167e+00 5.683437e+01 -1.839000e+01
      vertex   8.692419e-01 5.699337e+01 -1.839000e+01
    endloop
  endfacet
  facet normal -1.524986e-02 9.998837e-01 0.000000e+00
    outer loop
      vertex   8.692419e-01 5.699337e+01 3.561000e+01
      vertex   8.692419e-01 5.699337e+01 -1.839000e+01
      vertex   -2.606917e+00 5.694035e+01 3.561000e+01
    endloop
  endfacet
  facet normal -1.524986e-02 9.998837e-01 0.000000e+00
    outer loop
      vertex   -2.606917e+00 5.694035e+01 3.561000e+01
      vertex   8.692419e-01 5.699337e+01 -1.839000e+01
      vertex   -2.606917e+00 5.694035e+01 -1.839000e+01
    endloop
  endfacet
  facet normal -7.617838e-02 9.970942e-01 0.000000e+00
    outer loop
      vertex   -2.606917e+00 5.694035e+01 3.561000e+01
      vertex   -2.606917e+00 5.694035e+01 -1.839000e+01
      vertex   -6.073378e+00 5.667552e+01 3.561000e+01
    endloop
  endfacet
  facet normal -7.617838e-02 9.970942e-01 0.000000e+00
    outer loop
      vertex   -6.073378e+00 5.667552e+01 3.561000e+01
      vertex   -2.606917e+00 5.694035e+01 -1.839000e+01
      vertex   -6.073378e+00 5.667552e+01 -1.839000e+01
    endloop
  endfacet
  facet normal -1.368235e-01 9.905954e-01 0.000000e+00
    outer loop
      vertex   -6.073378e+00 5.667552e+01 3.561000e+01
      vertex   -6.073378e+00 5.667552e+01 -1.839000e+01
      vertex   -9.517246e+00 5.619984e+01 3.561000e+01
    endloop
  endfacet
  facet normal -1.368235e-01 9.905954e-01 0.000000e+00
    outer loop
      vertex   -9.517246e+00 5.619984e+01 3.561000e+01
      vertex   -6.073378e+00 5.667552e+01 -1.839000e+01
      vertex   -9.517246e+00 5.619984e+01 -1.839000e+01
    endloop
  endfacet
  facet normal -1.969596e-01 9.804116e-01 0.000000e+00
    outer loop
      vertex   -9.517246e+00 5.619984e+01 3.561000e+01
      vertex   -9.517246e+00 5.619984e+01 -1.839000e+01
      vertex   -1.292571e+01 5.551510e+01 3.561000e+01
    endloop
  endfacet
  facet normal -1.969596e-01 9.804116e-01 0.000000e+00
    outer loop
      vertex   -1.292571e+01 5.551510e+01 3.561000e+01
      vertex   -9.517246e+00 5.619984e+01 -1.839000e+01
      vertex   -1.292571e+01 5.551510e+01 -1.839000e+01
    endloop
  endfacet
  facet normal -2.563631e-01 9.665806e-01 0.000000e+00
    outer loop
      vertex   -1.292571e+01 5.551510e+01 3.561000e+01
      vertex   -1.292571e+01 5.551510e+01 -1.839000e+01
      vertex   -1.628609e+01 5.462383e+01 3.561000e+01
    endloop
  endfacet
  facet normal -2.563631e-01 9.665806e-01 0.000000e+00
    outer loop
      vertex   -1.628609e+01 5.462383e+01 3.561000e+01
      vertex   -1.292571e+01 5.551510e+01 -1.839000e+01
      vertex   -1.628609e+01 5.462383e+01 -1.839000e+01
    endloop
  endfacet
  facet normal -3.148128e-01 9.491538e-01 0.000000e+00
    outer loop
      vertex   -1.628609e+01 5.462383e+01 3.561000e+01
      vertex   -1.628609e+01 5.462383e+01 -1.839000e+01
      vertex   -1.958588e+01 5.352937e+01 3.561000e+01
    endloop
  endfacet
  facet normal -3.148128e-01 9.491538e-01 0.000000e+00
    outer loop
      vertex   -1.958588e+01 5.352937e+01 3.561000e+01
      vertex   -1.628609e+01 5.462383e+01 -1.839000e+01
      vertex   -1.958588e+01 5.352937e+01 -1.839000e+01
    endloop
  endfacet
  facet normal -3.720914e-01 9.281961e-01 0.000000e+00
    outer loop
      vertex   -1.958588e+01 5.352937e+01 3.561000e+01
      vertex   -1.958588e+01 5.352937e+01 -1.839000e+01
      vertex   -2.281281e+01 5.223577e+01 3.561000e+01
    endloop
  endfacet
  facet normal -3.720914e-01 9.281961e-01 0.000000e+00
    outer loop
      vertex   -2.281281e+01 5.223577e+01 3.561000e+01
      vertex   -1.958588e+01 5.352937e+01 -1.839000e+01
      vertex   -2.281281e+01 5.223577e+01 -1.839000e+01
    endloop
  endfacet
  facet normal -4.279859e-01 9.037854e-01 0.000000e+00
    outer loop
      vertex   -2.281281e+01 5.223577e+01 3.561000e+01
      vertex   -2.281281e+01 5.223577e+01 -1.839000e+01
      vertex   -2.595488e+01 5.074785e+01 3.561000e+01
    endloop
  endfacet
  facet normal -4.279859e-01 9.037854e-01 0.000000e+00
    outer loop
      vertex   -2.595488e+01 5.074785e+01 3.561000e+01
      vertex   -2.281281e+01 5.223577e+01 -1.839000e+01
      vertex   -2.595488e+01 5.074785e+01 -1.839000e+01
    endloop
  endfacet
  facet normal -4.822881e-01 8.760126e-01 0.000000e+00
    outer loop
      vertex   -2.595488e+01 5.074785e+01 3.561000e+01
      vertex   -2.595488e+01 5.074785e+01 -1.839000e+01
      vertex   -2.900039e+01 4.907114e+01 3.561000e+01
    endloop
  endfacet
  facet normal -4.822881e-01 8.760126e-01 0.000000e+00
    outer loop
      vertex   -2.900039e+01 4.907114e+01 3.561000e+01
      vertex   -2.595488e+01 5.074785e+01 -1.839000e+01
      vertex   -2.900039e+01 4.907114e+01 -1.839000e+01
    endloop
  endfacet
  facet normal -5.347963e-01 8.449810e-01 0.000000e+00
    outer loop
      vertex   -2.900039e+01 4.907114e+01 3.561000e+01
      vertex   -2.900039e+01 4.907114e+01 -1.839000e+01
      vertex   -3.193803e+01 4.721189e+01 3.561000e+01
    endloop
  endfacet
  facet normal -5.347963e-01 8.449810e-01 0.000000e+00
    outer loop
      vertex   -3.193803e+01 4.721189e+01 3.561000e+01
      vertex   -2.900039e+01 4.907114e+01 -1.839000e+01
      vertex   -3.193803e+01 4.721189e+01 -1.839000e+01
    endloop
  endfacet
  facet normal -5.853149e-01 8.108060e-01 0.000000e+00
    outer loop
      vertex   -3.193803e+01 4.721189e+01 3.561000e+01
      vertex   -3.193803e+01 4.721189e+01 -1.839000e+01
      vertex   -3.475684e+01 4.517701e+01 3.561000e+01
    endloop
  endfacet
  facet normal -5.853149e-01 8.108060e-01 0.000000e+00
    outer loop
      vertex   -3.475684e+01 4.517701e+01 3.561000e+01
      vertex   -3.193803e+01 4.721189e+01 -1.839000e+01
      vertex   -3.475684e+01 4.517701e+01 -1.839000e+01
    endloop
  endfacet
  facet normal -6.336562e-01 7.736148e-01 0.000000e+00
    outer loop
      vertex   -3.475684e+01 4.517701e+01 3.561000e+01
      vertex   -3.475684e+01 4.517701e+01 -1.839000e+01
      vertex   -3.744636e+01 4.297406e+01 3.561000e+01
    endloop
  endfacet
  facet normal -6.336562e-01 7.736148e-01 0.000000e+00
    outer loop
      vertex   -3.744636e+01 4.297406e+01 3.561000e+01
      vertex   -3.475684e+01 4.517701e+01 -1.839000e+01
      vertex   -3.744636e+01 4.297406e+01 -1.839000e+01
    endloop
  endfacet
  facet normal -6.796402e-01 7.335456e-01 0.000000e+00
    outer loop
      vertex   -3.744636e+01 4.297406e+01 3.561000e+01
      vertex   -3.744636e+01 4.297406e+01 -1.839000e+01
      vertex   -3.999658e+01 4.061125e+01 3.561000e+01
    endloop
  endfacet
  facet normal -6.796402e-01 7.335456e-01 0.000000e+00
    outer loop
      vertex   -3.999658e+01 4.061125e+01 3.561000e+01
      vertex   -3.744636e+01 4.297406e+01 -1.839000e+01
      vertex   -3.999658e+01 4.061125e+01 -1.839000e+01
    endloop
  endfacet
  facet normal -7.230959e-01 6.907476e-01 0.000000e+00
    outer loop
      vertex   -3.999658e+01 4.061125e+01 3.561000e+01
      vertex   -3.999658e+01 4.061125e+01 -1.839000e+01
      vertex   -4.239801e+01 3.809736e+01 3.561000e+01
    endloop
  endfacet
  facet normal -7.230959e-01 6.907476e-01 0.000000e+00
    outer loop
      vertex   -4.239801e+01 3.809736e+01 3.561000e+01
      vertex   -3.999658e+01 4.061125e+01 -1.839000e+01
      vertex   -4.239801e+01 3.809736e+01 -1.839000e+01
    endloop
  endfacet
  facet normal -7.638616e-01 6.453800e-01 0.000000e+00
    outer loop
      vertex   -4.239801e+01 3.809736e+01 3.561000e+01
      vertex   -4.239801e+01 3.809736e+01 -1.839000e+01
      vertex   -4.464172e+01 3.544174e+01 3.561000e+01
    endloop
  endfacet
  facet normal -7.638616e-01 6.453800e-01 0.000000e+00
    outer loop
      vertex   -4.464172e+01 3.544174e+01 3.561000e+01
      vertex   -4.239801e+01 3.809736e+01 -1.839000e+01
      vertex   -4.464172e+01 3.544174e+01 -1.839000e+01
    endloop
  endfacet
  facet normal -8.017858e-01 5.976116e-01 0.000000e+00
    outer loop
      vertex   -4.464172e+01 3.544174e+01 3.561000e+01
      vertex   -4.464172e+01 3.544174e+01 -1.839000e+01
      vertex   -4.671935e+01 3.265429e+01 3.561000e+01
    endloop
  endfacet
  facet normal -8.017858e-01 5.976116e-01 0.000000e+00
    outer loop
      vertex   -4.671935e+01 3.265429e+01 3.561000e+01
      vertex   -4.464172e+01 3.544174e+01 -1.839000e+01
      vertex   -4.671935e+01 3.265429e+01 -1.839000e+01
    endloop
  endfacet
  facet normal -8.367272e-01 5.476199e-01 0.000000e+00
    outer loop
      vertex   -4.671935e+01 3.265429e+01 3.561000e+01
      vertex   -4.671935e+01 3.265429e+01 -1.839000e+01
      vertex   -4.862319e+01 2.974535e+01 3.561000e+01
    endloop
  endfacet
  facet normal -8.367272e-01 5.476199e-01 0.000000e+00
    outer loop
      vertex   -4.862319e+01 2.974535e+01 3.561000e+01
      vertex   -4.671935e+01 3.265429e+01 -1.839000e+01
      vertex   -4.862319e+01 2.974535e+01 -1.839000e+01
    endloop
  endfacet
  facet normal -8.685559e-01 4.955911e-01 0.000000e+00
    outer loop
      vertex   -4.862319e+01 2.974535e+01 3.561000e+01
      vertex   -4.862319e+01 2.974535e+01 -1.839000e+01
      vertex   -5.034614e+01 2.672576e+01 3.561000e+01
    endloop
  endfacet
  facet normal -8.685559e-01 4.955911e-01 0.000000e+00
    outer loop
      vertex   -5.034614e+01 2.672576e+01 3.561000e+01
      vertex   -4.862319e+01 2.974535e+01 -1.839000e+01
      vertex   -5.034614e+01 2.672576e+01 -1.839000e+01
    endloop
  endfacet
  facet normal -8.971536e-01 4.417187e-01 0.000000e+00
    outer loop
      vertex   -5.034614e+01 2.672576e+01 3.561000e+01
      vertex   -5.034614e+01 2.672576e+01 -1.839000e+01
      vertex   -5.188180e+01 2.360675e+01 3.561000e+01
    endloop
  endfacet
  facet normal -8.971536e-01 4.417187e-01 0.000000e+00
    outer loop
      vertex   -5.188180e+01 2.360675e+01 3.561000e+01
      vertex   -5.034614e+01 2.672576e+01 -1.839000e+01
      vertex   -5.188180e+01 2.360675e+01 -1.839000e+01
    endloop
  endfacet
  facet normal -9.224138e-01 3.862030e-01 0.000000e+00
    outer loop
      vertex   -5.188180e+01 2.360675e+01 3.561000e+01
      vertex   -5.188180e+01 2.360675e+01 -1.839000e+01
      vertex   -5.322446e+01 2.039992e+01 3.561000e+01
    endloop
  endfacet
  facet normal -9.224138e-01 3.862030e-01 0.000000e+00
    outer loop
      vertex   -5.322446e+01 2.039992e+01 3.561000e+01
      vertex   -5.188180e+01 2.360675e+01 -1.839000e+01
      vertex   -5.322446e+01 2.039992e+01 -1.839000e+01
    endloop
  endfacet
  facet normal -9.442425e-01 3.292507e-01 0.000000e+00
    outer loop
      vertex   -5.322446e+01 2.039992e+01 3.561000e+01
      vertex   -5.322446e+01 2.039992e+01 -1.839000e+01
      vertex   -5.436912e+01 1.711720e+01 3.561000e+01
    endloop
  endfacet
  facet normal -9.442425e-01 3.292507e-01 0.000000e+00
    outer loop
      vertex   -5.436912e+01 1.711720e+01 3.561000e+01
      vertex   -5.322446e+01 2.039992e+01 -1.839000e+01
      vertex   -5.436912e+01 1.711720e+01 -1.839000e+01
    endloop
  endfacet
  facet normal -9.625587e-01 2.710735e-01 0.000000e+00
    outer loop
      vertex   -5.436912e+01 1.711720e+01 3.561000e+01
      vertex   -5.436912e+01 1.711720e+01 -1.839000e+01
      vertex   -5.531153e+01 1.377080e+01 3.561000e+01
    endloop
  endfacet
  facet normal -9.625587e-01 2.710735e-01 0.000000e+00
    outer loop
      vertex   -5.531153e+01 1.377080e+01 3.561000e+01
      vertex   -5.436912e+01 1.711720e+01 -1.839000e+01
      vertex   -5.531153e+01 1.377080e+01 -1.839000e+01
    endloop
  endfacet
  facet normal -9.772940e-01 2.118879e-01 0.000000e+00
    outer loop
      vertex   -5.531153e+01 1.377080e+01 3.561000e+01
      vertex   -5.531153e+01 1.377080e+01 -1.839000e+01
      vertex   -5.604817e+01 1.037318e+01 3.561000e+01
    endloop
  endfacet
  facet normal -9.772940e-01 2.118879e-01 0.000000e+00
    outer loop
      vertex   -5.604817e+01 1.037318e+01 3.561000e+01
      vertex   -5.531153e+01 1.377080e+01 -1.839000e+01
      vertex   -5.604817e+01 1.037318e+01 -1.839000e+01
    endloop
  endfacet
  facet normal -9.883937e-01 1.519140e-01 0.000000e+00
    outer loop
      vertex   -5.604817e+01 1.037318e+01 3.561000e+01
      vertex   -5.604817e+01 1.037318e+01 -1.839000e+01
      vertex   -5.657631e+01 6.936966e+00 3.561000e+01
    endloop
  endfacet
  facet normal -9.883937e-01 1.519140e-01 0.000000e+00
    outer loop
      vertex   -5.657631e+01 6.936966e+00 3.561000e+01
      vertex   -5.604817e+01 1.037318e+01 -1.839000e+01
      vertex   -5.657631e+01 6.936966e+00 -1.839000e+01
    endloop
  endfacet
  facet normal -9.958165e-01 9.137506e-02 0.000000e+00
    outer loop
      vertex   -5.657631e+01 6.936966e+00 3.561000e+01
      vertex   -5.657631e+01 6.936966e+00 -1.839000e+01
      vertex   -5.689398e+01 3.474946e+00 3.561000e+01
    endloop
  endfacet
  facet normal -9.958165e-01 9.137506e-02 0.000000e+00
    outer loop
      vertex   -5.689398e+01 3.474946e+00 3.561000e+01
      vertex   -5.657631e+01 6.936966e+00 -1.839000e+01
      vertex   -5.689398e+01 3.474946e+00 -1.839000e+01
    endloop
  endfacet
  facet normal -0.000000e+00 0.000000e+00 1.000000e+00
    outer loop
      vertex   7.896402e+00 1.283290e+00 3.561000e+01
      vertex   8.000000e+00 -9.797174e-16 3.561000e+01
      vertex   5.697349e+01 1.738282e+00 3.561000e+01
    endloop
  endfacet
  facet normal 0.000000e+00 0.000000e+00 1.000000e+00
    outer loop
      vertex   5.697349e+01 1.738282e+00 3.561000e+01
      vertex   8.000000e+00 -9.797174e-16 3.561000e+01
      vertex   7.896402e+00 -1.283290e+00 3.561000e+01
    endloop
  endfacet
  facet normal 0.000000e+00 0.000000e+00 1.000000e+00
    outer loop
      vertex   5.697349e+01 1.738282e+00 3.561000e+01
      vertex   7.896402e+00 -1.283290e+00 3.561000e+01
      vertex   5.697349e+01 -1.738282e+00 3.561000e+01
    endloop
  endfacet
  facet normal 0.000000e+00 0.000000e+00 1.000000e+00
    outer loop
      vertex   5.697349e+01 -1.738282e+00 3.561000e+01
      vertex   7.896402e+00 -1.283290e+00 3.561000e+01
      vertex   7.588292e+00 -2.533344e+00 3.561000e+01
    endloop
  endfacet
  facet normal 0.000000e+00 0.000000e+00 1.000000e+00
    outer loop
      vertex   5.697349e+01 -1.738282e+00 3.561000e+01
      vertex   7.588292e+00 -2.533344e+00 3.561000e+01
      vertex   7.083648e+00 -3.717785e+00 3.561000e+01
    endloop
  endfacet
  facet normal -0.000000e+00 0.000000e+00 1.000000e+00
    outer loop
      vertex   7.083648e+00 -3.717785e+00 3.561000e+01
      vertex   6.395542e+00 -4.805938e+00 3.561000e+01
      vertex   5.697349e+01 -1.738282e+00 3.561000e+01
    endloop
  endfacet
  facet normal 0.000000e+00 0.000000e+00 1.000000e+00
    outer loop
      vertex   5.697349e+01 -1.738282e+00 3.561000e+01
      vertex   6.395542e+00 -4.805938e+00 3.561000e+01
      vertex   5.676154e+01 -5.208379e+00 3.561000e+01
    endloop
  endfacet
  facet normal 0.000000e+00 0.000000e+00 1.000000e+00
    outer loop
      vertex   5.676154e+01 -5.208379e+00 3.561000e+01
      vertex   6.395542e+00 -4.805938e+00 3.561000e+01
      vertex   5.541795e+00 -5.769620e+00 3.561000e+01
    endloop
  endfacet
  facet normal 0.000000e+00 0.000000e+00 1.000000e+00
    outer loop
      vertex   5.676154e+01 -5.208379e+00 3.561000e+01
      vertex   5.541795e+00 -5.769620e+00 3.561000e+01
      vertex   4.544518e+00 -6.583871e+00 3.561000e+01
    endloop
  endfacet
  facet normal -0.000000e+00 0.000000e+00 1.000000e+00
    outer loop
      vertex   4.544518e+00 -6.583871e+00 3.561000e+01
      vertex   3.429540e+00 -7.227603e+00 3.561000e+01
      vertex   5.676154e+01 -5.208379e+00 3.561000e+01
    endloop
  endfacet
  facet normal 0.000000e+00 0.000000e+00 1.000000e+00
    outer loop
      vertex   5.676154e+01 -5.208379e+00 3.561000e+01
      vertex   3.429540e+00 -7.227603e+00 3.561000e+01
      vertex   2.225740e+00 -7.684145e+00 3.561000e+01
    endloop
  endfacet
  facet normal 0.000000e+00 0.000000e+00 1.000000e+00
    outer loop
      vertex   5.676154e+01 -5.208379e+00 3.561000e+01
      vertex   2.225740e+00 -7.684145e+00 3.561000e+01
      vertex   9.642934e-01 -7.941671e+00 3.561000e+01
    endloop
  endfacet
  facet normal 0.000000e+00 0.000000e+00 1.000000e+00
    outer loop
      vertex   5.676154e+01 -5.208379e+00 3.561000e+01
      vertex   9.642934e-01 -7.941671e+00 3.561000e+01
      vertex   5.633844e+01 -8.659100e+00 3.561000e+01
    endloop
  endfacet
  facet normal 0.000000e+00 0.000000e+00 1.000000e+00
    outer loop
      vertex   5.633844e+01 -8.659100e+00 3.561000e+01
      vertex   9.642934e-01 -7.941671e+00 3.561000e+01
      vertex   -3.221275e-01 -7.993512e+00 3.561000e+01
    endloop
  endfacet
  facet normal 0.000000e+00 0.000000e+00 1.000000e+00
    outer loop
      vertex   5.633844e+01 -8.659100e+00 3.561000e+01
      vertex   -3.221275e-01 -7.993512e+00 3.561000e+01
      vertex   5.570576e+01 -1.207761e+01 3.561000e+01
    endloop
  endfacet
  facet normal 0.000000e+00 0.000000e+00 1.000000e+00
    outer loop
      vertex   5.570576e+01 -1.207761e+01 3.561000e+01
      vertex   -3.221275e-01 -7.993512e+00 3.561000e+01
      vertex   5.486584e+01 -1.545119e+01 3.561000e+01
    endloop
  endfacet
  facet normal 0.000000e+00 0.000000e+00 1.000000e+00
    outer loop
      vertex   5.486584e+01 -1.545119e+01 3.561000e+01
      vertex   -3.221275e-01 -7.993512e+00 3.561000e+01
      vertex   5.382183e+01 -1.876729e+01 3.561000e+01
    endloop
  endfacet
  facet normal 0.000000e+00 0.000000e+00 1.000000e+00
    outer loop
      vertex   5.382183e+01 -1.876729e+01 3.561000e+01
      vertex   -3.221275e-01 -7.993512e+00 3.561000e+01
      vertex   5.257759e+01 -2.201357e+01 3.561000e+01
    endloop
  endfacet
  facet normal 0.000000e+00 0.000000e+00 1.000000e+00
    outer loop
      vertex   5.257759e+01 -2.201357e+01 3.561000e+01
      vertex   -3.221275e-01 -7.993512e+00 3.561000e+01
      vertex   5.113776e+01 -2.517797e+01 3.561000e+01
    endloop
  endfacet
  facet normal 0.000000e+00 0.000000e+00 1.000000e+00
    outer loop
      vertex   5.113776e+01 -2.517797e+01 3.561000e+01
      vertex   -3.221275e-01 -7.993512e+00 3.561000e+01
      vertex   4.950769e+01 -2.824869e+01 3.561000e+01
    endloop
  endfacet
  facet normal 0.000000e+00 0.000000e+00 1.000000e+00
    outer loop
      vertex   4.950769e+01 -2.824869e+01 3.561000e+01
      vertex   -3.221275e-01 -7.993512e+00 3.561000e+01
      vertex   4.769345e+01 -3.121434e+01 3.561000e+01
    endloop
  endfacet
  facet normal 0.000000e+00 0.000000e+00 1.000000e+00
    outer loop
      vertex   4.769345e+01 -3.121434e+01 3.561000e+01
      vertex   -3.221275e-01 -7.993512e+00 3.561000e+01
      vertex   4.570179e+01 -3.406386e+01 3.561000e+01
    endloop
  endfacet
  facet normal 0.000000e+00 0.000000e+00 1.000000e+00
    outer loop
      vertex   4.570179e+01 -3.406386e+01 3.561000e+01
      vertex   -3.221275e-01 -7.993512e+00 3.561000e+01
      vertex   4.354011e+01 -3.678666e+01 3.561000e+01
    endloop
  endfacet
  facet normal 0.000000e+00 0.000000e+00 1.000000e+00
    outer loop
      vertex   4.354011e+01 -3.678666e+01 3.561000e+01
      vertex   -3.221275e-01 -7.993512e+00 3.561000e+01
      vertex   4.121647e+01 -3.937262e+01 3.561000e+01
    endloop
  endfacet
  facet normal 0.000000e+00 0.000000e+00 1.000000e+00
    outer loop
      vertex   4.121647e+01 -3.937262e+01 3.561000e+01
      vertex   -3.221275e-01 -7.993512e+00 3.561000e+01
      vertex   3.873949e+01 -4.181210e+01 3.561000e+01
    endloop
  endfacet
  facet normal 0.000000e+00 0.000000e+00 1.000000e+00
    outer loop
      vertex   3.873949e+01 -4.181210e+01 3.561000e+01
      vertex   -3.221275e-01 -7.993512e+00 3.561000e+01
      vertex   3.611840e+01 -4.409604e+01 3.561000e+01
    endloop
  endfacet
  facet normal 0.000000e+00 0.000000e+00 1.000000e+00
    outer loop
      vertex   3.611840e+01 -4.409604e+01 3.561000e+01
      vertex   -3.221275e-01 -7.993512e+00 3.561000e+01
      vertex   3.336295e+01 -4.621594e+01 3.561000e+01
    endloop
  endfacet
  facet normal 0.000000e+00 0.000000e+00 1.000000e+00
    outer loop
      vertex   3.336295e+01 -4.621594e+01 3.561000e+01
      vertex   -3.221275e-01 -7.993512e+00 3.561000e+01
      vertex   3.048339e+01 -4.816392e+01 3.561000e+01
    endloop
  endfacet
  facet normal 0.000000e+00 0.000000e+00 1.000000e+00
    outer loop
      vertex   3.048339e+01 -4.816392e+01 3.561000e+01
      vertex   -3.221275e-01 -7.993512e+00 3.561000e+01
      vertex   2.749042e+01 -4.993272e+01 3.561000e+01
    endloop
  endfacet
  facet normal 0.000000e+00 0.000000e+00 1.000000e+00
    outer loop
      vertex   2.749042e+01 -4.993272e+01 3.561000e+01
      vertex   -3.221275e-01 -7.993512e+00 3.561000e+01
      vertex   2.439519e+01 -5.151577e+01 3.561000e+01
    endloop
  endfacet
  facet normal 0.000000e+00 0.000000e+00 1.000000e+00
    outer loop
      vertex   2.439519e+01 -5.151577e+01 3.561000e+01
      vertex   -3.221275e-01 -7.993512e+00 3.561000e+01
      vertex   2.120921e+01 -5.290718e+01 3.561000e+01
    endloop
  endfacet
  facet normal 0.000000e+00 0.000000e+00 1.000000e+00
    outer loop
      vertex   2.120921e+01 -5.290718e+01 3.561000e+01
      vertex   -3.221275e-01 -7.993512e+00 3.561000e+01
      vertex   1.794433e+01 -5.410177e+01 3.561000e+01
    endloop
  endfacet
  facet normal 0.000000e+00 0.000000e+00 1.000000e+00
    outer loop
      vertex   1.794433e+01 -5.410177e+01 3.561000e+01
      vertex   -3.221275e-01 -7.993512e+00 3.561000e+01
      vertex   1.461270e+01 -5.509509e+01 3.561000e+01
    endloop
  endfacet
  facet normal 0.000000e+00 0.000000e+00 1.000000e+00
    outer loop
      vertex   1.461270e+01 -5.509509e+01 3.561000e+01
      vertex   -3.221275e-01 -7.993512e+00 3.561000e+01
      vertex   1.122670e+01 -5.588346e+01 3.561000e+01
    endloop
  endfacet
  facet normal 0.000000e+00 0.000000e+00 1.000000e+00
    outer loop
      vertex   1.122670e+01 -5.588346e+01 3.561000e+01
      vertex   -3.221275e-01 -7.993512e+00 3.561000e+01
      vertex   7.798940e+00 -5.646394e+01 3.561000e+01
    endloop
  endfacet
  facet normal 0.000000e+00 0.000000e+00 1.000000e+00
    outer loop
      vertex   7.798940e+00 -5.646394e+01 3.561000e+01
      vertex   -3.221275e-01 -7.993512e+00 3.561000e+01
      vertex   4.342167e+00 -5.683437e+01 3.561000e+01
    endloop
  endfacet
  facet normal 0.000000e+00 0.000000e+00 1.000000e+00
    outer loop
      vertex   4.342167e+00 -5.683437e+01 3.561000e+01
      vertex   -3.221275e-01 -7.993512e+00 3.561000e+01
      vertex   8.692419e-01 -5.699337e+01 3.561000e+01
    endloop
  endfacet
  facet normal 0.000000e+00 0.000000e+00 1.000000e+00
    outer loop
      vertex   8.692419e-01 -5.699337e+01 3.561000e+01
      vertex   -3.221275e-01 -7.993512e+00 3.561000e+01
      vertex   -2.606917e+00 -5.694035e+01 3.561000e+01
    endloop
  endfacet
  facet normal 0.000000e+00 -0.000000e+00 1.000000e+00
    outer loop
      vertex   -2.606917e+00 -5.694035e+01 3.561000e+01
      vertex   -3.221275e-01 -7.993512e+00 3.561000e+01
      vertex   -6.073378e+00 -5.667552e+01 3.561000e+01
    endloop
  endfacet
  facet normal 0.000000e+00 0.000000e+00 1.000000e+00
    outer loop
      vertex   -6.073378e+00 -5.667552e+01 3.561000e+01
      vertex   -3.221275e-01 -7.993512e+00 3.561000e+01
      vertex   -1.600206e+00 -7.838325e+00 3.561000e+01
    endloop
  endfacet
  facet normal 0.000000e+00 -0.000000e+00 1.000000e+00
    outer loop
      vertex   -6.073378e+00 -5.667552e+01 3.561000e+01
      vertex   -1.600206e+00 -7.838325e+00 3.561000e+01
      vertex   -9.517246e+00 -5.619984e+01 3.561000e+01
    endloop
  endfacet
  facet normal 0.000000e+00 -0.000000e+00 1.000000e+00
    outer loop
      vertex   -9.517246e+00 -5.619984e+01 3.561000e+01
      vertex   -1.600206e+00 -7.838325e+00 3.561000e+01
      vertex   -1.292571e+01 -5.551510e+01 3.561000e+01
    endloop
  endfacet
  facet normal 0.000000e+00 -0.000000e+00 1.000000e+00
    outer loop
      vertex   -1.292571e+01 -5.551510e+01 3.561000e+01
      vertex   -1.600206e+00 -7.838325e+00 3.561000e+01
      vertex   -1.628609e+01 -5.462383e+01 3.561000e+01
    endloop
  endfacet
  facet normal 0.000000e+00 -0.000000e+00 1.000000e+00
    outer loop
      vertex   -1.628609e+01 -5.462383e+01 3.561000e+01
      vertex   -1.600206e+00 -7.838325e+00 3.561000e+01
      vertex   -1.958588e+01 -5.352937e+01 3.561000e+01
    endloop
  endfacet
  facet normal 0.000000e+00 -0.000000e+00 1.000000e+00
    outer loop
      vertex   -1.958588e+01 -5.352937e+01 3.561000e+01
      vertex   -1.600206e+00 -7.838325e+00 3.561000e+01
      vertex   -2.281281e+01 -5.223577e+01 3.561000e+01
    endloop
  endfacet
  facet normal 0.000000e+00 -0.000000e+00 1.000000e+00
    outer loop
      vertex   -2.281281e+01 -5.223577e+01 3.561000e+01
      vertex   -1.600206e+00 -7.838325e+00 3.561000e+01
      vertex   -2.595488e+01 -5.074785e+01 3.561000e+01
    endloop
  endfacet
  facet normal 0.000000e+00 -0.000000e+00 1.000000e+00
    outer loop
      vertex   -2.595488e+01 -5.074785e+01 3.561000e+01
      vertex   -1.600206e+00 -7.838325e+00 3.561000e+01
      vertex   -2.900039e+01 -4.907114e+01 3.561000e+01
    endloop
  endfacet
  facet normal 0.000000e+00 -0.000000e+00 1.000000e+00
    outer loop
      vertex   -2.900039e+01 -4.907114e+01 3.561000e+01
      vertex   -1.600206e+00 -7.838325e+00 3.561000e+01
      vertex   -3.193803e+01 -4.721189e+01 3.561000e+01
    endloop
  endfacet
  facet normal 0.000000e+00 -0.000000e+00 1.000000e+00
    outer loop
      vertex   -3.193803e+01 -4.721189e+01 3.561000e+01
      vertex   -1.600206e+00 -7.838325e+00 3.561000e+01
      vertex   -3.475684e+01 -4.517701e+01 3.561000e+01
    endloop
  endfacet
  facet normal 0.000000e+00 -0.000000e+00 1.000000e+00
    outer loop
      vertex   -3.475684e+01 -4.517701e+01 3.561000e+01
      vertex   -1.600206e+00 -7.838325e+00 3.561000e+01
      vertex   -3.744636e+01 -4.297406e+01 3.561000e+01
    endloop
  endfacet
  facet normal 0.000000e+00 -0.000000e+00 1.000000e+00
    outer loop
      vertex   -3.744636e+01 -4.297406e+01 3.561000e+01
      vertex   -1.600206e+00 -7.838325e+00 3.561000e+01
      vertex   -3.999658e+01 -4.061125e+01 3.561000e+01
    endloop
  endfacet
  facet normal 0.000000e+00 -0.000000e+00 1.000000e+00
    outer loop
      vertex   -3.999658e+01 -4.061125e+01 3.561000e+01
      vertex   -1.600206e+00 -7.838325e+00 3.561000e+01
      vertex   -4.239801e+01 -3.809736e+01 3.561000e+01
    endloop
  endfacet
  facet normal 0.000000e+00 0.000000e+00 1.000000e+00
    outer loop
      vertex   -4.239801e+01 -3.809736e+01 3.561000e+01
      vertex   -1.600206e+00 -7.838325e+00 3.561000e+01
      vertex   -2.836839e+00 -7.480130e+00 3.561000e+01
    endloop
  endfacet
  facet normal 0.000000e+00 -0.000000e+00 1.000000e+00
    outer loop
      vertex   -4.239801e+01 -3.809736e+01 3.561000e+01
      vertex   -2.836839e+00 -7.480130e+00 3.561000e+01
      vertex   -4.464172e+01 -3.544174e+01 3.561000e+01
    endloop
  endfacet
  facet normal 0.000000e+00 -0.000000e+00 1.000000e+00
    outer loop
      vertex   -4.464172e+01 -3.544174e+01 3.561000e+01
      vertex   -2.836839e+00 -7.480130e+00 3.561000e+01
      vertex   -4.671935e+01 -3.265429e+01 3.561000e+01
    endloop
  endfacet
  facet normal 0.000000e+00 -0.000000e+00 1.000000e+00
    outer loop
      vertex   -4.671935e+01 -3.265429e+01 3.561000e+01
      vertex   -2.836839e+00 -7.480130e+00 3.561000e+01
      vertex   -4.862319e+01 -2.974535e+01 3.561000e+01
    endloop
  endfacet
  facet normal 0.000000e+00 -0.000000e+00 1.000000e+00
    outer loop
      vertex   -4.862319e+01 -2.974535e+01 3.561000e+01
      vertex   -2.836839e+00 -7.480130e+00 3.561000e+01
      vertex   -5.034614e+01 -2.672576e+01 3.561000e+01
    endloop
  endfacet
  facet normal 0.000000e+00 -0.000000e+00 1.000000e+00
    outer loop
      vertex   -5.034614e+01 -2.672576e+01 3.561000e+01
      vertex   -2.836839e+00 -7.480130e+00 3.561000e+01
      vertex   -5.188180e+01 -2.360675e+01 3.561000e+01
    endloop
  endfacet
  facet normal 0.000000e+00 -0.000000e+00 1.000000e+00
    outer loop
      vertex   -5.188180e+01 -2.360675e+01 3.561000e+01
      vertex   -2.836839e+00 -7.480130e+00 3.561000e+01
      vertex   -5.322446e+01 -2.039992e+01 3.561000e+01
    endloop
  endfacet
  facet normal 0.000000e+00 -0.000000e+00 1.000000e+00
    outer loop
      vertex   -5.322446e+01 -2.039992e+01 3.561000e+01
      vertex   -2.836839e+00 -7.480130e+00 3.561000e+01
      vertex   -5.436912e+01 -1.711720e+01 3.561000e+01
    endloop
  endfacet
  facet normal 0.000000e+00 -0.000000e+00 1.000000e+00
    outer loop
      vertex   -5.436912e+01 -1.711720e+01 3.561000e+01
      vertex   -2.836839e+00 -7.480130e+00 3.561000e+01
      vertex   -5.531153e+01 -1.377080e+01 3.561000e+01
    endloop
  endfacet
  facet normal 0.000000e+00 -0.000000e+00 1.000000e+00
    outer loop
      vertex   -5.531153e+01 -1.377080e+01 3.561000e+01
      vertex   -2.836839e+00 -7.480130e+00 3.561000e+01
      vertex   -5.604817e+01 -1.037318e+01 3.561000e+01
    endloop
  endfacet
  facet normal 0.000000e+00 -0.000000e+00 1.000000e+00
    outer loop
      vertex   -5.604817e+01 -1.037318e+01 3.561000e+01
      vertex   -2.836839e+00 -7.480130e+00 3.561000e+01
      vertex   -5.657631e+01 -6.936966e+00 3.561000e+01
    endloop
  endfacet
  facet normal -0.000000e+00 0.000000e+00 1.000000e+00
    outer loop
      vertex   -5.657631e+01 -6.936966e+00 3.561000e+01
      vertex   -2.836839e+00 -7.480130e+00 3.561000e+01
      vertex   -4.000000e+00 -6.928203e+00 3.561000e+01
    endloop
  endfacet
  facet normal 0.000000e+00 -0.000000e+00 1.000000e+00
    outer loop
      vertex   -5.657631e+01 -6.936966e+00 3.561000e+01
      vertex   -4.000000e+00 -6.928203e+00 3.561000e+01
      vertex   -5.689398e+01 -3.474946e+00 3.561000e+01
    endloop
  endfacet
  facet normal 0.000000e+00 0.000000e+00 1.000000e+00
    outer loop
      vertex   -5.689398e+01 -3.474946e+00 3.561000e+01
      vertex   -4.000000e+00 -6.928203e+00 3.561000e+01
      vertex   -5.059563e+00 -6.196840e+00 3.561000e+01
    endloop
  endfacet
  facet normal 0.000000e+00 0.000000e+00 1.000000e+00
    outer loop
      vertex   -5.689398e+01 -3.474946e+00 3.561000e+01
      vertex   -5.059563e+00 -6.196840e+00 3.561000e+01
      vertex   -5.988086e+00 -5.304981e+00 3.561000e+01
    endloop
  endfacet
  facet normal 0.000000e+00 0.000000e+00 1.000000e+00
    outer loop
      vertex   -5.988086e+00 -5.304981e+00 3.561000e+01
      vertex   -6.761521e+00 -4.275727e+00 3.561000e+01
      vertex   -5.689398e+01 -3.474946e+00 3.561000e+01
    endloop
  endfacet
  facet normal -0.000000e+00 0.000000e+00 1.000000e+00
    outer loop
      vertex   -5.689398e+01 -3.474946e+00 3.561000e+01
      vertex   -6.761521e+00 -4.275727e+00 3.561000e+01
      vertex   -7.359836e+00 -3.135733e+00 3.561000e+01
    endloop
  endfacet
  facet normal 0.000000e+00 -0.000000e+00 1.000000e+00
    outer loop
      vertex   -5.689398e+01 -3.474946e+00 3.561000e+01
      vertex   -7.359836e+00 -3.135733e+00 3.561000e+01
      vertex   -5.700000e+01 -6.980487e-15 3.561000e+01
    endloop
  endfacet
  facet normal 0.000000e+00 0.000000e+00 1.000000e+00
    outer loop
      vertex   -5.700000e+01 -6.980487e-15 3.561000e+01
      vertex   -7.359836e+00 -3.135733e+00 3.561000e+01
      vertex   -7.767535e+00 -1.914525e+00 3.561000e+01
    endloop
  endfacet
  facet normal 0.000000e+00 0.000000e+00 1.000000e+00
    outer loop
      vertex   -5.700000e+01 -6.980487e-15 3.561000e+01
      vertex   -7.767535e+00 -1.914525e+00 3.561000e+01
      vertex   -7.974058e+00 -6.437325e-01 3.561000e+01
    endloop
  endfacet
  facet normal 0.000000e+00 0.000000e+00 1.000000e+00
    outer loop
      vertex   -7.974058e+00 -6.437325e-01 3.561000e+01
      vertex   -7.974058e+00 6.437325e-01 3.561000e+01
      vertex   -5.700000e+01 -6.980487e-15 3.561000e+01
    endloop
  endfacet
  facet normal 0.000000e+00 0.000000e+00 1.000000e+00
    outer loop
      vertex   -5.700000e+01 -6.980487e-15 3.561000e+01
      vertex   -7.974058e+00 6.437325e-01 3.561000e+01
      vertex   -5.689398e+01 3.474946e+00 3.561000e+01
    endloop
  endfacet
  facet normal 0.000000e+00 0.000000e+00 1.000000e+00
    outer loop
      vertex   -5.689398e+01 3.474946e+00 3.561000e+01
      vertex   -7.974058e+00 6.437325e-01 3.561000e+01
      vertex   -7.767535e+00 1.914525e+00 3.561000e+01
    endloop
  endfacet
  facet normal 0.000000e+00 0.000000e+00 1.000000e+00
    outer loop
      vertex   -5.689398e+01 3.474946e+00 3.561000e+01
      vertex   -7.767535e+00 1.914525e+00 3.561000e+01
      vertex   -7.359836e+00 3.135733e+00 3.561000e+01
    endloop
  endfacet
  facet normal 0.000000e+00 -0.000000e+00 1.000000e+00
    outer loop
      vertex   -7.359836e+00 3.135733e+00 3.561000e+01
      vertex   -6.761521e+00 4.275727e+00 3.561000e+01
      vertex   -5.689398e+01 3.474946e+00 3.561000e+01
    endloop
  endfacet
  facet normal 0.000000e+00 0.000000e+00 1.000000e+00
    outer loop
      vertex   -5.689398e+01 3.474946e+00 3.561000e+01
      vertex   -6.761521e+00 4.275727e+00 3.561000e+01
      vertex   -5.657631e+01 6.936966e+00 3.561000e+01
    endloop
  endfacet
  facet normal 0.000000e+00 0.000000e+00 1.000000e+00
    outer loop
      vertex   -5.657631e+01 6.936966e+00 3.561000e+01
      vertex   -6.761521e+00 4.275727e+00 3.561000e+01
      vertex   -5.988086e+00 5.304981e+00 3.561000e+01
    endloop
  endfacet
  facet normal 0.000000e+00 0.000000e+00 1.000000e+00
    outer loop
      vertex   -5.657631e+01 6.936966e+00 3.561000e+01
      vertex   -5.988086e+00 5.304981e+00 3.561000e+01
      vertex   -5.059563e+00 6.196840e+00 3.561000e+01
    endloop
  endfacet
  facet normal 0.000000e+00 -0.000000e+00 1.000000e+00
    outer loop
      vertex   -5.059563e+00 6.196840e+00 3.561000e+01
      vertex   -4.000000e+00 6.928203e+00 3.561000e+01
      vertex   -5.657631e+01 6.936966e+00 3.561000e+01
    endloop
  endfacet
  facet normal -0.000000e+00 0.000000e+00 1.000000e+00
    outer loop
      vertex   -5.657631e+01 6.936966e+00 3.561000e+01
      vertex   -4.000000e+00 6.928203e+00 3.561000e+01
      vertex   -2.836839e+00 7.480130e+00 3.561000e+01
    endloop
  endfacet
  facet normal 0.000000e+00 0.000000e+00 1.000000e+00
    outer loop
      vertex   -5.657631e+01 6.936966e+00 3.561000e+01
      vertex   -2.836839e+00 7.480130e+00 3.561000e+01
      vertex   -5.604817e+01 1.037318e+01 3.561000e+01
    endloop
  endfacet
  facet normal 0.000000e+00 0.000000e+00 1.000000e+00
    outer loop
      vertex   -5.604817e+01 1.037318e+01 3.561000e+01
      vertex   -2.836839e+00 7.480130e+00 3.561000e+01
      vertex   -1.600206e+00 7.838325e+00 3.561000e+01
    endloop
  endfacet
  facet normal 0.000000e+00 0.000000e+00 1.000000e+00
    outer loop
      vertex   -5.604817e+01 1.037318e+01 3.561000e+01
      vertex   -1.600206e+00 7.838325e+00 3.561000e+01
      vertex   -3.221275e-01 7.993512e+00 3.561000e+01
    endloop
  endfacet
  facet normal 0.000000e+00 0.000000e+00 1.000000e+00
    outer loop
      vertex   -5.604817e+01 1.037318e+01 3.561000e+01
      vertex   -3.221275e-01 7.993512e+00 3.561000e+01
      vertex   5.633844e+01 8.659100e+00 3.561000e+01
    endloop
  endfacet
  facet normal 0.000000e+00 0.000000e+00 1.000000e+00
    outer loop
      vertex   5.633844e+01 8.659100e+00 3.561000e+01
      vertex   -3.221275e-01 7.993512e+00 3.561000e+01
      vertex   9.642934e-01 7.941671e+00 3.561000e+01
    endloop
  endfacet
  facet normal 0.000000e+00 0.000000e+00 1.000000e+00
    outer loop
      vertex   5.633844e+01 8.659100e+00 3.561000e+01
      vertex   9.642934e-01 7.941671e+00 3.561000e+01
      vertex   2.225740e+00 7.684145e+00 3.561000e+01
    endloop
  endfacet
  facet normal -0.000000e+00 0.000000e+00 1.000000e+00
    outer loop
      vertex   2.225740e+00 7.684145e+00 3.561000e+01
      vertex   3.429540e+00 7.227603e+00 3.561000e+01
      vertex   5.633844e+01 8.659100e+00 3.561000e+01
    endloop
  endfacet
  facet normal 0.000000e+00 0.000000e+00 1.000000e+00
    outer loop
      vertex   5.633844e+01 8.659100e+00 3.561000e+01
      vertex   3.429540e+00 7.227603e+00 3.561000e+01
      vertex   4.544518e+00 6.583871e+00 3.561000e+01
    endloop
  endfacet
  facet normal 0.000000e+00 0.000000e+00 1.000000e+00
    outer loop
      vertex   5.633844e+01 8.659100e+00 3.561000e+01
      vertex   4.544518e+00 6.583871e+00 3.561000e+01
      vertex   5.541795e+00 5.769620e+00 3.561000e+01
    endloop
  endfacet
  facet normal 0.000000e+00 0.000000e+00 1.000000e+00
    outer loop
      vertex   5.633844e+01 8.659100e+00 3.561000e+01
      vertex   5.541795e+00 5.769620e+00 3.561000e+01
      vertex   5.676154e+01 5.208379e+00 3.561000e+01
    endloop
  endfacet
  facet normal 0.000000e+00 0.000000e+00 1.000000e+00
    outer loop
      vertex   5.676154e+01 5.208379e+00 3.561000e+01
      vertex   5.541795e+00 5.769620e+00 3.561000e+01
      vertex   6.395542e+00 4.805938e+00 3.561000e+01
    endloop
  endfacet
  facet normal 0.000000e+00 0.000000e+00 1.000000e+00
    outer loop
      vertex   5.676154e+01 5.208379e+00 3.561000e+01
      vertex   6.395542e+00 4.805938e+00 3.561000e+01
      vertex   7.083648e+00 3.717785e+00 3.561000e+01
    endloop
  endfacet
  facet normal -0.000000e+00 0.000000e+00 1.000000e+00
    outer loop
      vertex   7.083648e+00 3.717785e+00 3.561000e+01
      vertex   7.588292e+00 2.533344e+00 3.561000e+01
      vertex   5.676154e+01 5.208379e+00 3.561000e+01
    endloop
  endfacet
  facet normal 0.000000e+00 0.000000e+00 1.000000e+00
    outer loop
      vertex   5.676154e+01 5.208379e+00 3.561000e+01
      vertex   7.588292e+00 2.533344e+00 3.561000e+01
      vertex   5.697349e+01 1.738282e+00 3.561000e+01
    endloop
  endfacet
  facet normal 0.000000e+00 0.000000e+00 1.000000e+00
    outer loop
      vertex   5.697349e+01 1.738282e+00 3.561000e+01
      vertex   7.588292e+00 2.533344e+00 3.561000e+01
      vertex   7.896402e+00 1.283290e+00 3.561000e+01
    endloop
  endfacet
  facet normal 0.000000e+00 0.000000e+00 1.000000e+00
    outer loop
      vertex   5.633844e+01 8.659100e+00 3.561000e+01
      vertex   5.570576e+01 1.207761e+01 3.561000e+01
      vertex   -5.604817e+01 1.037318e+01 3.561000e+01
    endloop
  endfacet
  facet normal 0.000000e+00 0.000000e+00 1.000000e+00
    outer loop
      vertex   -5.604817e+01 1.037318e+01 3.561000e+01
      vertex   5.570576e+01 1.207761e+01 3.561000e+01
      vertex   -5.531153e+01 1.377080e+01 3.561000e+01
    endloop
  endfacet
  facet normal -0.000000e+00 0.000000e+00 1.000000e+00
    outer loop
      vertex   -5.531153e+01 1.377080e+01 3.561000e+01
      vertex   5.570576e+01 1.207761e+01 3.561000e+01
      vertex   5.486584e+01 1.545119e+01 3.561000e+01
    endloop
  endfacet
  facet normal 0.000000e+00 0.000000e+00 1.000000e+00
    outer loop
      vertex   -5.531153e+01 1.377080e+01 3.561000e+01
      vertex   5.486584e+01 1.545119e+01 3.561000e+01
      vertex   -5.436912e+01 1.711720e+01 3.561000e+01
    endloop
  endfacet
  facet normal -0.000000e+00 0.000000e+00 1.000000e+00
    outer loop
      vertex   -5.436912e+01 1.711720e+01 3.561000e+01
      vertex   5.486584e+01 1.545119e+01 3.561000e+01
      vertex   5.382183e+01 1.876729e+01 3.561000e+01
    endloop
  endfacet
  facet normal 0.000000e+00 0.000000e+00 1.000000e+00
    outer loop
      vertex   -5.436912e+01 1.711720e+01 3.561000e+01
      vertex   5.382183e+01 1.876729e+01 3.561000e+01
      vertex   -5.322446e+01 2.039992e+01 3.561000e+01
    endloop
  endfacet
  facet normal -0.000000e+00 0.000000e+00 1.000000e+00
    outer loop
      vertex   -5.322446e+01 2.039992e+01 3.561000e+01
      vertex   5.382183e+01 1.876729e+01 3.561000e+01
      vertex   5.257759e+01 2.201357e+01 3.561000e+01
    endloop
  endfacet
  facet normal 0.000000e+00 0.000000e+00 1.000000e+00
    outer loop
      vertex   -5.322446e+01 2.039992e+01 3.561000e+01
      vertex   5.257759e+01 2.201357e+01 3.561000e+01
      vertex   -5.188180e+01 2.360675e+01 3.561000e+01
    endloop
  endfacet
  facet normal -0.000000e+00 0.000000e+00 1.000000e+00
    outer loop
      vertex   -5.188180e+01 2.360675e+01 3.561000e+01
      vertex   5.257759e+01 2.201357e+01 3.561000e+01
      vertex   5.113776e+01 2.517797e+01 3.561000e+01
    endloop
  endfacet
  facet normal 0.000000e+00 0.000000e+00 1.000000e+00
    outer loop
      vertex   -5.188180e+01 2.360675e+01 3.561000e+01
      vertex   5.113776e+01 2.517797e+01 3.561000e+01
      vertex   -5.034614e+01 2.672576e+01 3.561000e+01
    endloop
  endfacet
  facet normal -0.000000e+00 0.000000e+00 1.000000e+00
    outer loop
      vertex   -5.034614e+01 2.672576e+01 3.561000e+01
      vertex   5.113776e+01 2.517797e+01 3.561000e+01
      vertex   4.950769e+01 2.824869e+01 3.561000e+01
    endloop
  endfacet
  facet normal 0.000000e+00 0.000000e+00 1.000000e+00
    outer loop
      vertex   -5.034614e+01 2.672576e+01 3.561000e+01
      vertex   4.950769e+01 2.824869e+01 3.561000e+01
      vertex   -4.862319e+01 2.974535e+01 3.561000e+01
    endloop
  endfacet
  facet normal -0.000000e+00 0.000000e+00 1.000000e+00
    outer loop
      vertex   -4.862319e+01 2.974535e+01 3.561000e+01
      vertex   4.950769e+01 2.824869e+01 3.561000e+01
      vertex   4.769345e+01 3.121434e+01 3.561000e+01
    endloop
  endfacet
  facet normal 0.000000e+00 0.000000e+00 1.000000e+00
    outer loop
      vertex   -4.862319e+01 2.974535e+01 3.561000e+01
      vertex   4.769345e+01 3.121434e+01 3.561000e+01
      vertex   -4.671935e+01 3.265429e+01 3.561000e+01
    endloop
  endfacet
  facet normal -0.000000e+00 0.000000e+00 1.000000e+00
    outer loop
      vertex   -4.671935e+01 3.265429e+01 3.561000e+01
      vertex   4.769345e+01 3.121434e+01 3.561000e+01
      vertex   4.570179e+01 3.406386e+01 3.561000e+01
    endloop
  endfacet
  facet normal 0.000000e+00 0.000000e+00 1.000000e+00
    outer loop
      vertex   -4.671935e+01 3.265429e+01 3.561000e+01
      vertex   4.570179e+01 3.406386e+01 3.561000e+01
      vertex   -4.464172e+01 3.544174e+01 3.561000e+01
    endloop
  endfacet
  facet normal -0.000000e+00 0.000000e+00 1.000000e+00
    outer loop
      vertex   -4.464172e+01 3.544174e+01 3.561000e+01
      vertex   4.570179e+01 3.406386e+01 3.561000e+01
      vertex   4.354011e+01 3.678666e+01 3.561000e+01
    endloop
  endfacet
  facet normal 0.000000e+00 0.000000e+00 1.000000e+00
    outer loop
      vertex   -4.464172e+01 3.544174e+01 3.561000e+01
      vertex   4.354011e+01 3.678666e+01 3.561000e+01
      vertex   -4.239801e+01 3.809736e+01 3.561000e+01
    endloop
  endfacet
  facet normal -0.000000e+00 0.000000e+00 1.000000e+00
    outer loop
      vertex   -4.239801e+01 3.809736e+01 3.561000e+01
      vertex   4.354011e+01 3.678666e+01 3.561000e+01
      vertex   4.121647e+01 3.937262e+01 3.561000e+01
    endloop
  endfacet
  facet normal 0.000000e+00 0.000000e+00 1.000000e+00
    outer loop
      vertex   -4.239801e+01 3.809736e+01 3.561000e+01
      vertex   4.121647e+01 3.937262e+01 3.561000e+01
      vertex   -3.999658e+01 4.061125e+01 3.561000e+01
    endloop
  endfacet
  facet normal -0.000000e+00 0.000000e+00 1.000000e+00
    outer loop
      vertex   -3.999658e+01 4.061125e+01 3.561000e+01
      vertex   4.121647e+01 3.937262e+01 3.561000e+01
      vertex   3.873949e+01 4.181210e+01 3.561000e+01
    endloop
  endfacet
  facet normal 0.000000e+00 0.000000e+00 1.000000e+00
    outer loop
      vertex   -3.999658e+01 4.061125e+01 3.561000e+01
      vertex   3.873949e+01 4.181210e+01 3.561000e+01
      vertex   -3.744636e+01 4.297406e+01 3.561000e+01
    endloop
  endfacet
  facet normal -0.000000e+00 0.000000e+00 1.000000e+00
    outer loop
      vertex   -3.744636e+01 4.297406e+01 3.561000e+01
      vertex   3.873949e+01 4.181210e+01 3.561000e+01
      vertex   3.611840e+01 4.409604e+01 3.561000e+01
    endloop
  endfacet
  facet normal 0.000000e+00 0.000000e+00 1.000000e+00
    outer loop
      vertex   -3.744636e+01 4.297406e+01 3.561000e+01
      vertex   3.611840e+01 4.409604e+01 3.561000e+01
      vertex   -3.475684e+01 4.517701e+01 3.561000e+01
    endloop
  endfacet
  facet normal -0.000000e+00 0.000000e+00 1.000000e+00
    outer loop
      vertex   -3.475684e+01 4.517701e+01 3.561000e+01
      vertex   3.611840e+01 4.409604e+01 3.561000e+01
      vertex   3.336295e+01 4.621594e+01 3.561000e+01
    endloop
  endfacet
  facet normal 0.000000e+00 0.000000e+00 1.000000e+00
    outer loop
      vertex   -3.475684e+01 4.517701e+01 3.561000e+01
      vertex   3.336295e+01 4.621594e+01 3.561000e+01
      vertex   -3.193803e+01 4.721189e+01 3.561000e+01
    endloop
  endfacet
  facet normal -0.000000e+00 0.000000e+00 1.000000e+00
    outer loop
      vertex   -3.193803e+01 4.721189e+01 3.561000e+01
      vertex   3.336295e+01 4.621594e+01 3.561000e+01
      vertex   3.048339e+01 4.816392e+01 3.561000e+01
    endloop
  endfacet
  facet normal 0.000000e+00 0.000000e+00 1.000000e+00
    outer loop
      vertex   -3.193803e+01 4.721189e+01 3.561000e+01
      vertex   3.048339e+01 4.816392e+01 3.561000e+01
      vertex   -2.900039e+01 4.907114e+01 3.561000e+01
    endloop
  endfacet
  facet normal -0.000000e+00 0.000000e+00 1.000000e+00
    outer loop
      vertex   -2.900039e+01 4.907114e+01 3.561000e+01
      vertex   3.048339e+01 4.816392e+01 3.561000e+01
      vertex   2.749042e+01 4.993272e+01 3.561000e+01
    endloop
  endfacet
  facet normal 0.000000e+00 0.000000e+00 1.000000e+00
    outer loop
      vertex   -2.900039e+01 4.907114e+01 3.561000e+01
      vertex   2.749042e+01 4.993272e+01 3.561000e+01
      vertex   -2.595488e+01 5.074785e+01 3.561000e+01
    endloop
  endfacet
  facet normal -0.000000e+00 0.000000e+00 1.000000e+00
    outer loop
      vertex   -2.595488e+01 5.074785e+01 3.561000e+01
      vertex   2.749042e+01 4.993272e+01 3.561000e+01
      vertex   2.439519e+01 5.151577e+01 3.561000e+01
    endloop
  endfacet
  facet normal 0.000000e+00 0.000000e+00 1.000000e+00
    outer loop
      vertex   -2.595488e+01 5.074785e+01 3.561000e+01
      vertex   2.439519e+01 5.151577e+01 3.561000e+01
      vertex   -2.281281e+01 5.223577e+01 3.561000e+01
    endloop
  endfacet
  facet normal -0.000000e+00 0.000000e+00 1.000000e+00
    outer loop
      vertex   -2.281281e+01 5.223577e+01 3.561000e+01
      vertex   2.439519e+01 5.151577e+01 3.561000e+01
      vertex   2.120921e+01 5.290718e+01 3.561000e+01
    endloop
  endfacet
  facet normal 0.000000e+00 0.000000e+00 1.000000e+00
    outer loop
      vertex   -2.281281e+01 5.223577e+01 3.561000e+01
      vertex   2.120921e+01 5.290718e+01 3.561000e+01
      vertex   -1.958588e+01 5.352937e+01 3.561000e+01
    endloop
  endfacet
  facet normal -0.000000e+00 0.000000e+00 1.000000e+00
    outer loop
      vertex   -1.958588e+01 5.352937e+01 3.561000e+01
      vertex   2.120921e+01 5.290718e+01 3.561000e+01
      vertex   1.794433e+01 5.410177e+01 3.561000e+01
    endloop
  endfacet
  facet normal 0.000000e+00 0.000000e+00 1.000000e+00
    outer loop
      vertex   -1.958588e+01 5.352937e+01 3.561000e+01
      vertex   1.794433e+01 5.410177e+01 3.561000e+01
      vertex   -1.628609e+01 5.462383e+01 3.561000e+01
    endloop
  endfacet
  facet normal -0.000000e+00 0.000000e+00 1.000000e+00
    outer loop
      vertex   -1.628609e+01 5.462383e+01 3.561000e+01
      vertex   1.794433e+01 5.410177e+01 3.561000e+01
      vertex   1.461270e+01 5.509509e+01 3.561000e+01
    endloop
  endfacet
  facet normal 0.000000e+00 0.000000e+00 1.000000e+00
    outer loop
      vertex   -1.628609e+01 5.462383e+01 3.561000e+01
      vertex   1.461270e+01 5.509509e+01 3.561000e+01
      vertex   -1.292571e+01 5.551510e+01 3.561000e+01
    endloop
  endfacet
  facet normal -0.000000e+00 0.000000e+00 1.000000e+00
    outer loop
      vertex   -1.292571e+01 5.551510e+01 3.561000e+01
      vertex   1.461270e+01 5.509509e+01 3.561000e+01
      vertex   1.122670e+01 5.588346e+01 3.561000e+01
    endloop
  endfacet
  facet normal 0.000000e+00 0.000000e+00 1.000000e+00
    outer loop
      vertex   -1.292571e+01 5.551510e+01 3.561000e+01
      vertex   1.122670e+01 5.588346e+01 3.561000e+01
      vertex   -9.517246e+00 5.619984e+01 3.561000e+01
    endloop
  endfacet
  facet normal -0.000000e+00 0.000000e+00 1.000000e+00
    outer loop
      vertex   -9.517246e+00 5.619984e+01 3.561000e+01
      vertex   1.122670e+01 5.588346e+01 3.561000e+01
      vertex   7.798940e+00 5.646394e+01 3.561000e+01
    endloop
  endfacet
  facet normal 0.000000e+00 0.000000e+00 1.000000e+00
    outer loop
      vertex   -9.517246e+00 5.619984e+01 3.561000e+01
      vertex   7.798940e+00 5.646394e+01 3.561000e+01
      vertex   -6.073378e+00 5.667552e+01 3.561000e+01
    endloop
  endfacet
  facet normal -0.000000e+00 0.000000e+00 1.000000e+00
    outer loop
      vertex   -6.073378e+00 5.667552e+01 3.561000e+01
      vertex   7.798940e+00 5.646394e+01 3.561000e+01
      vertex   4.342167e+00 5.683437e+01 3.561000e+01
    endloop
  endfacet
  facet normal 0.000000e+00 0.000000e+00 1.000000e+00
    outer loop
      vertex   -6.073378e+00 5.667552e+01 3.561000e+01
      vertex   4.342167e+00 5.683437e+01 3.561000e+01
      vertex   -2.606917e+00 5.694035e+01 3.561000e+01
    endloop
  endfacet
  facet normal -0.000000e+00 0.000000e+00 1.000000e+00
    outer loop
      vertex   -2.606917e+00 5.694035e+01 3.561000e+01
      vertex   4.342167e+00 5.683437e+01 3.561000e+01
      vertex   8.692419e-01 5.699337e+01 3.561000e+01
    endloop
  endfacet
  facet normal -0.000000e+00 0.000000e+00 -1.000000e+00
    outer loop
      vertex   -3.189352e+01 -2.608297e+00 -1.839000e+01
      vertex   -5.689398e+01 -3.474946e+00 -1.839000e+01
      vertex   -3.200000e+01 3.918870e-15 -1.839000e+01
    endloop
  endfacet
  facet normal 0.000000e+00 0.000000e+00 -1.000000e+00
    outer loop
      vertex   -3.200000e+01 3.918870e-15 -1.839000e+01
      vertex   -5.689398e+01 -3.474946e+00 -1.839000e+01
      vertex   -5.700000e+01 -6.980487e-15 -1.839000e+01
    endloop
  endfacet
  facet normal -0.000000e+00 0.000000e+00 -1.000000e+00
    outer loop
      vertex   -3.200000e+01 3.918870e-15 -1.839000e+01
      vertex   -5.700000e+01 -6.980487e-15 -1.839000e+01
      vertex   -5.689398e+01 3.474946e+00 -1.839000e+01
    endloop
  endfacet
  facet normal 0.000000e+00 0.000000e+00 -1.000000e+00
    outer loop
      vertex   -5.689398e+01 -3.474946e+00 -1.839000e+01
      vertex   -3.189352e+01 -2.608297e+00 -1.839000e+01
      vertex   -5.657631e+01 -6.936966e+00 -1.839000e+01
    endloop
  endfacet
  facet normal 0.000000e+00 0.000000e+00 -1.000000e+00
    outer loop
      vertex   -5.657631e+01 -6.936966e+00 -1.839000e+01
      vertex   -3.189352e+01 -2.608297e+00 -1.839000e+01
      vertex   -3.157480e+01 -5.199236e+00 -1.839000e+01
    endloop
  endfacet
  facet normal 0.000000e+00 0.000000e+00 -1.000000e+00
    outer loop
      vertex   -5.657631e+01 -6.936966e+00 -1.839000e+01
      vertex   -3.157480e+01 -5.199236e+00 -1.839000e+01
      vertex   -5.604817e+01 -1.037318e+01 -1.839000e+01
    endloop
  endfacet
  facet normal 0.000000e+00 0.000000e+00 -1.000000e+00
    outer loop
      vertex   -5.604817e+01 -1.037318e+01 -1.839000e+01
      vertex   -3.157480e+01 -5.199236e+00 -1.839000e+01
      vertex   -3.104595e+01 -7.755576e+00 -1.839000e+01
    endloop
  endfacet
  facet normal 0.000000e+00 0.000000e+00 -1.000000e+00
    outer loop
      vertex   -5.604817e+01 -1.037318e+01 -1.839000e+01
      vertex   -3.104595e+01 -7.755576e+00 -1.839000e+01
      vertex   -5.531153e+01 -1.377080e+01 -1.839000e+01
    endloop
  endfacet
  facet normal 0.000000e+00 0.000000e+00 -1.000000e+00
    outer loop
      vertex   -5.531153e+01 -1.377080e+01 -1.839000e+01
      vertex   -3.104595e+01 -7.755576e+00 -1.839000e+01
      vertex   -5.436912e+01 -1.711720e+01 -1.839000e+01
    endloop
  endfacet
  facet normal 0.000000e+00 0.000000e+00 -1.000000e+00
    outer loop
      vertex   -5.436912e+01 -1.711720e+01 -1.839000e+01
      vertex   -3.104595e+01 -7.755576e+00 -1.839000e+01
      vertex   -3.031050e+01 -1.026030e+01 -1.839000e+01
    endloop
  endfacet
  facet normal 0.000000e+00 0.000000e+00 -1.000000e+00
    outer loop
      vertex   -5.436912e+01 -1.711720e+01 -1.839000e+01
      vertex   -3.031050e+01 -1.026030e+01 -1.839000e+01
      vertex   -5.322446e+01 -2.039992e+01 -1.839000e+01
    endloop
  endfacet
  facet normal 0.000000e+00 0.000000e+00 -1.000000e+00
    outer loop
      vertex   -5.322446e+01 -2.039992e+01 -1.839000e+01
      vertex   -3.031050e+01 -1.026030e+01 -1.839000e+01
      vertex   -2.937333e+01 -1.269675e+01 -1.839000e+01
    endloop
  endfacet
  facet normal 0.000000e+00 0.000000e+00 -1.000000e+00
    outer loop
      vertex   -5.322446e+01 -2.039992e+01 -1.839000e+01
      vertex   -2.937333e+01 -1.269675e+01 -1.839000e+01
      vertex   -5.188180e+01 -2.360675e+01 -1.839000e+01
    endloop
  endfacet
  facet normal 0.000000e+00 0.000000e+00 -1.000000e+00
    outer loop
      vertex   -5.188180e+01 -2.360675e+01 -1.839000e+01
      vertex   -2.937333e+01 -1.269675e+01 -1.839000e+01
      vertex   -2.824069e+01 -1.504870e+01 -1.839000e+01
    endloop
  endfacet
  facet normal 0.000000e+00 0.000000e+00 -1.000000e+00
    outer loop
      vertex   -5.188180e+01 -2.360675e+01 -1.839000e+01
      vertex   -2.824069e+01 -1.504870e+01 -1.839000e+01
      vertex   -5.034614e+01 -2.672576e+01 -1.839000e+01
    endloop
  endfacet
  facet normal 0.000000e+00 0.000000e+00 -1.000000e+00
    outer loop
      vertex   -5.034614e+01 -2.672576e+01 -1.839000e+01
      vertex   -2.824069e+01 -1.504870e+01 -1.839000e+01
      vertex   -4.862319e+01 -2.974535e+01 -1.839000e+01
    endloop
  endfacet
  facet normal 0.000000e+00 0.000000e+00 -1.000000e+00
    outer loop
      vertex   -4.862319e+01 -2.974535e+01 -1.839000e+01
      vertex   -2.824069e+01 -1.504870e+01 -1.839000e+01
      vertex   -2.692011e+01 -1.730051e+01 -1.839000e+01
    endloop
  endfacet
  facet normal 0.000000e+00 0.000000e+00 -1.000000e+00
    outer loop
      vertex   -4.862319e+01 -2.974535e+01 -1.839000e+01
      vertex   -2.692011e+01 -1.730051e+01 -1.839000e+01
      vertex   -4.671935e+01 -3.265429e+01 -1.839000e+01
    endloop
  endfacet
  facet normal 0.000000e+00 0.000000e+00 -1.000000e+00
    outer loop
      vertex   -4.671935e+01 -3.265429e+01 -1.839000e+01
      vertex   -2.692011e+01 -1.730051e+01 -1.839000e+01
      vertex   -2.542039e+01 -1.943718e+01 -1.839000e+01
    endloop
  endfacet
  facet normal 0.000000e+00 0.000000e+00 -1.000000e+00
    outer loop
      vertex   -4.671935e+01 -3.265429e+01 -1.839000e+01
      vertex   -2.542039e+01 -1.943718e+01 -1.839000e+01
      vertex   -2.375149e+01 -2.144450e+01 -1.839000e+01
    endloop
  endfacet
  facet normal 0.000000e+00 -0.000000e+00 -1.000000e+00
    outer loop
      vertex   -2.375149e+01 -2.144450e+01 -1.839000e+01
      vertex   -2.192453e+01 -2.330911e+01 -1.839000e+01
      vertex   -4.671935e+01 -3.265429e+01 -1.839000e+01
    endloop
  endfacet
  facet normal 0.000000e+00 0.000000e+00 -1.000000e+00
    outer loop
      vertex   -4.671935e+01 -3.265429e+01 -1.839000e+01
      vertex   -2.192453e+01 -2.330911e+01 -1.839000e+01
      vertex   -1.995167e+01 -2.501861e+01 -1.839000e+01
    endloop
  endfacet
  facet normal 0.000000e+00 0.000000e+00 -1.000000e+00
    outer loop
      vertex   -4.671935e+01 -3.265429e+01 -1.839000e+01
      vertex   -1.995167e+01 -2.501861e+01 -1.839000e+01
      vertex   -4.464172e+01 -3.544174e+01 -1.839000e+01
    endloop
  endfacet
  facet normal 0.000000e+00 0.000000e+00 -1.000000e+00
    outer loop
      vertex   -4.464172e+01 -3.544174e+01 -1.839000e+01
      vertex   -1.995167e+01 -2.501861e+01 -1.839000e+01
      vertex   -1.784604e+01 -2.656161e+01 -1.839000e+01
    endloop
  endfacet
  facet normal 0.000000e+00 0.000000e+00 -1.000000e+00
    outer loop
      vertex   -4.464172e+01 -3.544174e+01 -1.839000e+01
      vertex   -1.784604e+01 -2.656161e+01 -1.839000e+01
      vertex   -1.562164e+01 -2.792784e+01 -1.839000e+01
    endloop
  endfacet
  facet normal 0.000000e+00 -0.000000e+00 -1.000000e+00
    outer loop
      vertex   -1.562164e+01 -2.792784e+01 -1.839000e+01
      vertex   -1.329328e+01 -2.910822e+01 -1.839000e+01
      vertex   -4.464172e+01 -3.544174e+01 -1.839000e+01
    endloop
  endfacet
  facet normal 0.000000e+00 0.000000e+00 -1.000000e+00
    outer loop
      vertex   -4.464172e+01 -3.544174e+01 -1.839000e+01
      vertex   -1.329328e+01 -2.910822e+01 -1.839000e+01
      vertex   -1.087646e+01 -3.009489e+01 -1.839000e+01
    endloop
  endfacet
  facet normal 0.000000e+00 0.000000e+00 -1.000000e+00
    outer loop
      vertex   -4.464172e+01 -3.544174e+01 -1.839000e+01
      vertex   -1.087646e+01 -3.009489e+01 -1.839000e+01
      vertex   -8.387254e+00 -3.088129e+01 -1.839000e+01
    endloop
  endfacet
  facet normal 0.000000e+00 -0.000000e+00 -1.000000e+00
    outer loop
      vertex   -8.387254e+00 -3.088129e+01 -1.839000e+01
      vertex   -5.842234e+00 -3.146217e+01 -1.839000e+01
      vertex   -4.464172e+01 -3.544174e+01 -1.839000e+01
    endloop
  endfacet
  facet normal 0.000000e+00 0.000000e+00 -1.000000e+00
    outer loop
      vertex   -4.464172e+01 -3.544174e+01 -1.839000e+01
      vertex   -5.842234e+00 -3.146217e+01 -1.839000e+01
      vertex   -3.258336e+00 -3.183368e+01 -1.839000e+01
    endloop
  endfacet
  facet normal 0.000000e+00 0.000000e+00 -1.000000e+00
    outer loop
      vertex   -4.464172e+01 -3.544174e+01 -1.839000e+01
      vertex   -3.258336e+00 -3.183368e+01 -1.839000e+01
      vertex   -4.239801e+01 -3.809736e+01 -1.839000e+01
    endloop
  endfacet
  facet normal 0.000000e+00 0.000000e+00 -1.000000e+00
    outer loop
      vertex   -4.239801e+01 -3.809736e+01 -1.839000e+01
      vertex   -3.258336e+00 -3.183368e+01 -1.839000e+01
      vertex   -3.999658e+01 -4.061125e+01 -1.839000e+01
    endloop
  endfacet
  facet normal 0.000000e+00 0.000000e+00 -1.000000e+00
    outer loop
      vertex   -3.999658e+01 -4.061125e+01 -1.839000e+01
      vertex   -3.258336e+00 -3.183368e+01 -1.839000e+01
      vertex   -3.744636e+01 -4.297406e+01 -1.839000e+01
    endloop
  endfacet
  facet normal 0.000000e+00 0.000000e+00 -1.000000e+00
    outer loop
      vertex   -3.744636e+01 -4.297406e+01 -1.839000e+01
      vertex   -3.258336e+00 -3.183368e+01 -1.839000e+01
      vertex   -3.475684e+01 -4.517701e+01 -1.839000e+01
    endloop
  endfacet
  facet normal 0.000000e+00 0.000000e+00 -1.000000e+00
    outer loop
      vertex   -3.475684e+01 -4.517701e+01 -1.839000e+01
      vertex   -3.258336e+00 -3.183368e+01 -1.839000e+01
      vertex   -3.193803e+01 -4.721189e+01 -1.839000e+01
    endloop
  endfacet
  facet normal 0.000000e+00 0.000000e+00 -1.000000e+00
    outer loop
      vertex   -3.193803e+01 -4.721189e+01 -1.839000e+01
      vertex   -3.258336e+00 -3.183368e+01 -1.839000e+01
      vertex   -2.900039e+01 -4.907114e+01 -1.839000e+01
    endloop
  endfacet
  facet normal 0.000000e+00 0.000000e+00 -1.000000e+00
    outer loop
      vertex   -2.900039e+01 -4.907114e+01 -1.839000e+01
      vertex   -3.258336e+00 -3.183368e+01 -1.839000e+01
      vertex   -2.595488e+01 -5.074785e+01 -1.839000e+01
    endloop
  endfacet
  facet normal 0.000000e+00 0.000000e+00 -1.000000e+00
    outer loop
      vertex   -2.595488e+01 -5.074785e+01 -1.839000e+01
      vertex   -3.258336e+00 -3.183368e+01 -1.839000e+01
      vertex   -2.281281e+01 -5.223577e+01 -1.839000e+01
    endloop
  endfacet
  facet normal 0.000000e+00 0.000000e+00 -1.000000e+00
    outer loop
      vertex   -2.281281e+01 -5.223577e+01 -1.839000e+01
      vertex   -3.258336e+00 -3.183368e+01 -1.839000e+01
      vertex   -1.958588e+01 -5.352937e+01 -1.839000e+01
    endloop
  endfacet
  facet normal 0.000000e+00 0.000000e+00 -1.000000e+00
    outer loop
      vertex   -1.958588e+01 -5.352937e+01 -1.839000e+01
      vertex   -3.258336e+00 -3.183368e+01 -1.839000e+01
      vertex   -1.628609e+01 -5.462383e+01 -1.839000e+01
    endloop
  endfacet
  facet normal 0.000000e+00 0.000000e+00 -1.000000e+00
    outer loop
      vertex   -1.628609e+01 -5.462383e+01 -1.839000e+01
      vertex   -3.258336e+00 -3.183368e+01 -1.839000e+01
      vertex   -1.292571e+01 -5.551510e+01 -1.839000e+01
    endloop
  endfacet
  facet normal 0.000000e+00 0.000000e+00 -1.000000e+00
    outer loop
      vertex   -1.292571e+01 -5.551510e+01 -1.839000e+01
      vertex   -3.258336e+00 -3.183368e+01 -1.839000e+01
      vertex   -9.517246e+00 -5.619984e+01 -1.839000e+01
    endloop
  endfacet
  facet normal 0.000000e+00 0.000000e+00 -1.000000e+00
    outer loop
      vertex   -9.517246e+00 -5.619984e+01 -1.839000e+01
      vertex   -3.258336e+00 -3.183368e+01 -1.839000e+01
      vertex   -6.073378e+00 -5.667552e+01 -1.839000e+01
    endloop
  endfacet
  facet normal 0.000000e+00 0.000000e+00 -1.000000e+00
    outer loop
      vertex   -6.073378e+00 -5.667552e+01 -1.839000e+01
      vertex   -3.258336e+00 -3.183368e+01 -1.839000e+01
      vertex   -2.606917e+00 -5.694035e+01 -1.839000e+01
    endloop
  endfacet
  facet normal 0.000000e+00 0.000000e+00 -1.000000e+00
    outer loop
      vertex   -2.606917e+00 -5.694035e+01 -1.839000e+01
      vertex   -3.258336e+00 -3.183368e+01 -1.839000e+01
      vertex   -6.527532e-01 -3.199334e+01 -1.839000e+01
    endloop
  endfacet
  facet normal 0.000000e+00 0.000000e+00 -1.000000e+00
    outer loop
      vertex   -2.606917e+00 -5.694035e+01 -1.839000e+01
      vertex   -6.527532e-01 -3.199334e+01 -1.839000e+01
      vertex   8.692419e-01 -5.699337e+01 -1.839000e+01
    endloop
  endfacet
  facet normal 0.000000e+00 0.000000e+00 -1.000000e+00
    outer loop
      vertex   8.692419e-01 -5.699337e+01 -1.839000e+01
      vertex   -6.527532e-01 -3.199334e+01 -1.839000e+01
      vertex   1.957173e+00 -3.194009e+01 -1.839000e+01
    endloop
  endfacet
  facet normal 0.000000e+00 0.000000e+00 -1.000000e+00
    outer loop
      vertex   8.692419e-01 -5.699337e+01 -1.839000e+01
      vertex   1.957173e+00 -3.194009e+01 -1.839000e+01
      vertex   4.342167e+00 -5.683437e+01 -1.839000e+01
    endloop
  endfacet
  facet normal 0.000000e+00 0.000000e+00 -1.000000e+00
    outer loop
      vertex   4.342167e+00 -5.683437e+01 -1.839000e+01
      vertex   1.957173e+00 -3.194009e+01 -1.839000e+01
      vertex   4.554075e+00 -3.167429e+01 -1.839000e+01
    endloop
  endfacet
  facet normal 0.000000e+00 0.000000e+00 -1.000000e+00
    outer loop
      vertex   4.342167e+00 -5.683437e+01 -1.839000e+01
      vertex   4.554075e+00 -3.167429e+01 -1.839000e+01
      vertex   7.798940e+00 -5.646394e+01 -1.839000e+01
    endloop
  endfacet
  facet normal 0.000000e+00 0.000000e+00 -1.000000e+00
    outer loop
      vertex   7.798940e+00 -5.646394e+01 -1.839000e+01
      vertex   4.554075e+00 -3.167429e+01 -1.839000e+01
      vertex   1.122670e+01 -5.588346e+01 -1.839000e+01
    endloop
  endfacet
  facet normal 0.000000e+00 0.000000e+00 -1.000000e+00
    outer loop
      vertex   1.122670e+01 -5.588346e+01 -1.839000e+01
      vertex   4.554075e+00 -3.167429e+01 -1.839000e+01
      vertex   7.120670e+00 -3.119769e+01 -1.839000e+01
    endloop
  endfacet
  facet normal 0.000000e+00 0.000000e+00 -1.000000e+00
    outer loop
      vertex   1.122670e+01 -5.588346e+01 -1.839000e+01
      vertex   7.120670e+00 -3.119769e+01 -1.839000e+01
      vertex   1.461270e+01 -5.509509e+01 -1.839000e+01
    endloop
  endfacet
  facet normal 0.000000e+00 0.000000e+00 -1.000000e+00
    outer loop
      vertex   1.461270e+01 -5.509509e+01 -1.839000e+01
      vertex   7.120670e+00 -3.119769e+01 -1.839000e+01
      vertex   9.639878e+00 -3.051348e+01 -1.839000e+01
    endloop
  endfacet
  facet normal 0.000000e+00 0.000000e+00 -1.000000e+00
    outer loop
      vertex   1.461270e+01 -5.509509e+01 -1.839000e+01
      vertex   9.639878e+00 -3.051348e+01 -1.839000e+01
      vertex   1.794433e+01 -5.410177e+01 -1.839000e+01
    endloop
  endfacet
  facet normal 0.000000e+00 0.000000e+00 -1.000000e+00
    outer loop
      vertex   1.794433e+01 -5.410177e+01 -1.839000e+01
      vertex   9.639878e+00 -3.051348e+01 -1.839000e+01
      vertex   1.209493e+01 -2.962621e+01 -1.839000e+01
    endloop
  endfacet
  facet normal 0.000000e+00 0.000000e+00 -1.000000e+00
    outer loop
      vertex   1.794433e+01 -5.410177e+01 -1.839000e+01
      vertex   1.209493e+01 -2.962621e+01 -1.839000e+01
      vertex   2.120921e+01 -5.290718e+01 -1.839000e+01
    endloop
  endfacet
  facet normal 0.000000e+00 0.000000e+00 -1.000000e+00
    outer loop
      vertex   2.120921e+01 -5.290718e+01 -1.839000e+01
      vertex   1.209493e+01 -2.962621e+01 -1.839000e+01
      vertex   2.439519e+01 -5.151577e+01 -1.839000e+01
    endloop
  endfacet
  facet normal 0.000000e+00 0.000000e+00 -1.000000e+00
    outer loop
      vertex   2.439519e+01 -5.151577e+01 -1.839000e+01
      vertex   1.209493e+01 -2.962621e+01 -1.839000e+01
      vertex   1.446950e+01 -2.854179e+01 -1.839000e+01
    endloop
  endfacet
  facet normal 0.000000e+00 0.000000e+00 -1.000000e+00
    outer loop
      vertex   2.439519e+01 -5.151577e+01 -1.839000e+01
      vertex   1.446950e+01 -2.854179e+01 -1.839000e+01
      vertex   2.749042e+01 -4.993272e+01 -1.839000e+01
    endloop
  endfacet
  facet normal 0.000000e+00 0.000000e+00 -1.000000e+00
    outer loop
      vertex   2.749042e+01 -4.993272e+01 -1.839000e+01
      vertex   1.446950e+01 -2.854179e+01 -1.839000e+01
      vertex   1.674778e+01 -2.726742e+01 -1.839000e+01
    endloop
  endfacet
  facet normal 0.000000e+00 0.000000e+00 -1.000000e+00
    outer loop
      vertex   2.749042e+01 -4.993272e+01 -1.839000e+01
      vertex   1.674778e+01 -2.726742e+01 -1.839000e+01
      vertex   3.048339e+01 -4.816392e+01 -1.839000e+01
    endloop
  endfacet
  facet normal 0.000000e+00 0.000000e+00 -1.000000e+00
    outer loop
      vertex   3.048339e+01 -4.816392e+01 -1.839000e+01
      vertex   1.674778e+01 -2.726742e+01 -1.839000e+01
      vertex   1.891460e+01 -2.581159e+01 -1.839000e+01
    endloop
  endfacet
  facet normal 0.000000e+00 0.000000e+00 -1.000000e+00
    outer loop
      vertex   3.048339e+01 -4.816392e+01 -1.839000e+01
      vertex   1.891460e+01 -2.581159e+01 -1.839000e+01
      vertex   3.336295e+01 -4.621594e+01 -1.839000e+01
    endloop
  endfacet
  facet normal 0.000000e+00 0.000000e+00 -1.000000e+00
    outer loop
      vertex   3.336295e+01 -4.621594e+01 -1.839000e+01
      vertex   1.891460e+01 -2.581159e+01 -1.839000e+01
      vertex   3.611840e+01 -4.409604e+01 -1.839000e+01
    endloop
  endfacet
  facet normal 0.000000e+00 0.000000e+00 -1.000000e+00
    outer loop
      vertex   3.611840e+01 -4.409604e+01 -1.839000e+01
      vertex   1.891460e+01 -2.581159e+01 -1.839000e+01
      vertex   2.095554e+01 -2.418399e+01 -1.839000e+01
    endloop
  endfacet
  facet normal 0.000000e+00 0.000000e+00 -1.000000e+00
    outer loop
      vertex   3.611840e+01 -4.409604e+01 -1.839000e+01
      vertex   2.095554e+01 -2.418399e+01 -1.839000e+01
      vertex   3.873949e+01 -4.181210e+01 -1.839000e+01
    endloop
  endfacet
  facet normal 0.000000e+00 0.000000e+00 -1.000000e+00
    outer loop
      vertex   3.873949e+01 -4.181210e+01 -1.839000e+01
      vertex   2.095554e+01 -2.418399e+01 -1.839000e+01
      vertex   2.285704e+01 -2.239544e+01 -1.839000e+01
    endloop
  endfacet
  facet normal 0.000000e+00 0.000000e+00 -1.000000e+00
    outer loop
      vertex   3.873949e+01 -4.181210e+01 -1.839000e+01
      vertex   2.285704e+01 -2.239544e+01 -1.839000e+01
      vertex   4.121647e+01 -3.937262e+01 -1.839000e+01
    endloop
  endfacet
  facet normal 0.000000e+00 0.000000e+00 -1.000000e+00
    outer loop
      vertex   4.121647e+01 -3.937262e+01 -1.839000e+01
      vertex   2.285704e+01 -2.239544e+01 -1.839000e+01
      vertex   2.460642e+01 -2.045787e+01 -1.839000e+01
    endloop
  endfacet
  facet normal 0.000000e+00 0.000000e+00 -1.000000e+00
    outer loop
      vertex   4.121647e+01 -3.937262e+01 -1.839000e+01
      vertex   2.460642e+01 -2.045787e+01 -1.839000e+01
      vertex   4.354011e+01 -3.678666e+01 -1.839000e+01
    endloop
  endfacet
  facet normal 0.000000e+00 0.000000e+00 -1.000000e+00
    outer loop
      vertex   4.354011e+01 -3.678666e+01 -1.839000e+01
      vertex   2.460642e+01 -2.045787e+01 -1.839000e+01
      vertex   4.570179e+01 -3.406386e+01 -1.839000e+01
    endloop
  endfacet
  facet normal 0.000000e+00 0.000000e+00 -1.000000e+00
    outer loop
      vertex   4.570179e+01 -3.406386e+01 -1.839000e+01
      vertex   2.460642e+01 -2.045787e+01 -1.839000e+01
      vertex   2.619205e+01 -1.838414e+01 -1.839000e+01
    endloop
  endfacet
  facet normal 0.000000e+00 0.000000e+00 -1.000000e+00
    outer loop
      vertex   4.570179e+01 -3.406386e+01 -1.839000e+01
      vertex   2.619205e+01 -1.838414e+01 -1.839000e+01
      vertex   4.769345e+01 -3.121434e+01 -1.839000e+01
    endloop
  endfacet
  facet normal 0.000000e+00 0.000000e+00 -1.000000e+00
    outer loop
      vertex   4.769345e+01 -3.121434e+01 -1.839000e+01
      vertex   2.619205e+01 -1.838414e+01 -1.839000e+01
      vertex   2.760337e+01 -1.618808e+01 -1.839000e+01
    endloop
  endfacet
  facet normal 0.000000e+00 0.000000e+00 -1.000000e+00
    outer loop
      vertex   4.769345e+01 -3.121434e+01 -1.839000e+01
      vertex   2.760337e+01 -1.618808e+01 -1.839000e+01
      vertex   4.950769e+01 -2.824869e+01 -1.839000e+01
    endloop
  endfacet
  facet normal 0.000000e+00 0.000000e+00 -1.000000e+00
    outer loop
      vertex   4.950769e+01 -2.824869e+01 -1.839000e+01
      vertex   2.760337e+01 -1.618808e+01 -1.839000e+01
      vertex   2.883100e+01 -1.388428e+01 -1.839000e+01
    endloop
  endfacet
  facet normal 0.000000e+00 0.000000e+00 -1.000000e+00
    outer loop
      vertex   4.950769e+01 -2.824869e+01 -1.839000e+01
      vertex   2.883100e+01 -1.388428e+01 -1.839000e+01
      vertex   5.113776e+01 -2.517797e+01 -1.839000e+01
    endloop
  endfacet
  facet normal 0.000000e+00 0.000000e+00 -1.000000e+00
    outer loop
      vertex   5.113776e+01 -2.517797e+01 -1.839000e+01
      vertex   2.883100e+01 -1.388428e+01 -1.839000e+01
      vertex   5.257759e+01 -2.201357e+01 -1.839000e+01
    endloop
  endfacet
  facet normal 0.000000e+00 0.000000e+00 -1.000000e+00
    outer loop
      vertex   5.257759e+01 -2.201357e+01 -1.839000e+01
      vertex   2.883100e+01 -1.388428e+01 -1.839000e+01
      vertex   2.986677e+01 -1.148809e+01 -1.839000e+01
    endloop
  endfacet
  facet normal 0.000000e+00 0.000000e+00 -1.000000e+00
    outer loop
      vertex   5.257759e+01 -2.201357e+01 -1.839000e+01
      vertex   2.986677e+01 -1.148809e+01 -1.839000e+01
      vertex   5.382183e+01 -1.876729e+01 -1.839000e+01
    endloop
  endfacet
  facet normal 0.000000e+00 0.000000e+00 -1.000000e+00
    outer loop
      vertex   5.382183e+01 -1.876729e+01 -1.839000e+01
      vertex   2.986677e+01 -1.148809e+01 -1.839000e+01
      vertex   3.070378e+01 -9.015442e+00 -1.839000e+01
    endloop
  endfacet
  facet normal 0.000000e+00 0.000000e+00 -1.000000e+00
    outer loop
      vertex   5.382183e+01 -1.876729e+01 -1.839000e+01
      vertex   3.070378e+01 -9.015442e+00 -1.839000e+01
      vertex   5.486584e+01 -1.545119e+01 -1.839000e+01
    endloop
  endfacet
  facet normal 0.000000e+00 0.000000e+00 -1.000000e+00
    outer loop
      vertex   5.486584e+01 -1.545119e+01 -1.839000e+01
      vertex   3.070378e+01 -9.015442e+00 -1.839000e+01
      vertex   3.133645e+01 -6.482801e+00 -1.839000e+01
    endloop
  endfacet
  facet normal 0.000000e+00 0.000000e+00 -1.000000e+00
    outer loop
      vertex   5.486584e+01 -1.545119e+01 -1.839000e+01
      vertex   3.133645e+01 -6.482801e+00 -1.839000e+01
      vertex   5.570576e+01 -1.207761e+01 -1.839000e+01
    endloop
  endfacet
  facet normal 0.000000e+00 0.000000e+00 -1.000000e+00
    outer loop
      vertex   5.570576e+01 -1.207761e+01 -1.839000e+01
      vertex   3.133645e+01 -6.482801e+00 -1.839000e+01
      vertex   5.633844e+01 -8.659100e+00 -1.839000e+01
    endloop
  endfacet
  facet normal 0.000000e+00 0.000000e+00 -1.000000e+00
    outer loop
      vertex   5.633844e+01 -8.659100e+00 -1.839000e+01
      vertex   3.133645e+01 -6.482801e+00 -1.839000e+01
      vertex   3.176059e+01 -3.907018e+00 -1.839000e+01
    endloop
  endfacet
  facet normal 0.000000e+00 0.000000e+00 -1.000000e+00
    outer loop
      vertex   5.633844e+01 -8.659100e+00 -1.839000e+01
      vertex   3.176059e+01 -3.907018e+00 -1.839000e+01
      vertex   5.676154e+01 -5.208379e+00 -1.839000e+01
    endloop
  endfacet
  facet normal 0.000000e+00 0.000000e+00 -1.000000e+00
    outer loop
      vertex   5.676154e+01 -5.208379e+00 -1.839000e+01
      vertex   3.176059e+01 -3.907018e+00 -1.839000e+01
      vertex   3.197337e+01 -1.305235e+00 -1.839000e+01
    endloop
  endfacet
  facet normal 0.000000e+00 0.000000e+00 -1.000000e+00
    outer loop
      vertex   5.676154e+01 -5.208379e+00 -1.839000e+01
      vertex   3.197337e+01 -1.305235e+00 -1.839000e+01
      vertex   5.697349e+01 -1.738282e+00 -1.839000e+01
    endloop
  endfacet
  facet normal 0.000000e+00 0.000000e+00 -1.000000e+00
    outer loop
      vertex   5.697349e+01 -1.738282e+00 -1.839000e+01
      vertex   3.197337e+01 -1.305235e+00 -1.839000e+01
      vertex   5.697349e+01 1.738282e+00 -1.839000e+01
    endloop
  endfacet
  facet normal 0.000000e+00 0.000000e+00 -1.000000e+00
    outer loop
      vertex   5.697349e+01 1.738282e+00 -1.839000e+01
      vertex   3.197337e+01 -1.305235e+00 -1.839000e+01
      vertex   3.197337e+01 1.305235e+00 -1.839000e+01
    endloop
  endfacet
  facet normal -0.000000e+00 0.000000e+00 -1.000000e+00
    outer loop
      vertex   5.697349e+01 1.738282e+00 -1.839000e+01
      vertex   3.197337e+01 1.305235e+00 -1.839000e+01
      vertex   5.676154e+01 5.208379e+00 -1.839000e+01
    endloop
  endfacet
  facet normal 0.000000e+00 0.000000e+00 -1.000000e+00
    outer loop
      vertex   5.676154e+01 5.208379e+00 -1.839000e+01
      vertex   3.197337e+01 1.305235e+00 -1.839000e+01
      vertex   3.176059e+01 3.907018e+00 -1.839000e+01
    endloop
  endfacet
  facet normal -0.000000e+00 0.000000e+00 -1.000000e+00
    outer loop
      vertex   5.676154e+01 5.208379e+00 -1.839000e+01
      vertex   3.176059e+01 3.907018e+00 -1.839000e+01
      vertex   5.633844e+01 8.659100e+00 -1.839000e+01
    endloop
  endfacet
  facet normal 0.000000e+00 0.000000e+00 -1.000000e+00
    outer loop
      vertex   5.633844e+01 8.659100e+00 -1.839000e+01
      vertex   3.176059e+01 3.907018e+00 -1.839000e+01
      vertex   3.133645e+01 6.482801e+00 -1.839000e+01
    endloop
  endfacet
  facet normal -0.000000e+00 0.000000e+00 -1.000000e+00
    outer loop
      vertex   5.633844e+01 8.659100e+00 -1.839000e+01
      vertex   3.133645e+01 6.482801e+00 -1.839000e+01
      vertex   5.570576e+01 1.207761e+01 -1.839000e+01
    endloop
  endfacet
  facet normal -0.000000e+00 0.000000e+00 -1.000000e+00
    outer loop
      vertex   5.570576e+01 1.207761e+01 -1.839000e+01
      vertex   3.133645e+01 6.482801e+00 -1.839000e+01
      vertex   5.486584e+01 1.545119e+01 -1.839000e+01
    endloop
  endfacet
  facet normal 0.000000e+00 0.000000e+00 -1.000000e+00
    outer loop
      vertex   5.486584e+01 1.545119e+01 -1.839000e+01
      vertex   3.133645e+01 6.482801e+00 -1.839000e+01
      vertex   3.070378e+01 9.015442e+00 -1.839000e+01
    endloop
  endfacet
  facet normal -0.000000e+00 0.000000e+00 -1.000000e+00
    outer loop
      vertex   5.486584e+01 1.545119e+01 -1.839000e+01
      vertex   3.070378e+01 9.015442e+00 -1.839000e+01
      vertex   5.382183e+01 1.876729e+01 -1.839000e+01
    endloop
  endfacet
  facet normal 0.000000e+00 0.000000e+00 -1.000000e+00
    outer loop
      vertex   5.382183e+01 1.876729e+01 -1.839000e+01
      vertex   3.070378e+01 9.015442e+00 -1.839000e+01
      vertex   2.986677e+01 1.148809e+01 -1.839000e+01
    endloop
  endfacet
  facet normal -0.000000e+00 0.000000e+00 -1.000000e+00
    outer loop
      vertex   5.382183e+01 1.876729e+01 -1.839000e+01
      vertex   2.986677e+01 1.148809e+01 -1.839000e+01
      vertex   5.257759e+01 2.201357e+01 -1.839000e+01
    endloop
  endfacet
  facet normal 0.000000e+00 0.000000e+00 -1.000000e+00
    outer loop
      vertex   5.257759e+01 2.201357e+01 -1.839000e+01
      vertex   2.986677e+01 1.148809e+01 -1.839000e+01
      vertex   2.883100e+01 1.388428e+01 -1.839000e+01
    endloop
  endfacet
  facet normal -0.000000e+00 0.000000e+00 -1.000000e+00
    outer loop
      vertex   5.257759e+01 2.201357e+01 -1.839000e+01
      vertex   2.883100e+01 1.388428e+01 -1.839000e+01
      vertex   5.113776e+01 2.517797e+01 -1.839000e+01
    endloop
  endfacet
  facet normal -0.000000e+00 0.000000e+00 -1.000000e+00
    outer loop
      vertex   5.113776e+01 2.517797e+01 -1.839000e+01
      vertex   2.883100e+01 1.388428e+01 -1.839000e+01
      vertex   4.950769e+01 2.824869e+01 -1.839000e+01
    endloop
  endfacet
  facet normal 0.000000e+00 0.000000e+00 -1.000000e+00
    outer loop
      vertex   4.950769e+01 2.824869e+01 -1.839000e+01
      vertex   2.883100e+01 1.388428e+01 -1.839000e+01
      vertex   2.760337e+01 1.618808e+01 -1.839000e+01
    endloop
  endfacet
  facet normal -0.000000e+00 0.000000e+00 -1.000000e+00
    outer loop
      vertex   4.950769e+01 2.824869e+01 -1.839000e+01
      vertex   2.760337e+01 1.618808e+01 -1.839000e+01
      vertex   4.769345e+01 3.121434e+01 -1.839000e+01
    endloop
  endfacet
  facet normal 0.000000e+00 0.000000e+00 -1.000000e+00
    outer loop
      vertex   4.769345e+01 3.121434e+01 -1.839000e+01
      vertex   2.760337e+01 1.618808e+01 -1.839000e+01
      vertex   2.619205e+01 1.838414e+01 -1.839000e+01
    endloop
  endfacet
  facet normal -0.000000e+00 0.000000e+00 -1.000000e+00
    outer loop
      vertex   4.769345e+01 3.121434e+01 -1.839000e+01
      vertex   2.619205e+01 1.838414e+01 -1.839000e+01
      vertex   4.570179e+01 3.406386e+01 -1.839000e+01
    endloop
  endfacet
  facet normal 0.000000e+00 0.000000e+00 -1.000000e+00
    outer loop
      vertex   4.570179e+01 3.406386e+01 -1.839000e+01
      vertex   2.619205e+01 1.838414e+01 -1.839000e+01
      vertex   2.460642e+01 2.045787e+01 -1.839000e+01
    endloop
  endfacet
  facet normal -0.000000e+00 0.000000e+00 -1.000000e+00
    outer loop
      vertex   4.570179e+01 3.406386e+01 -1.839000e+01
      vertex   2.460642e+01 2.045787e+01 -1.839000e+01
      vertex   4.354011e+01 3.678666e+01 -1.839000e+01
    endloop
  endfacet
  facet normal -0.000000e+00 0.000000e+00 -1.000000e+00
    outer loop
      vertex   4.354011e+01 3.678666e+01 -1.839000e+01
      vertex   2.460642e+01 2.045787e+01 -1.839000e+01
      vertex   4.121647e+01 3.937262e+01 -1.839000e+01
    endloop
  endfacet
  facet normal 0.000000e+00 0.000000e+00 -1.000000e+00
    outer loop
      vertex   4.121647e+01 3.937262e+01 -1.839000e+01
      vertex   2.460642e+01 2.045787e+01 -1.839000e+01
      vertex   2.285704e+01 2.239544e+01 -1.839000e+01
    endloop
  endfacet
  facet normal -0.000000e+00 0.000000e+00 -1.000000e+00
    outer loop
      vertex   4.121647e+01 3.937262e+01 -1.839000e+01
      vertex   2.285704e+01 2.239544e+01 -1.839000e+01
      vertex   3.873949e+01 4.181210e+01 -1.839000e+01
    endloop
  endfacet
  facet normal 0.000000e+00 0.000000e+00 -1.000000e+00
    outer loop
      vertex   3.873949e+01 4.181210e+01 -1.839000e+01
      vertex   2.285704e+01 2.239544e+01 -1.839000e+01
      vertex   2.095554e+01 2.418399e+01 -1.839000e+01
    endloop
  endfacet
  facet normal -0.000000e+00 0.000000e+00 -1.000000e+00
    outer loop
      vertex   3.873949e+01 4.181210e+01 -1.839000e+01
      vertex   2.095554e+01 2.418399e+01 -1.839000e+01
      vertex   3.611840e+01 4.409604e+01 -1.839000e+01
    endloop
  endfacet
  facet normal 0.000000e+00 0.000000e+00 -1.000000e+00
    outer loop
      vertex   3.611840e+01 4.409604e+01 -1.839000e+01
      vertex   2.095554e+01 2.418399e+01 -1.839000e+01
      vertex   1.891460e+01 2.581159e+01 -1.839000e+01
    endloop
  endfacet
  facet normal -0.000000e+00 0.000000e+00 -1.000000e+00
    outer loop
      vertex   3.611840e+01 4.409604e+01 -1.839000e+01
      vertex   1.891460e+01 2.581159e+01 -1.839000e+01
      vertex   3.336295e+01 4.621594e+01 -1.839000e+01
    endloop
  endfacet
  facet normal -0.000000e+00 0.000000e+00 -1.000000e+00
    outer loop
      vertex   3.336295e+01 4.621594e+01 -1.839000e+01
      vertex   1.891460e+01 2.581159e+01 -1.839000e+01
      vertex   3.048339e+01 4.816392e+01 -1.839000e+01
    endloop
  endfacet
  facet normal 0.000000e+00 0.000000e+00 -1.000000e+00
    outer loop
      vertex   3.048339e+01 4.816392e+01 -1.839000e+01
      vertex   1.891460e+01 2.581159e+01 -1.839000e+01
      vertex   1.674778e+01 2.726742e+01 -1.839000e+01
    endloop
  endfacet
  facet normal -0.000000e+00 0.000000e+00 -1.000000e+00
    outer loop
      vertex   3.048339e+01 4.816392e+01 -1.839000e+01
      vertex   1.674778e+01 2.726742e+01 -1.839000e+01
      vertex   2.749042e+01 4.993272e+01 -1.839000e+01
    endloop
  endfacet
  facet normal 0.000000e+00 0.000000e+00 -1.000000e+00
    outer loop
      vertex   2.749042e+01 4.993272e+01 -1.839000e+01
      vertex   1.674778e+01 2.726742e+01 -1.839000e+01
      vertex   1.446950e+01 2.854179e+01 -1.839000e+01
    endloop
  endfacet
  facet normal -0.000000e+00 0.000000e+00 -1.000000e+00
    outer loop
      vertex   2.749042e+01 4.993272e+01 -1.839000e+01
      vertex   1.446950e+01 2.854179e+01 -1.839000e+01
      vertex   2.439519e+01 5.151577e+01 -1.839000e+01
    endloop
  endfacet
  facet normal 0.000000e+00 0.000000e+00 -1.000000e+00
    outer loop
      vertex   2.439519e+01 5.151577e+01 -1.839000e+01
      vertex   1.446950e+01 2.854179e+01 -1.839000e+01
      vertex   1.209493e+01 2.962621e+01 -1.839000e+01
    endloop
  endfacet
  facet normal -0.000000e+00 0.000000e+00 -1.000000e+00
    outer loop
      vertex   2.439519e+01 5.151577e+01 -1.839000e+01
      vertex   1.209493e+01 2.962621e+01 -1.839000e+01
      vertex   2.120921e+01 5.290718e+01 -1.839000e+01
    endloop
  endfacet
  facet normal -0.000000e+00 0.000000e+00 -1.000000e+00
    outer loop
      vertex   2.120921e+01 5.290718e+01 -1.839000e+01
      vertex   1.209493e+01 2.962621e+01 -1.839000e+01
      vertex   1.794433e+01 5.410177e+01 -1.839000e+01
    endloop
  endfacet
  facet normal 0.000000e+00 0.000000e+00 -1.000000e+00
    outer loop
      vertex   1.794433e+01 5.410177e+01 -1.839000e+01
      vertex   1.209493e+01 2.962621e+01 -1.839000e+01
      vertex   9.639878e+00 3.051348e+01 -1.839000e+01
    endloop
  endfacet
  facet normal -0.000000e+00 0.000000e+00 -1.000000e+00
    outer loop
      vertex   1.794433e+01 5.410177e+01 -1.839000e+01
      vertex   9.639878e+00 3.051348e+01 -1.839000e+01
      vertex   1.461270e+01 5.509509e+01 -1.839000e+01
    endloop
  endfacet
  facet normal 0.000000e+00 0.000000e+00 -1.000000e+00
    outer loop
      vertex   1.461270e+01 5.509509e+01 -1.839000e+01
      vertex   9.639878e+00 3.051348e+01 -1.839000e+01
      vertex   7.120670e+00 3.119769e+01 -1.839000e+01
    endloop
  endfacet
  facet normal -0.000000e+00 0.000000e+00 -1.000000e+00
    outer loop
      vertex   1.461270e+01 5.509509e+01 -1.839000e+01
      vertex   7.120670e+00 3.119769e+01 -1.839000e+01
      vertex   1.122670e+01 5.588346e+01 -1.839000e+01
    endloop
  endfacet
  facet normal 0.000000e+00 0.000000e+00 -1.000000e+00
    outer loop
      vertex   1.122670e+01 5.588346e+01 -1.839000e+01
      vertex   7.120670e+00 3.119769e+01 -1.839000e+01
      vertex   4.554075e+00 3.167429e+01 -1.839000e+01
    endloop
  endfacet
  facet normal -0.000000e+00 0.000000e+00 -1.000000e+00
    outer loop
      vertex   1.122670e+01 5.588346e+01 -1.839000e+01
      vertex   4.554075e+00 3.167429e+01 -1.839000e+01
      vertex   7.798940e+00 5.646394e+01 -1.839000e+01
    endloop
  endfacet
  facet normal -0.000000e+00 0.000000e+00 -1.000000e+00
    outer loop
      vertex   7.798940e+00 5.646394e+01 -1.839000e+01
      vertex   4.554075e+00 3.167429e+01 -1.839000e+01
      vertex   4.342167e+00 5.683437e+01 -1.839000e+01
    endloop
  endfacet
  facet normal 0.000000e+00 -0.000000e+00 -1.000000e+00
    outer loop
      vertex   4.342167e+00 5.683437e+01 -1.839000e+01
      vertex   4.554075e+00 3.167429e+01 -1.839000e+01
      vertex   1.957173e+00 3.194009e+01 -1.839000e+01
    endloop
  endfacet
  facet normal -0.000000e+00 0.000000e+00 -1.000000e+00
    outer loop
      vertex   4.342167e+00 5.683437e+01 -1.839000e+01
      vertex   1.957173e+00 3.194009e+01 -1.839000e+01
      vertex   8.692419e-01 5.699337e+01 -1.839000e+01
    endloop
  endfacet
  facet normal 0.000000e+00 -0.000000e+00 -1.000000e+00
    outer loop
      vertex   8.692419e-01 5.699337e+01 -1.839000e+01
      vertex   1.957173e+00 3.194009e+01 -1.839000e+01
      vertex   -6.527532e-01 3.199334e+01 -1.839000e+01
    endloop
  endfacet
  facet normal 0.000000e+00 0.000000e+00 -1.000000e+00
    outer loop
      vertex   8.692419e-01 5.699337e+01 -1.839000e+01
      vertex   -6.527532e-01 3.199334e+01 -1.839000e+01
      vertex   -2.606917e+00 5.694035e+01 -1.839000e+01
    endloop
  endfacet
  facet normal 0.000000e+00 -0.000000e+00 -1.000000e+00
    outer loop
      vertex   -2.606917e+00 5.694035e+01 -1.839000e+01
      vertex   -6.527532e-01 3.199334e+01 -1.839000e+01
      vertex   -6.073378e+00 5.667552e+01 -1.839000e+01
    endloop
  endfacet
  facet normal 0.000000e+00 -0.000000e+00 -1.000000e+00
    outer loop
      vertex   -6.073378e+00 5.667552e+01 -1.839000e+01
      vertex   -6.527532e-01 3.199334e+01 -1.839000e+01
      vertex   -9.517246e+00 5.619984e+01 -1.839000e+01
    endloop
  endfacet
  facet normal 0.000000e+00 -0.000000e+00 -1.000000e+00
    outer loop
      vertex   -9.517246e+00 5.619984e+01 -1.839000e+01
      vertex   -6.527532e-01 3.199334e+01 -1.839000e+01
      vertex   -1.292571e+01 5.551510e+01 -1.839000e+01
    endloop
  endfacet
  facet normal 0.000000e+00 -0.000000e+00 -1.000000e+00
    outer loop
      vertex   -1.292571e+01 5.551510e+01 -1.839000e+01
      vertex   -6.527532e-01 3.199334e+01 -1.839000e+01
      vertex   -1.628609e+01 5.462383e+01 -1.839000e+01
    endloop
  endfacet
  facet normal 0.000000e+00 -0.000000e+00 -1.000000e+00
    outer loop
      vertex   -1.628609e+01 5.462383e+01 -1.839000e+01
      vertex   -6.527532e-01 3.199334e+01 -1.839000e+01
      vertex   -1.958588e+01 5.352937e+01 -1.839000e+01
    endloop
  endfacet
  facet normal 0.000000e+00 -0.000000e+00 -1.000000e+00
    outer loop
      vertex   -1.958588e+01 5.352937e+01 -1.839000e+01
      vertex   -6.527532e-01 3.199334e+01 -1.839000e+01
      vertex   -2.281281e+01 5.223577e+01 -1.839000e+01
    endloop
  endfacet
  facet normal 0.000000e+00 -0.000000e+00 -1.000000e+00
    outer loop
      vertex   -2.281281e+01 5.223577e+01 -1.839000e+01
      vertex   -6.527532e-01 3.199334e+01 -1.839000e+01
      vertex   -2.595488e+01 5.074785e+01 -1.839000e+01
    endloop
  endfacet
  facet normal 0.000000e+00 -0.000000e+00 -1.000000e+00
    outer loop
      vertex   -2.595488e+01 5.074785e+01 -1.839000e+01
      vertex   -6.527532e-01 3.199334e+01 -1.839000e+01
      vertex   -2.900039e+01 4.907114e+01 -1.839000e+01
    endloop
  endfacet
  facet normal 0.000000e+00 -0.000000e+00 -1.000000e+00
    outer loop
      vertex   -2.900039e+01 4.907114e+01 -1.839000e+01
      vertex   -6.527532e-01 3.199334e+01 -1.839000e+01
      vertex   -3.193803e+01 4.721189e+01 -1.839000e+01
    endloop
  endfacet
  facet normal 0.000000e+00 -0.000000e+00 -1.000000e+00
    outer loop
      vertex   -3.193803e+01 4.721189e+01 -1.839000e+01
      vertex   -6.527532e-01 3.199334e+01 -1.839000e+01
      vertex   -3.475684e+01 4.517701e+01 -1.839000e+01
    endloop
  endfacet
  facet normal 0.000000e+00 -0.000000e+00 -1.000000e+00
    outer loop
      vertex   -3.475684e+01 4.517701e+01 -1.839000e+01
      vertex   -6.527532e-01 3.199334e+01 -1.839000e+01
      vertex   -3.744636e+01 4.297406e+01 -1.839000e+01
    endloop
  endfacet
  facet normal 0.000000e+00 -0.000000e+00 -1.000000e+00
    outer loop
      vertex   -3.744636e+01 4.297406e+01 -1.839000e+01
      vertex   -6.527532e-01 3.199334e+01 -1.839000e+01
      vertex   -3.999658e+01 4.061125e+01 -1.839000e+01
    endloop
  endfacet
  facet normal 0.000000e+00 -0.000000e+00 -1.000000e+00
    outer loop
      vertex   -3.999658e+01 4.061125e+01 -1.839000e+01
      vertex   -6.527532e-01 3.199334e+01 -1.839000e+01
      vertex   -4.239801e+01 3.809736e+01 -1.839000e+01
    endloop
  endfacet
  facet normal 0.000000e+00 -0.000000e+00 -1.000000e+00
    outer loop
      vertex   -4.239801e+01 3.809736e+01 -1.839000e+01
      vertex   -6.527532e-01 3.199334e+01 -1.839000e+01
      vertex   -4.464172e+01 3.544174e+01 -1.839000e+01
    endloop
  endfacet
  facet normal 0.000000e+00 -0.000000e+00 -1.000000e+00
    outer loop
      vertex   -4.464172e+01 3.544174e+01 -1.839000e+01
      vertex   -6.527532e-01 3.199334e+01 -1.839000e+01
      vertex   -4.671935e+01 3.265429e+01 -1.839000e+01
    endloop
  endfacet
  facet normal 0.000000e+00 0.000000e+00 -1.000000e+00
    outer loop
      vertex   -4.671935e+01 3.265429e+01 -1.839000e+01
      vertex   -6.527532e-01 3.199334e+01 -1.839000e+01
      vertex   -3.258336e+00 3.183368e+01 -1.839000e+01
    endloop
  endfacet
  facet normal 0.000000e+00 0.000000e+00 -1.000000e+00
    outer loop
      vertex   -4.671935e+01 3.265429e+01 -1.839000e+01
      vertex   -3.258336e+00 3.183368e+01 -1.839000e+01
      vertex   -5.842234e+00 3.146217e+01 -1.839000e+01
    endloop
  endfacet
  facet normal -0.000000e+00 0.000000e+00 -1.000000e+00
    outer loop
      vertex   -5.842234e+00 3.146217e+01 -1.839000e+01
      vertex   -8.387254e+00 3.088129e+01 -1.839000e+01
      vertex   -4.671935e+01 3.265429e+01 -1.839000e+01
    endloop
  endfacet
  facet normal 0.000000e+00 0.000000e+00 -1.000000e+00
    outer loop
      vertex   -4.671935e+01 3.265429e+01 -1.839000e+01
      vertex   -8.387254e+00 3.088129e+01 -1.839000e+01
      vertex   -1.087646e+01 3.009489e+01 -1.839000e+01
    endloop
  endfacet
  facet normal 0.000000e+00 0.000000e+00 -1.000000e+00
    outer loop
      vertex   -4.671935e+01 3.265429e+01 -1.839000e+01
      vertex   -1.087646e+01 3.009489e+01 -1.839000e+01
      vertex   -1.329328e+01 2.910822e+01 -1.839000e+01
    endloop
  endfacet
  facet normal -0.000000e+00 0.000000e+00 -1.000000e+00
    outer loop
      vertex   -1.329328e+01 2.910822e+01 -1.839000e+01
      vertex   -1.562164e+01 2.792784e+01 -1.839000e+01
      vertex   -4.671935e+01 3.265429e+01 -1.839000e+01
    endloop
  endfacet
  facet normal 0.000000e+00 0.000000e+00 -1.000000e+00
    outer loop
      vertex   -4.671935e+01 3.265429e+01 -1.839000e+01
      vertex   -1.562164e+01 2.792784e+01 -1.839000e+01
      vertex   -1.784604e+01 2.656161e+01 -1.839000e+01
    endloop
  endfacet
  facet normal 0.000000e+00 0.000000e+00 -1.000000e+00
    outer loop
      vertex   -4.671935e+01 3.265429e+01 -1.839000e+01
      vertex   -1.784604e+01 2.656161e+01 -1.839000e+01
      vertex   -1.995167e+01 2.501861e+01 -1.839000e+01
    endloop
  endfacet
  facet normal -0.000000e+00 0.000000e+00 -1.000000e+00
    outer loop
      vertex   -1.995167e+01 2.501861e+01 -1.839000e+01
      vertex   -2.192453e+01 2.330911e+01 -1.839000e+01
      vertex   -4.671935e+01 3.265429e+01 -1.839000e+01
    endloop
  endfacet
  facet normal 0.000000e+00 0.000000e+00 -1.000000e+00
    outer loop
      vertex   -4.671935e+01 3.265429e+01 -1.839000e+01
      vertex   -2.192453e+01 2.330911e+01 -1.839000e+01
      vertex   -2.375149e+01 2.144450e+01 -1.839000e+01
    endloop
  endfacet
  facet normal 0.000000e+00 0.000000e+00 -1.000000e+00
    outer loop
      vertex   -4.671935e+01 3.265429e+01 -1.839000e+01
      vertex   -2.375149e+01 2.144450e+01 -1.839000e+01
      vertex   -2.542039e+01 1.943718e+01 -1.839000e+01
    endloop
  endfacet
  facet normal -0.000000e+00 0.000000e+00 -1.000000e+00
    outer loop
      vertex   -2.542039e+01 1.943718e+01 -1.839000e+01
      vertex   -2.692011e+01 1.730051e+01 -1.839000e+01
      vertex   -4.671935e+01 3.265429e+01 -1.839000e+01
    endloop
  endfacet
  facet normal 0.000000e+00 -0.000000e+00 -1.000000e+00
    outer loop
      vertex   -4.671935e+01 3.265429e+01 -1.839000e+01
      vertex   -2.692011e+01 1.730051e+01 -1.839000e+01
      vertex   -4.862319e+01 2.974535e+01 -1.839000e+01
    endloop
  endfacet
  facet normal 0.000000e+00 0.000000e+00 -1.000000e+00
    outer loop
      vertex   -4.862319e+01 2.974535e+01 -1.839000e+01
      vertex   -2.692011e+01 1.730051e+01 -1.839000e+01
      vertex   -2.824069e+01 1.504870e+01 -1.839000e+01
    endloop
  endfacet
  facet normal 0.000000e+00 -0.000000e+00 -1.000000e+00
    outer loop
      vertex   -4.862319e+01 2.974535e+01 -1.839000e+01
      vertex   -2.824069e+01 1.504870e+01 -1.839000e+01
      vertex   -5.034614e+01 2.672576e+01 -1.839000e+01
    endloop
  endfacet
  facet normal 0.000000e+00 -0.000000e+00 -1.000000e+00
    outer loop
      vertex   -5.034614e+01 2.672576e+01 -1.839000e+01
      vertex   -2.824069e+01 1.504870e+01 -1.839000e+01
      vertex   -5.188180e+01 2.360675e+01 -1.839000e+01
    endloop
  endfacet
  facet normal 0.000000e+00 0.000000e+00 -1.000000e+00
    outer loop
      vertex   -5.188180e+01 2.360675e+01 -1.839000e+01
      vertex   -2.824069e+01 1.504870e+01 -1.839000e+01
      vertex   -2.937333e+01 1.269675e+01 -1.839000e+01
    endloop
  endfacet
  facet normal 0.000000e+00 -0.000000e+00 -1.000000e+00
    outer loop
      vertex   -5.188180e+01 2.360675e+01 -1.839000e+01
      vertex   -2.937333e+01 1.269675e+01 -1.839000e+01
      vertex   -5.322446e+01 2.039992e+01 -1.839000e+01
    endloop
  endfacet
  facet normal 0.000000e+00 0.000000e+00 -1.000000e+00
    outer loop
      vertex   -5.322446e+01 2.039992e+01 -1.839000e+01
      vertex   -2.937333e+01 1.269675e+01 -1.839000e+01
      vertex   -3.031050e+01 1.026030e+01 -1.839000e+01
    endloop
  endfacet
  facet normal 0.000000e+00 -0.000000e+00 -1.000000e+00
    outer loop
      vertex   -5.322446e+01 2.039992e+01 -1.839000e+01
      vertex   -3.031050e+01 1.026030e+01 -1.839000e+01
      vertex   -5.436912e+01 1.711720e+01 -1.839000e+01
    endloop
  endfacet
  facet normal 0.000000e+00 0.000000e+00 -1.000000e+00
    outer loop
      vertex   -5.436912e+01 1.711720e+01 -1.839000e+01
      vertex   -3.031050e+01 1.026030e+01 -1.839000e+01
      vertex   -3.104595e+01 7.755576e+00 -1.839000e+01
    endloop
  endfacet
  facet normal 0.000000e+00 -0.000000e+00 -1.000000e+00
    outer loop
      vertex   -5.436912e+01 1.711720e+01 -1.839000e+01
      vertex   -3.104595e+01 7.755576e+00 -1.839000e+01
      vertex   -5.531153e+01 1.377080e+01 -1.839000e+01
    endloop
  endfacet
  facet normal 0.000000e+00 -0.000000e+00 -1.000000e+00
    outer loop
      vertex   -5.531153e+01 1.377080e+01 -1.839000e+01
      vertex   -3.104595e+01 7.755576e+00 -1.839000e+01
      vertex   -5.604817e+01 1.037318e+01 -1.839000e+01
    endloop
  endfacet
  facet normal 0.000000e+00 0.000000e+00 -1.000000e+00
    outer loop
      vertex   -5.604817e+01 1.037318e+01 -1.839000e+01
      vertex   -3.104595e+01 7.755576e+00 -1.839000e+01
      vertex   -3.157480e+01 5.199236e+00 -1.839000e+01
    endloop
  endfacet
  facet normal 0.000000e+00 -0.000000e+00 -1.000000e+00
    outer loop
      vertex   -5.604817e+01 1.037318e+01 -1.839000e+01
      vertex   -3.157480e+01 5.199236e+00 -1.839000e+01
      vertex   -5.657631e+01 6.936966e+00 -1.839000e+01
    endloop
  endfacet
  facet normal 0.000000e+00 0.000000e+00 -1.000000e+00
    outer loop
      vertex   -5.657631e+01 6.936966e+00 -1.839000e+01
      vertex   -3.157480e+01 5.199236e+00 -1.839000e+01
      vertex   -3.189352e+01 2.608297e+00 -1.839000e+01
    endloop
  endfacet
  facet normal 0.000000e+00 -0.000000e+00 -1.000000e+00
    outer loop
      vertex   -5.657631e+01 6.936966e+00 -1.839000e+01
      vertex   -3.189352e+01 2.608297e+00 -1.839000e+01
      vertex   -5.689398e+01 3.474946e+00 -1.839000e+01
    endloop
  endfacet
  facet normal 0.000000e+00 0.000000e+00 -1.000000e+00
    outer loop
      vertex   -5.689398e+01 3.474946e+00 -1.839000e+01
      vertex   -3.189352e+01 2.608297e+00 -1.839000e+01
      vertex   -3.200000e+01 3.918870e-15 -1.839000e+01
    endloop
  endfacet
endsolid
